 ROA(C) before interest and depreciation before interest, ROA(A) before interest and % after tax, ROA(B) before interest and depreciation after tax, Operating Gross Margin, Realized Sales Gross Margin, Operating Profit Rate, Pre-tax net Interest Rate, After-tax net Interest Rate, Non-industry income and expenditure/revenue, Continuous interest rate (after tax), Operating Expense Rate, Cash flow rate over revenues
0.390922829,0.445704317,0.436158253,0.619949841,0.619949841,0.998993121,0.797011929,0.80896039,0.302814415,0.781180079,0.000398483,0.461020105
0.488519475,0.545137375,0.543283902,0.603612044,0.603612044,0.998960768,0.797413531,0.809338092,0.303583501,0.781598185,0.000168714,0.463142179
0.482474528,0.567542521,0.538197976,0.614025858,0.614025858,0.998978447,0.797534994,0.809459697,0.303758974,0.781629483,0.000318116,0.46481803
0.444401111,0.549716529,0.498956047,0.623711786,0.623711786,0.998975327,0.79744286,0.80938913,0.303604528,0.781373202,0.000476654,0.465490719
0.491151952,0.551569996,0.543390974,0.608130702,0.608137909,0.999044887,0.797428887,0.809344342,0.303434856,0.781609132,0.00015715,0.464100048
0.474040852,0.533307894,0.523689705,0.600577985,0.600577985,0.998967008,0.797368294,0.809299293,0.303491655,0.781550887,0.000113786,0.467198443
0.513820504,0.571085914,0.558755822,0.621773159,0.621773159,0.999096883,0.797506773,0.809395509,0.303461926,0.781652501,0.000323782,0.472093472
0.488909472,0.56023768,0.540285883,0.606523588,0.606523588,0.998996472,0.797877249,0.809761103,0.304319474,0.781933905,0.000179815,0.462196053
0.53595281,0.59043829,0.580919749,0.618450828,0.618450828,0.999118837,0.797588255,0.809460738,0.303558606,0.781726606,0.000248734,0.470061985
0.487398235,0.543720017,0.533647412,0.63625881,0.636251604,0.999041651,0.797443551,0.809340436,0.303467002,0.781598606,0.00061137,0.465163601
0.485253254,0.545573485,0.534664597,0.622176739,0.622256014,0.999065454,0.797521714,0.809405795,0.303553772,0.781654326,0.000363099,0.488241363
0.504558085,0.564489751,0.553027464,0.607446057,0.607446057,0.999029981,0.797465824,0.809370902,0.303530569,0.781629343,0.000160966,0.470644087
0.51201677,0.563672045,0.569034745,0.618933683,0.618933683,0.999058637,0.797444381,0.809367126,0.303432922,0.781624852,0.000316613,0.470652475
0.49485692,0.54813563,0.540446491,0.6095072,0.6095072,0.999052397,0.797413255,0.80932312,0.303391592,0.781595659,0.00017172,0.464264446
0.444986106,0.50365242,0.495529739,0.611762925,0.611806166,0.998925064,0.797046237,0.808992679,0.303016717,0.78124857,0.000335924,0.466873003
0.519280456,0.563617532,0.568606456,0.626544055,0.626544055,0.999099309,0.797512168,0.8094028,0.303466277,0.781672712,0.000398021,0.471058437
0.54740896,0.59305495,0.592483538,0.609737817,0.609737817,0.999111788,0.797571239,0.80944876,0.303543379,0.781699799,0.000115752,0.495880828
0.500853118,0.563944614,0.550564805,0.60202655,0.602293201,0.998982376,0.797502899,0.809400066,0.303694924,0.78163622,0.000125928,0.473888428
0.476088334,0.54448321,0.529685743,0.618868822,0.618868822,0.999014036,0.79738033,0.809307105,0.303414553,0.781538255,0.000360208,0.46320928
0.486374494,0.544755778,0.540500027,0.603475115,0.603475115,0.998943552,0.797414915,0.809338353,0.303621931,0.781598466,0.000183746,0.465754091
0.475162092,0.564544265,0.525028106,0.614278096,0.614278096,0.998973363,0.797519777,0.809443813,0.303743022,0.781551448,0.000327251,0.466757253
0.462925949,0.516354121,0.51710477,0.622702835,0.622529872,0.998997397,0.797245033,0.809190188,0.303212493,0.781472009,0.000435487,0.463940683
0.478915809,0.541321413,0.529310991,0.607042477,0.607006443,0.999017386,0.797403986,0.809317131,0.303448633,0.781569974,0.000166517,0.463568271
0.481060791,0.539467946,0.530863537,0.60088067,0.60088067,0.998975443,0.797387938,0.809315698,0.303508332,0.781572641,0.000110202,0.467552402
0.507824307,0.571631051,0.549226404,0.625326107,0.625326107,0.999135707,0.797541635,0.809413346,0.303441623,0.78163608,0.000342053,0.469151087
0.48915322,0.562690798,0.541517212,0.604411998,0.604411998,0.998970821,0.797896063,0.8097986,0.30440576,0.781950186,0.000171489,0.461857192
0.511188027,0.566888356,0.559077038,0.61817697,0.61817697,0.999077471,0.797521852,0.80940918,0.303528877,0.781676501,0.000285622,0.46673209
0.508848048,0.553423463,0.552920392,0.635718301,0.635718301,0.999062103,0.797481041,0.809365173,0.303489721,0.781655308,0.000582461,0.468025465
0.488958222,0.54900785,0.538947481,0.624317156,0.624288329,0.999098154,0.797546753,0.809430142,0.303528877,0.781683238,0.000362867,0.487182842
0.502120606,0.563508504,0.545853632,0.608865795,0.608865795,0.999048353,0.797465409,0.809363741,0.303491172,0.781610396,0.00016536,0.468696476
0.523082923,0.563344963,0.57235398,0.620944378,0.620944378,0.999101736,0.797474816,0.809371162,0.303395701,0.781642255,0.000305627,0.471281548
0.493345683,0.550534235,0.539804058,0.610206258,0.610206258,0.999022817,0.79742861,0.809341217,0.303480295,0.781601694,0.000212424,0.460268572
0.505630576,0.559747056,0.549172868,0.60456334,0.60456334,0.99903079,0.797414638,0.809331582,0.303439448,0.781582887,0.000114018,0.463714216
0.469555891,0.527202355,0.522511912,0.619402125,0.61952464,0.999045118,0.797269934,0.809203208,0.30315666,0.781507378,0.000339624,0.464326514
0.523716667,0.56154601,0.568178168,0.626414333,0.626414333,0.999133049,0.79752614,0.80939616,0.303420112,0.781671027,0.000362173,0.471050049
0.521912933,0.564871348,0.568178168,0.609290996,0.609240548,0.999097923,0.797498196,0.809386656,0.303444765,0.781644361,0.000121765,0.468896102
0.503193097,0.559692543,0.550671878,0.603590424,0.603071535,0.999001441,0.797512721,0.809397983,0.303671721,0.781659519,0.000119337,0.467102824
0.48223078,0.544319669,0.536431286,0.618083282,0.618083282,0.999003636,0.797388768,0.809315047,0.303450808,0.781574045,0.000358011,0.462571819
0.476478331,0.533416921,0.527811981,0.604635408,0.604635408,0.998959959,0.797393334,0.809313094,0.303550146,0.781571238,0.000185943,0.467257157
0.469165895,0.547863061,0.516141121,0.61047291,0.61047291,0.99898122,0.797447286,0.80936296,0.303599936,0.781508501,0.000258332,0.467738607
0.48227953,0.552932839,0.540125274,0.619048992,0.619020165,0.999049393,0.797417128,0.809357362,0.303404643,0.781598746,0.000327251,0.462227926
0.464193438,0.526766245,0.5150704,0.605932631,0.605874977,0.998981682,0.797349203,0.809271952,0.303427363,0.781527027,0.000183978,0.460946294
0.475893336,0.540558221,0.52877563,0.600736534,0.600736534,0.998974172,0.797399836,0.80932364,0.303531777,0.78157601,0.000109045,0.464433876
0.503534344,0.5539686,0.551474918,0.620396662,0.620396662,0.999079897,0.797471081,0.809367517,0.303435339,0.78164015,0.00031881,0.46920309
0.478330815,0.545900567,0.53027464,0.604102106,0.604102106,0.998996935,0.797609006,0.809525707,0.303849611,0.781771379,0.000140498,0.461714602
0.496368157,0.549062364,0.545532416,0.61242595,0.612397123,0.99903391,0.797430962,0.809338613,0.303461201,0.781597904,0.000236477,0.467585952
0.520060449,0.56972307,0.563092243,0.636784906,0.636784906,0.999083826,0.797521575,0.80940241,0.3035151,0.781668361,0.00057772,0.472212576
0.488811973,0.546391191,0.537769688,0.623985644,0.623906369,0.999043038,0.797556852,0.809427017,0.303661811,0.781682255,0.000412013,0.485862627
0.532394092,0.580680331,0.574281278,0.608865795,0.608865795,0.999072271,0.797506634,0.809394598,0.303513166,0.781671027,0.000141423,0.468478398
0.525032906,0.566397732,0.576369185,0.619330057,0.619330057,0.99906557,0.797491279,0.809392124,0.303500598,0.781660501,0.000316035,0.468595825
0.489543216,0.54726341,0.535895926,0.607539745,0.607539745,0.999009067,0.79741616,0.809328588,0.303487304,0.781589483,0.000183399,0.460344061
0.481938283,0.546990842,0.53611007,0.618811168,0.618767927,0.998938237,0.797437049,0.809360486,0.303671962,0.781626676,0.000434446,0.461971264
0.540145274,0.582315744,0.582579367,0.625599965,0.625599965,0.999143217,0.79760873,0.809465686,0.303543137,0.781733484,0.000338931,0.469864036
0.523034173,0.563126908,0.570159002,0.607164992,0.607150579,0.999074813,0.797493492,0.809384443,0.303484887,0.781663869,0.000111358,0.493434992
0.505923073,0.56345399,0.552010279,0.602869744,0.602711195,0.99897163,0.797586595,0.809451885,0.303863388,0.781717624,0.000143389,0.471826745
0.480622045,0.487080244,0.534611061,0.617867078,0.617867078,0.999021893,0.797242266,0.809177038,0.30315666,0.78158022,0.000336271,0.469852294
0.474674597,0.534779765,0.527811981,0.605291226,0.605291226,0.998967817,0.797391397,0.80931661,0.303530327,0.781574466,0.000188603,0.4702549
0.489348218,0.552060619,0.53991113,0.606213696,0.606213696,0.998957302,0.797473156,0.809389911,0.303694924,0.781643799,0.000213928,0.470748094
0.47769707,0.541703009,0.53230901,0.619863359,0.620057943,0.999013111,0.797393334,0.80932312,0.303438965,0.781582325,0.000380213,0.46189913
0.463169697,0.537232883,0.515016864,0.601550902,0.601608556,0.998944476,0.79739029,0.809314917,0.303576975,0.781538676,0.000152871,0.463492782
0.521620436,0.575937636,0.566893303,0.620454316,0.620454316,0.999115486,0.797534026,0.809418815,0.303470385,0.78167987,0.000284003,0.474951981
0.50514308,0.563126908,0.561432625,0.602783263,0.602783263,0.998981567,0.797889838,0.809784279,0.304372406,0.782308643,0.000134485,0.46834084
0.488616975,0.542956825,0.542213181,0.609672956,0.609687369,0.999004098,0.797407168,0.809329239,0.303481987,0.781590606,0.000222832,0.471841843
0.529859114,0.586022678,0.5799561,0.63760648,0.63760648,0.999098501,0.797548137,0.809442771,0.30353081,0.781709343,0.000576332,0.470897394
0.474187101,0.53281727,0.524064457,0.620526384,0.620382248,0.99902559,0.797426397,0.809322729,0.303470627,0.781576992,0.000372928,0.485916308
0.496806903,0.570704317,0.543551582,0.602848124,0.602848124,0.999004907,0.7974578,0.809366215,0.303568757,0.781603939,0.000112283,0.459290573
0.52688539,0.571522024,0.57181862,0.619575088,0.619567881,0.999092145,0.797536516,0.80941582,0.303523801,0.781672712,0.000293254,0.476042374
0.484278263,0.548190144,0.53557471,0.605183125,0.605183125,0.998973825,0.79742031,0.809347206,0.303568274,0.781613483,0.000180855,0.462820093
0.48340077,0.549607501,0.53760908,0.615928451,0.615921244,0.998878499,0.797508295,0.809426757,0.303921396,0.781685905,0.000448438,0.460843965
0.538439039,0.583296991,0.582579367,0.622919039,0.622919039,0.99912473,0.797580508,0.809451104,0.303532502,0.781720431,0.000314416,0.474440334
0.502705601,0.55527693,0.55334868,0.605752461,0.605658773,0.999042576,0.797466654,0.809371683,0.303505432,0.781633694,0.000119684,0.472068309
0.49602691,0.555494985,0.544889983,0.601089667,0.60090229,0.998949907,0.797558235,0.809436912,0.303859279,0.781703308,0.000136104,0.458341092
0.496124409,0.582806367,0.559933615,0.607323542,0.607323542,0.999057135,0.797662406,0.809631036,0.303817223,0.781820221,0.000131826,0.466062756
0.522741676,0.591419538,0.589271374,0.606120007,0.606120007,0.999064645,0.797605686,0.8095606,0.303702416,0.781837765,0.000104998,0.469666088
0.446302345,0.53150894,0.499544944,0.595771055,0.595771055,0.998894906,0.797323748,0.809286013,0.303564648,0.781419518,0.000108814,0.463549818
0.503241847,0.549171391,0.559505327,0.603893109,0.603893109,0.999001672,0.797421278,0.809345644,0.303511716,0.781612501,0.000132404,0.463967523
0.501194365,0.541375927,0.545157664,0.60146442,0.60146442,0.998978909,0.797406476,0.809324682,0.303533469,0.781579097,0.000116099,0.472335036
0.479452055,0.551951592,0.535253493,0.600368988,0.600448262,0.998968625,0.797460567,0.809400978,0.303649484,0.781632992,0.000110086,0.462266509
0.484229513,0.546609246,0.53557471,0.605406535,0.605406535,0.999007218,0.797439124,0.809350721,0.303531052,0.781603238,0.000151021,0.463145534
0.384926632,0.410488443,0.429573318,0.586265296,0.586265296,0.998684264,0.796819774,0.808779546,0.303124756,0.780972078,0.000167095,0.456811186
0.479354556,0.532272133,0.531452433,0.606682137,0.606746998,0.998995317,0.797362069,0.809283149,0.303421804,0.781501343,0.000184556,0.466037593
0.517184225,0.551788051,0.571176187,0.606307384,0.606307384,0.999007449,0.797445073,0.809357231,0.303541203,0.781610396,0.000165245,0.473202318
0.492663189,0.550534235,0.542427325,0.604022831,0.604022831,0.998968279,0.79745282,0.809740012,0.303636433,0.781617273,0.000167789,0.476869396
0.500073124,0.607882686,0.547459714,0.613312386,0.613312386,0.999125192,0.798036755,0.809861746,0.304328658,0.781761554,0.000159925,0.545963447
0.504753083,0.581879634,0.576101504,0.605132677,0.605132677,0.999040265,0.797559342,0.809564115,0.303672204,0.781841273,0.000113439,0.46380648
0.527616633,0.594526821,0.589164302,0.602869744,0.602869744,0.998972207,0.797711378,0.809725429,0.304080192,0.781922396,0.000145471,0.458175017
0.524204163,0.579317488,0.573745918,0.605644359,0.605644359,0.999035758,0.797466377,0.809373506,0.303519209,0.781635097,0.000126275,0.463519623
0.506508068,0.563835587,0.555008298,0.611914268,0.611914268,0.999104856,0.797526971,0.809414258,0.303480537,0.78168801,0.000157728,0.465915134
0.530736606,0.597252508,0.581133894,0.610422462,0.610422462,0.999072618,0.797527247,0.809428059,0.303548454,0.781679448,0.000166054,0.46405811
0.470287135,0.527802006,0.523314953,0.600376195,0.600340161,0.998964466,0.797368986,0.809296429,0.303498181,0.781555659,0.000112514,0.458849383
0.50855555,0.563726559,0.564858932,0.603532769,0.603532769,0.999005485,0.797481595,0.809400978,0.303609121,0.781663168,0.00012269,0.462009847
0.493248184,0.550370693,0.542695005,0.605572291,0.605572291,0.999038069,0.79746112,0.809363741,0.30350519,0.781635519,0.000122806,0.467976817
0.479890801,0.535433929,0.533861556,0.598142089,0.598142089,0.998908194,0.797385172,0.809311662,0.303644167,0.78158415,0.00013356,0.461635758
0.546677717,0.599978195,0.600299802,0.612858358,0.612908805,0.999101967,0.797636536,0.809525186,0.303678005,0.781807449,0.000176577,0.475413301
0.520742943,0.562200174,0.577546978,0.606386659,0.606386659,0.999001325,0.797483255,0.809400196,0.303620722,0.781663729,0.000172761,0.473485821
0.480622045,0.543556476,0.532469618,0.603900316,0.603900316,0.998990117,0.79742363,0.809385354,0.303539995,0.781597483,0.000143967,0.46760776
0.485350753,0.54230266,0.541142459,0.600426642,0.600426642,0.998958919,0.797440923,0.809374417,0.303635466,0.781569413,0.000119452,0.502562425
0.488811973,0.543501962,0.536217142,0.60355439,0.603547183,0.999019004,0.797421832,0.8093364,0.30347667,0.781599448,0.000109392,0.466599566
0.517184225,0.576155691,0.565394293,0.604015624,0.603986797,0.99902871,0.797489204,0.809390562,0.303574074,0.781652501,0.000106848,0.460907711
0.5200117,0.58008068,0.566893303,0.609881953,0.609881953,0.999098732,0.797600706,0.80947532,0.303622172,0.781745273,0.000131247,0.467740285
0.529566616,0.58356956,0.575030783,0.609233342,0.609233342,0.999080937,0.797501516,0.809396811,0.303486096,0.781660922,0.000138533,0.463709184
0.480378297,0.5468273,0.533647412,0.600750948,0.600758154,0.998974865,0.797408136,0.809332103,0.303544829,0.781586817,0.000108698,0.464700603
0.507970555,0.563072394,0.565073077,0.602927399,0.602927399,0.998989886,0.797493354,0.809414648,0.303662294,0.781698536,0.000128703,0.477085797
0.49831814,0.562363716,0.549601156,0.605046196,0.605046196,0.999027323,0.797506773,0.809410482,0.303607187,0.781672571,0.000125003,0.471722738
0.460244723,0.509430877,0.507575352,0.595605298,0.595605298,0.998835862,0.797237701,0.809137458,0.303537819,0.781416851,0.00016536,0.464752606
0.521084191,0.586240733,0.573799454,0.612743049,0.61262774,0.999094687,0.797608453,0.809502271,0.303643925,0.781734326,0.000179237,0.470677638
0.520694194,0.539467946,0.56828524,0.605435362,0.605435362,0.998996588,0.797395962,0.809325073,0.30347812,0.781639729,0.000162122,0.467476913
0.483985765,0.546936328,0.535521174,0.604102106,0.604102106,0.999004445,0.797430962,0.809347467,0.303522834,0.781606325,0.000132866,0.472111925
0.492955687,0.551733537,0.542213181,0.604383171,0.604419205,0.999030097,0.797444658,0.809352154,0.303493105,0.781613343,0.000112167,0.464225862
0.514551748,0.578881378,0.566732694,0.608116289,0.608116289,0.999054477,0.797537761,0.809439776,0.303604528,0.781707519,0.000147205,0.468879327
0.519036708,0.57964457,0.570640827,0.606682137,0.606624483,0.999035643,0.797490449,0.809398374,0.303561506,0.781663729,0.000142233,0.466695185
0.501925608,0.562690798,0.548851652,0.602386889,0.602372476,0.999009067,0.797441753,0.809351242,0.303531777,0.781611518,0.000100488,0.464338257
0.496319407,0.554132141,0.546388993,0.600851843,0.600851843,0.998980065,0.797534856,0.809452536,0.303755348,0.781702606,0.000104998,0.464128566
0.479452055,0.527202355,0.536913111,0.603619251,0.603619251,0.998957417,0.797341871,0.809288878,0.303465552,0.781527027,0.000172183,0.480086896
0.46970214,0.539467946,0.524117993,0.609060379,0.609060379,0.998968741,0.797414085,0.809348899,0.303568032,0.781604782,0.000248156,0.461318705
0.438794911,0.494984736,0.495636811,0.585119417,0.585119417,0.998607771,0.797080546,0.809069365,0.303740363,0.781297272,0.000225376,0.462934165
0.464973431,0.55892935,0.517854275,0.599655515,0.599655515,0.998964812,0.797685509,0.809599529,0.304050463,0.781486887,0.000101182,0.460293735
0.49368693,0.55849324,0.560308368,0.602574266,0.602574266,0.99899497,0.797415468,0.809379235,0.303515825,0.781636361,0.000117834,0.461835384
0.46975089,0.52333188,0.52850795,0.602905778,0.602905778,0.998975789,0.797318353,0.809266744,0.303385791,0.781534045,0.000142233,0.462207795
0.488178228,0.538704754,0.542641469,0.602523818,0.602523818,0.998967123,0.797390152,0.809315438,0.303529602,0.781571799,0.000144893,0.462024945
0.528445376,0.571740078,0.578296483,0.61220254,0.61220254,0.999139751,0.797565706,0.80944902,0.303475219,0.781738677,0.000127431,0.474836231
0.4970994,0.556803314,0.549333476,0.603547183,0.603583217,0.99900872,0.797428057,0.809345383,0.303508816,0.781603518,0.000120262,0.464024559
0.517866719,0.568578282,0.568445848,0.61013419,0.610184638,0.999103238,0.797512721,0.809409961,0.303459026,0.781673133,0.000131594,0.468966558
0.491151952,0.552932839,0.541356604,0.608224391,0.608224391,0.999077933,0.797575805,0.809455921,0.303622172,0.781689133,0.00012535,0.465093145
0.501486862,0.55614915,0.556507308,0.609427925,0.609384684,0.999034718,0.797416436,0.809337962,0.303434131,0.781597764,0.000187331,0.459257023
0.52683664,0.5781727,0.580652069,0.605493017,0.605493017,0.99902975,0.797448808,0.809364262,0.303501081,0.781626817,0.00012986,0.463712539
0.524691659,0.582479285,0.569409497,0.611726891,0.611705271,0.999095381,0.797530982,0.809413607,0.303507365,0.781679448,0.000163857,0.46146465
0.524691659,0.572721326,0.567696343,0.608736073,0.608736073,0.99905933,0.797490864,0.80938965,0.303512683,0.781653764,0.000152293,0.471400653
0.486033247,0.537723506,0.5340757,0.597897058,0.597897058,0.998936388,0.797389598,0.809315829,0.303592927,0.781575167,0.000101413,0.462083658
0.434456199,0.481247274,0.498741903,0.596325978,0.596325978,0.998790914,0.797011791,0.809041242,0.303237146,0.781290816,0.000221791,0.473116764
0.43884366,0.538704754,0.490657958,0.602617507,0.60258868,0.998820956,0.797381575,0.809339524,0.303820607,0.781328991,0.000292213,0.460872483
0.446156096,0.548789795,0.497296429,0.593998184,0.594308076,0.998860242,0.797445903,0.809370902,0.303850578,0.781382886,0.000120031,0.459305671
0.462243455,0.516735717,0.514320895,0.599100592,0.599100592,0.998952449,0.797021336,0.808966118,0.302915928,0.781404641,0.000104651,0.461578722
0.495441915,0.546064108,0.54954762,0.600693293,0.600693293,0.998974981,0.797413116,0.809333275,0.303553288,0.781588361,0.000107658,0.467949976
0.547993955,0.603139991,0.592697682,0.614443852,0.614443852,0.999173491,0.797714145,0.80956099,0.303663986,0.781841414,0.000129629,0.475537438
0.50056062,0.54857174,0.551207238,0.603965177,0.603965177,0.999013111,0.797426259,0.809335358,0.303496489,0.781593834,0.000121997,0.466636471
0.494369424,0.542139119,0.549119332,0.603467908,0.603467908,0.998970705,0.797395132,0.809318953,0.30353081,0.781575589,0.000156341,0.471177541
0.510505533,0.560074139,0.562075058,0.608354113,0.608354113,0.999065916,0.797525034,0.809421158,0.303558606,0.781680712,0.000139573,0.478775069
0.494710671,0.545900567,0.549172868,0.607842431,0.607842431,0.999007103,0.797390428,0.809314006,0.303446457,0.781573203,0.000190338,0.464217475
0.506410569,0.566888356,0.555061834,0.605240779,0.605240779,0.999036105,0.797489757,0.809390432,0.303559331,0.781639308,0.000119452,0.479952694
0.494271925,0.542248147,0.542213181,0.604145347,0.604145347,0.999025821,0.797399006,0.809307236,0.303422287,0.781585834,0.000112052,0.463626985
0.506946814,0.557075883,0.561164945,0.608433388,0.608527076,0.999063028,0.797486298,0.809397462,0.303496972,0.781673413,0.000145239,0.467151472
0.481694535,0.515808984,0.535414101,0.606134421,0.606134421,0.999052628,0.797246831,0.80917847,0.303100344,0.78162022,0.000117255,0.464073207
0.473992103,0.522405146,0.531827186,0.599677136,0.599677136,0.998960075,0.797308808,0.80925763,0.303401985,0.781512571,0.00010627,0.46570712
0.466777166,0.520769734,0.527330157,0.603626458,0.603676905,0.998943552,0.797254993,0.809216097,0.303342527,0.781461764,0.000186984,0.462919068
0.521961683,0.569559529,0.5720863,0.604685856,0.604685856,0.999016115,0.797445626,0.809355539,0.303524043,0.781617133,0.000130554,0.466849517
0.50402184,0.565743567,0.557631565,0.608873002,0.608873002,0.99905309,0.797471634,0.809384573,0.303492138,0.781664291,0.00016085,0.461957844
0.50967679,0.566234191,0.559398255,0.607028063,0.607028063,0.99904662,0.797460982,0.809379625,0.303487063,0.78164001,0.000137723,0.460396065
0.474089602,0.514228085,0.529257455,0.605226365,0.605226365,0.998976714,0.797250013,0.809196047,0.3032647,0.78147215,0.000178658,0.485344271
0.45941598,0.534016572,0.511376412,0.61107828,0.610948558,0.998936619,0.797392365,0.809318433,0.303597519,0.781493343,0.0003106,0.459624401
0.465412178,0.545627998,0.518121955,0.600844636,0.600844636,0.998930033,0.797710825,0.809623745,0.304167445,0.781510045,0.000155069,0.461922616
0.478038317,0.527147841,0.530810001,0.599338417,0.599338417,0.998957186,0.797348926,0.809273905,0.303478362,0.781526746,0.00010361,0.465938619
0.492321942,0.534943306,0.544889983,0.602804883,0.602804883,0.999012533,0.797389598,0.809308538,0.303433647,0.781579799,0.000103957,0.466410005
0.493491932,0.538922809,0.548798116,0.602898572,0.602898572,0.998969434,0.797401219,0.809326765,0.303544345,0.781585694,0.000148593,0.46437684
0.473358358,0.517607937,0.529471599,0.596758385,0.596758385,0.998867637,0.797278649,0.809228076,0.303542895,0.781479588,0.000151946,0.469396006
0.536245308,0.593327519,0.595749237,0.609211721,0.609211721,0.999053322,0.797528492,0.809446547,0.303590993,0.781718887,0.000165938,0.479254842
0.477843319,0.543065853,0.530970609,0.601550902,0.601385145,0.998981682,0.797424737,0.809346555,0.303559572,0.781593834,0.000112052,0.464339934
0.495441915,0.551406454,0.546442529,0.606977616,0.606638896,0.999052975,0.797425152,0.809337572,0.303411169,0.781616431,0.000125003,0.463013009
0.479939551,0.539249891,0.535092885,0.603878695,0.603878695,0.998976714,0.79741284,0.809344732,0.303549179,0.781589483,0.000157034,0.463125404
0.465363428,0.530255124,0.518229027,0.603042707,0.603042707,0.998974981,0.797354875,0.809285753,0.303451291,0.781519869,0.000145355,0.465572918
0.488665724,0.532599215,0.54317683,0.599871719,0.599871719,0.998955453,0.797382405,0.809307887,0.303540478,0.781565203,0.000114018,0.467671506
0.455467265,0.499781945,0.507628888,0.603547183,0.603424667,0.998934655,0.79712025,0.809065459,0.303125965,0.781299237,0.000191841,0.462325222
0.505630576,0.555658526,0.555543659,0.605860563,0.605860563,0.999026977,0.797428195,0.809341217,0.303470869,0.78160029,0.000138533,0.463876936
0.446692341,0.511066289,0.498206542,0.59376036,0.59376036,0.99885458,0.797118036,0.809095404,0.303289595,0.781334044,0.000116908,0.463974233
0.489055721,0.554241169,0.539161625,0.6075974,0.606963202,0.999010454,0.797447286,0.809353976,0.303538786,0.781611378,0.000172761,0.461783381
0.587871106,0.622110772,0.621714225,0.628662852,0.628662852,0.999345541,0.797851517,0.809656946,0.303544345,0.781941625,0.000185712,0.486025347
0.485886998,0.538922809,0.534878741,0.604073279,0.604073279,0.998978331,0.797384341,0.809313355,0.303495764,0.781571518,0.000158538,0.461266702
0.497489397,0.555549498,0.548369827,0.598552876,0.598552876,0.998946094,0.797547307,0.809464254,0.303848161,0.781729975,0.000102223,0.463861839
0.484375762,0.531617968,0.536966647,0.608274838,0.608274838,0.999057019,0.797394855,0.809310881,0.303349778,0.781564922,0.000147205,0.478364074
0.461463462,0.532108591,0.513678462,0.609449545,0.609492786,0.998953835,0.797380883,0.809307626,0.303541203,0.781538676,0.000270011,0.460993265
0.453371033,0.51531836,0.503881364,0.596498941,0.596498941,0.998897102,0.797294974,0.809222477,0.303509782,0.781429764,0.000118296,0.464289609
0.46516843,0.54143044,0.515819905,0.600455469,0.600455469,0.998895484,0.797658532,0.809564636,0.304148351,0.781478185,0.000183399,0.460820479
0.489981963,0.559692543,0.543390974,0.602949019,0.602949019,0.999013804,0.797496812,0.809410352,0.303618305,0.781631308,0.000105114,0.468043918
0.48115829,0.525294374,0.532844371,0.598877182,0.598877182,0.998949098,0.7973528,0.809273645,0.30350229,0.781540501,0.00010442,0.464217475
0.494613172,0.539849542,0.547406178,0.601377939,0.601377939,0.998993584,0.797405231,0.809324031,0.303500598,0.781592852,0.000100026,0.46537497
0.43313996,0.477703881,0.488944804,0.59452428,0.59452428,0.998839906,0.797117206,0.80908564,0.303318599,0.781319026,0.000143736,0.469758352
0.475844586,0.517825992,0.529418063,0.597680854,0.597680854,0.998887858,0.797292345,0.8092243,0.303524526,0.781475518,0.000146396,0.474634928
0.520840443,0.57642826,0.578403555,0.605795702,0.605795702,0.999008836,0.797500409,0.809418945,0.303634982,0.781684922,0.000155647,0.476622799
0.472773363,0.538541212,0.526045292,0.599720376,0.599900546,0.998959151,0.797406614,0.809331843,0.303575041,0.781578957,0.00011078,0.46156698
0.501291864,0.564544265,0.552224423,0.605363294,0.605320054,0.999051588,0.797463887,0.809373506,0.303481745,0.781638606,0.000105345,0.466227154
0.474918344,0.53368949,0.529739279,0.601976102,0.601976102,0.99896227,0.797381021,0.809314787,0.303523559,0.781567448,0.000140961,0.462868742
0.470335885,0.536687745,0.524546282,0.602105825,0.602105825,0.99899185,0.797409796,0.809344472,0.303512199,0.781581483,0.000113324,0.463529688
0.468629649,0.509976014,0.522886664,0.596909728,0.596909728,0.998904266,0.797300507,0.809236408,0.303504465,0.781486185,0.000117834,0.461196246
0.388192853,0.416648495,0.424808609,0.596160221,0.595900777,0.998796922,0.796771632,0.808693225,0.30280523,0.780905973,0.000208955,0.460166243
0.512748013,0.561655037,0.558862894,0.605197538,0.605197538,0.999029865,0.797442306,0.809349029,0.30348948,0.781609834,0.000124887,0.46527935
0.440549895,0.497492368,0.467102093,0.593954943,0.593954943,0.998856545,0.797233135,0.808984216,0.303486579,0.781057692,0.000118065,0.461447875
0.485984498,0.551024858,0.53611007,0.605219159,0.60510385,0.99900976,0.797447425,0.809355669,0.303540478,0.781614185,0.000143621,0.464755962
0.599132258,0.638246838,0.637239681,0.628396201,0.628396201,0.999357673,0.797842525,0.809670226,0.303503015,0.781955519,0.000169292,0.488555061
0.489250719,0.542793284,0.536966647,0.603143603,0.603143603,0.998988384,0.797402741,0.809324161,0.303507124,0.781583168,0.00013356,0.461642468
0.517476722,0.580353249,0.571122651,0.597846611,0.597846611,0.998927606,0.797714284,0.809621402,0.304178563,0.781902467,0.000109392,0.466530787
0.48003705,0.528783253,0.53000696,0.607258681,0.607258681,0.999018426,0.79739278,0.809294216,0.30342688,0.781551027,0.000169523,0.485961601
0.459757227,0.527583951,0.511751164,0.597457444,0.597457444,0.998930264,0.797339381,0.809268827,0.303518,0.781521132,0.000100488,0.462434262
0.430507483,0.506378107,0.481503292,0.60705689,0.60705689,0.998870295,0.797146811,0.809102305,0.303306997,0.781257693,0.000314531,0.461416002
0.466045922,0.539904056,0.51940682,0.604102106,0.604102106,0.998892826,0.797544955,0.809478705,0.303955475,0.781598887,0.000244456,0.461147597
0.432116219,0.492368077,0.475882007,0.600686087,0.600686087,0.998922869,0.797206159,0.809117798,0.303300713,0.781347097,0.000159694,0.459340899
0.5029006,0.547045355,0.559130574,0.602509405,0.602509405,0.998984918,0.797423077,0.809347336,0.303549904,0.781605624,0.000126738,0.465440393
0.506751816,0.563399477,0.563359923,0.604599374,0.604599374,0.998995086,0.797593374,0.809507609,0.303826166,0.781806747,0.000150212,0.480658933
0.50056062,0.549662015,0.553134536,0.603222877,0.603222877,0.998966661,0.797443413,0.809356711,0.303623623,0.78162022,0.000156572,0.46731587
0.499341881,0.558002617,0.548155683,0.605810115,0.606083974,0.999043153,0.797477306,0.809377542,0.303522834,0.781643238,0.000125928,0.471752934
0.462048457,0.517553423,0.513785535,0.602314821,0.602314821,0.998931997,0.797294282,0.809222998,0.303435581,0.781465553,0.000176808,0.461556914
0.453809779,0.482119494,0.504416725,0.600736534,0.600736534,0.998959959,0.796923806,0.808870423,0.302729578,0.781403518,0.000123269,0.462382258
0.470725881,0.507740951,0.523796777,0.594971101,0.594971101,0.998887511,0.797297602,0.809229247,0.303534436,0.78148422,0.000103263,0.475921592
0.538829035,0.604611862,0.593714867,0.600952738,0.600952738,0.99898538,0.797574283,0.809477924,0.303813115,0.781759028,0.000101529,0.461798478
0.418563838,0.391463149,0.440173457,0.584132086,0.583879848,0.99862649,0.79677343,0.808608727,0.303164395,0.781011236,0.000186522,0.461895775
0.524691659,0.575719581,0.568124632,0.605954251,0.605954251,0.999041074,0.797454342,0.809358533,0.303487063,0.781619659,0.000125928,0.462248056
0.442353629,0.533798517,0.489640773,0.595432335,0.595432335,0.998574841,0.797463196,0.809317261,0.304477787,0.780640288,0.000423692,0.459869321
0.478038317,0.559147405,0.528026126,0.603842661,0.603878695,0.999006872,0.79745946,0.809371162,0.303567307,0.781585553,0.000126738,0.46025683
0.552673914,0.60123201,0.600995771,0.624785598,0.624785598,0.999271359,0.797725627,0.809604997,0.303479328,0.781885765,0.000197738,0.483915016
0.461999708,0.519679459,0.512928958,0.598985284,0.598985284,0.998925642,0.79733191,0.809270259,0.303514616,0.781525062,0.000129629,0.4624762
0.509335543,0.572666812,0.562931634,0.599446518,0.599446518,0.998953489,0.797681635,0.809591847,0.304067382,0.781877203,0.000109161,0.467627891
0.46633842,0.519952028,0.516355265,0.606955995,0.606955995,0.998999245,0.797313926,0.80922417,0.303328992,0.781477062,0.000183862,0.483312784
0.457417248,0.523877017,0.509181434,0.606494761,0.606494761,0.998858162,0.797175724,0.808974451,0.30338289,0.781377834,0.000317653,0.459260378
0.407058938,0.461731356,0.453985759,0.61143862,0.61143862,0.998752783,0.79684011,0.808799466,0.303016958,0.781051657,0.000502441,0.458755441
0.48003705,0.546227649,0.535092885,0.612072817,0.612072817,0.998913856,0.797692564,0.809626479,0.30416962,0.781998326,0.000351419,0.462964361
0.483742017,0.526820759,0.538412121,0.599410484,0.599410484,0.998958573,0.797354598,0.80928367,0.303485371,0.781561834,0.000103495,0.473762613
0.400526495,0.411415177,0.446704856,0.595698987,0.595698987,0.998897102,0.796734971,0.808699735,0.302531385,0.781127166,0.00010546,0.46392894
0.364841808,0.318414741,0.393115263,0.49424898,0.49424898,0.996804195,0.789247985,0.801096991,0.293828533,0.776306944,0.000572169,0.464053077
0.492955687,0.536088094,0.548209219,0.604044451,0.604044451,0.998995548,0.797392642,0.809318693,0.303474253,0.781581764,0.000140845,0.466901521
0.474138351,0.530800262,0.527544301,0.602646334,0.602646334,0.998977292,0.797380606,0.809307366,0.303491655,0.781571238,0.000136682,0.47797321
0.478915809,0.420955081,0.525563467,0.598733046,0.598733046,0.998877459,0.796933352,0.80888136,0.302919312,0.781541904,0.000173917,0.470335422
0.496953152,0.558111644,0.546121313,0.60566598,0.605139884,0.999029865,0.797467069,0.809371553,0.303532744,0.781637483,0.000124078,0.461832029
0.476088334,0.532980811,0.529203919,0.602105825,0.602105825,0.99895164,0.797385725,0.809309839,0.303554255,0.781569553,0.000153681,0.460862417
0.460195973,0.512265591,0.512018845,0.59933121,0.59933121,0.998936966,0.797218748,0.809153342,0.30329322,0.781486325,0.000123847,0.461174438
0.528104129,0.59583515,0.579313668,0.603417461,0.603417461,0.99900664,0.797580093,0.80947506,0.303778793,0.781743589,0.000119568,0.476590926
0.419100083,0.467291758,0.466513197,0.591944248,0.592182072,0.998781901,0.79705523,0.808998407,0.303331892,0.781214044,0.000164319,0.460414517
0.528981621,0.582533799,0.572782269,0.607525332,0.607525332,0.999060486,0.797470528,0.809371944,0.303474736,0.781634817,0.00013171,0.468332453
0.446009847,0.505233319,0.490550886,0.591043399,0.591043399,0.998703676,0.796845782,0.808885006,0.30312959,0.780876639,0.00022445,0.449003967
0.493248184,0.554186655,0.539482842,0.603748973,0.603698525,0.999013573,0.797456832,0.809355148,0.303548938,0.781617273,0.000117255,0.462323545
0.537025301,0.562799826,0.568178168,0.621499301,0.621499301,0.999197293,0.797628236,0.809446417,0.303464101,0.78171608,0.000219016,0.480523053
0.451518549,0.508177061,0.505219766,0.600851843,0.600851843,0.998918131,0.797271594,0.809226774,0.303424704,0.781491518,0.000167095,0.46493378
0.511919271,0.578935892,0.56651855,0.601089667,0.601089667,0.998984918,0.797697268,0.809607861,0.304028952,0.781890256,0.000104073,0.471952559
0.472285867,0.536088094,0.525563467,0.605918217,0.605918217,0.998898373,0.797434144,0.809358533,0.303750273,0.781558185,0.000268161,0.469275224
0.465363428,0.535542957,0.517907811,0.611777339,0.611777339,0.998747468,0.797494322,0.80941582,0.304171071,0.781650536,0.000513195,0.458913129
0.467605908,0.536960314,0.518229027,0.617384223,0.617384223,0.998854003,0.797436358,0.809357752,0.303846952,0.781557203,0.000496543,0.465465556
0.469945888,0.536197122,0.521227046,0.616130241,0.616130241,0.998917322,0.797513828,0.809425064,0.303849853,0.781676641,0.000412938,0.46274796
0.467020914,0.533744003,0.519192676,0.60052033,0.60052033,0.998950138,0.79741201,0.809331973,0.30360332,0.781588641,0.000129744,0.469367488
0.487300736,0.540830789,0.54167782,0.603518356,0.603518356,0.998973594,0.797411318,0.809334968,0.303553047,0.781586115,0.00015449,0.464875066
0.461414713,0.50174444,0.507950104,0.59802678,0.59802678,0.998893289,0.797219025,0.809148134,0.303385066,0.781454606,0.000146627,0.466678409
0.4799883,0.540340166,0.535788854,0.602855331,0.602855331,0.998939623,0.797408551,0.809341217,0.303619272,0.781598325,0.000177733,0.461494846
0.471457125,0.544537724,0.52117351,0.603813834,0.603684112,0.99902559,0.797420448,0.809335879,0.303460234,0.781568992,0.000104998,0.463737702
0.461170965,0.522296119,0.513250174,0.601183355,0.601197769,0.998942627,0.797321535,0.809251511,0.303461201,0.781504571,0.000148246,0.461167728
0.452932287,0.494657654,0.494833771,0.589493939,0.589493939,0.998731869,0.797155803,0.809090848,0.303612263,0.781331658,0.000171258,0.462669116
0.529225369,0.5781727,0.568392312,0.608555903,0.608555903,0.999073773,0.797486298,0.809379755,0.303474494,0.781645483,0.000135063,0.463445812
0.495149417,0.557184911,0.539696986,0.594207181,0.594207181,0.998434797,0.799953324,0.811018289,0.309121306,0.7834264,0.000544185,0.456242504
0.494028177,0.55614915,0.539696986,0.603273325,0.603021087,0.999016115,0.797447563,0.809353456,0.303527426,0.781612641,0.000103842,0.460728215
0.512065519,0.550261666,0.55511537,0.619178714,0.619178714,0.999109478,0.797512721,0.809399806,0.303445974,0.781665554,0.000269664,0.474421882
0.486228246,0.551733537,0.53787676,0.600239265,0.600239265,0.998964812,0.797505943,0.809425455,0.303736738,0.781680431,0.000110548,0.475559246
0.483205772,0.532435674,0.526848332,0.606516381,0.606516381,0.998961577,0.797493769,0.809328067,0.303722477,0.781587238,0.000214506,0.469905975
0.448252328,0.514827737,0.498045934,0.612180919,0.612180919,0.998695587,0.796429377,0.808412129,0.302418995,0.780594674,0.000571591,0.463519623
0.479062058,0.537505451,0.531131217,0.617204053,0.617204053,0.998841986,0.797439263,0.809363871,0.303877165,0.781700501,0.000505678,0.459802219
0.469604641,0.533089839,0.520959366,0.60739561,0.60739561,0.998762605,0.797394164,0.809324031,0.303964418,0.781636641,0.000427739,0.462385614
0.450056062,0.497819451,0.497778254,0.596650283,0.596650283,0.998843834,0.797205052,0.809156988,0.30346386,0.781398325,0.000173917,0.462909002
0.428460001,0.475795901,0.470742545,0.594106286,0.594106286,0.998814139,0.796994775,0.808924976,0.303158836,0.781149623,0.000162932,0.527200289
0.456101009,0.50670519,0.502382355,0.599187074,0.599187074,0.99886186,0.7972644,0.809196307,0.303530327,0.781446465,0.000196813,0.462492975
0.453127285,0.514991278,0.501954066,0.601168942,0.601255423,0.998986535,0.797324163,0.809255287,0.303373706,0.781509343,0.000105114,0.464346645
0.442061132,0.504579154,0.494084266,0.598163709,0.598156503,0.998861398,0.797111811,0.80909254,0.303264458,0.781331518,0.000180624,0.460037073
0.461317213,0.470017444,0.511376412,0.599324003,0.599324003,0.998952564,0.796846889,0.808805064,0.302610662,0.781494044,0.00010812,0.456492455
0.393847804,0.426897078,0.429626854,0.595100823,0.594783724,0.99881957,0.796720031,0.808672784,0.302667462,0.780901903,0.000168367,0.458918162
0.509384293,0.556912342,0.551260774,0.605903804,0.605903804,0.999032292,0.797440369,0.809344342,0.30348102,0.781615027,0.000133791,0.470202897
0.388046605,0.461458788,0.458108036,0.596289944,0.596289944,0.998682299,0.795878367,0.808276203,0.301484104,0.780657691,0.000329911,0.30665224
0.527275386,0.569014392,0.572193372,0.619027371,0.619027371,0.999126925,0.797577741,0.809466076,0.303523076,0.781736291,0.00024989,0.4797581
0.491931946,0.548844309,0.542320253,0.606357832,0.606357832,0.999051819,0.797459322,0.80936309,0.303473286,0.781605764,0.00012165,0.465655117
0.479500804,0.565361971,0.530488784,0.60629297,0.606336211,0.999017733,0.797565983,0.809465556,0.303730937,0.781587238,0.000155415,0.464019526
0.464632184,0.514664195,0.513464318,0.605622739,0.605629946,0.9989506,0.797164103,0.809070927,0.303169229,0.781351027,0.000211268,0.464193989
0.497830644,0.564380724,0.548905188,0.611597169,0.611546722,0.999075044,0.797579125,0.809471154,0.303634257,0.781725484,0.000181781,0.469094051
0.484668259,0.530473179,0.539215161,0.605543464,0.605543464,0.998971861,0.797344638,0.809273905,0.303440173,0.781528009,0.000188719,0.464128566
0.512553015,0.570322721,0.56068312,0.605449776,0.605449776,0.999054708,0.797465962,0.80936934,0.303478845,0.781632431,0.000104304,0.461353933
0.477502072,0.543447449,0.528936239,0.603258911,0.60317243,0.998857353,0.79738697,0.809337962,0.303753415,0.781577553,0.000265039,0.45967305
0.514015502,0.559529001,0.567482199,0.606307384,0.606307384,0.999034372,0.797454618,0.809367257,0.303501565,0.781630466,0.000138301,0.463821578
0.524984156,0.562254688,0.579849028,0.610119777,0.609456752,0.999067649,0.797492247,0.809400066,0.303497697,0.781664712,0.000155415,0.462981136
0.535172817,0.560946358,0.574763103,0.605341674,0.605341674,0.999019813,0.797469006,0.809374938,0.303557397,0.781621203,0.000137492,0.468360971
0.532247843,0.580898386,0.584613737,0.612937632,0.612930426,0.999119761,0.797600568,0.809487949,0.303577941,0.78175608,0.000159,0.4644993
0.505630576,0.564980375,0.551849671,0.61049453,0.610458496,0.999075738,0.797530429,0.809415299,0.303547729,0.781680712,0.00016351,0.465911779
0.685077756,0.716365024,0.70255367,0.62219836,0.62219836,0.9993274,0.797820252,0.809622574,0.303527426,0.78189587,0.000100026,0.448066229
0.499926876,0.565470999,0.551903207,0.608599144,0.608620764,0.999032985,0.797449223,0.809363871,0.303495039,0.781625413,0.000176808,0.460174631
0.50168186,0.563126908,0.551689063,0.615560905,0.615560905,0.999063605,0.797517702,0.809414388,0.30355063,0.781677764,0.000257522,0.457307734
0.528786623,0.586513301,0.575726752,0.610862076,0.610415255,0.999121726,0.797578433,0.809460217,0.303535402,0.781729835,0.000116793,0.462759702
0.63315946,0.67722416,0.664650142,0.614054685,0.614054685,0.9991691,0.797627129,0.809490553,0.303521142,0.781756922,0.000127894,0.464373485
0.499000634,0.565361971,0.55864875,0.611344931,0.611150348,0.999062912,0.797457939,0.809375199,0.303447424,0.781657554,0.000187447,0.463330062
0.527324136,0.58226123,0.578296483,0.617002263,0.617002263,0.999080706,0.797505113,0.809407227,0.303493105,0.781678326,0.000263536,0.461417679
0.508409301,0.579481029,0.565287221,0.602480578,0.602466164,0.999002827,0.797456555,0.809379104,0.303570932,0.781634396,0.000108236,0.460416195
0.571198752,0.613552115,0.606456448,0.609009931,0.609009931,0.999113868,0.797564322,0.809436001,0.303527185,0.781710326,0.000102107,0.472100182
0.437429922,0.501798953,0.489480165,0.608772107,0.608772107,0.998992082,0.797240329,0.809183157,0.303215635,0.781429343,0.000220172,0.459909581
0.551406425,0.600141736,0.598747256,0.60934865,0.60934865,0.99906037,0.797506358,0.809405795,0.303537578,0.781671168,0.000161082,0.472078374
0.478038317,0.542357174,0.530435248,0.608469422,0.608469422,0.998972323,0.797382128,0.80932364,0.303504948,0.781566466,0.000235205,0.467060886
0.438209916,0.525894025,0.499705552,0.597032243,0.597406996,0.998925526,0.797343669,0.809295388,0.303535161,0.781494325,0.00010442,0.467188378
0.485594501,0.547208897,0.542427325,0.608678419,0.608678419,0.999008951,0.7973961,0.809332494,0.303452741,0.781590045,0.000201901,0.464292964
0.495051918,0.540340166,0.531184753,0.609139653,0.609139653,0.999023626,0.797423907,0.80931023,0.303470385,0.78157601,0.000194385,0.46146465
0.506800565,0.565034889,0.550832486,0.60665331,0.60665331,0.999006178,0.797468037,0.809372204,0.303583984,0.781620782,0.000172067,0.459235215
0.605225954,0.621838203,0.638149794,0.614573574,0.614573574,0.999138595,0.797588532,0.809463993,0.303517517,0.781738256,0.000166632,0.48528388
0.527567884,0.603957697,0.570587291,0.617204053,0.617204053,0.999136978,0.797676655,0.80953417,0.303674863,0.781729413,0.000210458,0.464108435
0.517330473,0.563181422,0.57155094,0.612382709,0.612382709,0.999092261,0.797488235,0.809395509,0.303439206,0.781659799,0.000177849,0.464972363
0.488568225,0.541921064,0.545371808,0.61186382,0.611388172,0.999066147,0.797366357,0.809308147,0.303280894,0.781565904,0.000188025,0.463029785
0.556866377,0.589784126,0.598318968,0.611575549,0.611575549,0.999100465,0.797502208,0.809405665,0.303446457,0.781676641,0.000156803,0.462595305
0.495685663,0.565361971,0.544729375,0.606574035,0.606797446,0.999067765,0.797511891,0.80940944,0.303531777,0.781642536,0.000112746,0.474802681
0.474479598,0.539631487,0.520049253,0.614220441,0.614220441,0.999080591,0.797505389,0.809364002,0.303493589,0.781589343,0.000219016,0.463863516
0.427143762,0.488006978,0.479308314,0.609420718,0.609701783,0.998970474,0.797129657,0.809086681,0.303067473,0.781323097,0.000256713,0.462174245
0.52225418,0.563563018,0.567268055,0.61202237,0.61202237,0.99911537,0.797533334,0.809432095,0.30346966,0.78169615,0.00014894,0.461915905
0.514405499,0.575392499,0.569088281,0.612166506,0.612166506,0.999036914,0.79748284,0.809397853,0.303545796,0.781662326,0.00022977,0.460389354
0.486081997,0.554786306,0.537930296,0.606883927,0.606883927,0.999004214,0.797446871,0.809361398,0.303551113,0.781602536,0.000177733,0.46205514
0.488275728,0.548735281,0.536752503,0.609118033,0.609118033,0.999016462,0.797410626,0.809322338,0.303462168,0.781581203,0.000201323,0.460486651
0.499829376,0.560619276,0.556132555,0.613838481,0.613838481,0.999053553,0.797503314,0.809424413,0.303546521,0.781678045,0.000239946,0.467854357
0.532832838,0.579699084,0.575244927,0.610566598,0.610566598,0.99909723,0.797575805,0.80944238,0.303581809,0.781692641,0.000143736,0.463152244
0.474723346,0.495693415,0.506022806,0.603539976,0.603539976,0.99898434,0.797305764,0.809154384,0.303345911,0.781401132,0.000143967,0.462029977
0.475308341,0.539849542,0.527383693,0.605795702,0.605795702,0.998979834,0.797377978,0.809301246,0.303481745,0.781558466,0.000184671,0.462274897
0.561010091,0.609136502,0.615504042,0.615409562,0.615409562,0.999171411,0.797572208,0.809469331,0.303420354,0.781754396,0.000147205,0.464001074
0.482815775,0.54317488,0.531184753,0.611092694,0.611092694,0.999014498,0.797389322,0.809315047,0.303429055,0.781567729,0.000234858,0.465722218
0.521425438,0.569123419,0.567696343,0.610919731,0.61085487,0.999044309,0.797482287,0.809397072,0.303529118,0.781645764,0.000201323,0.472578278
0.480719544,0.545300916,0.53637775,0.615135704,0.614811398,0.998991619,0.797408274,0.809341087,0.303510024,0.78160029,0.000317422,0.461259992
0.48232828,0.539304405,0.533915092,0.601507661,0.601594142,0.99897059,0.797373828,0.809311532,0.30349383,0.781570115,0.000126506,0.460339029
0.561692585,0.577027911,0.613844424,0.611935888,0.611935888,0.99911849,0.797511476,0.80940228,0.303424946,0.781667799,0.00014443,0.463999396
0.490371959,0.563563018,0.543765726,0.605219159,0.605219159,0.99895684,0.797444935,0.809396681,0.303647067,0.781607168,0.000198432,0.463016364
0.516452981,0.567597034,0.558220461,0.611063867,0.61069632,0.99907308,0.797502484,0.809388999,0.303504223,0.781665694,0.000169986,0.457854609
0.457319748,0.524912778,0.518496708,0.601954482,0.601954482,0.998935695,0.797310744,0.809271692,0.303456609,0.781526746,0.00016721,0.458413226
0.496806903,0.544101614,0.535735318,0.620576832,0.620576832,0.999043962,0.797475231,0.809342389,0.303517275,0.781618957,0.000357664,0.458970165
0.485643251,0.545137375,0.541999036,0.601767105,0.601767105,0.998957764,0.797427919,0.809358533,0.303615163,0.781613764,0.000142117,0.45018998
0.514600497,0.559638029,0.570159002,0.611986336,0.611986336,0.999043847,0.797463472,0.809380146,0.303497214,0.781649975,0.000219941,0.475069408
0.507629308,0.550370693,0.552063815,0.617268914,0.617268914,0.999025359,0.797444796,0.809341087,0.303503498,0.781601694,0.000323204,0.463642082
0.496611905,0.55266027,0.547888003,0.605846149,0.605846149,0.999051473,0.797465824,0.809372074,0.303485371,0.781631308,0.000113786,0.466998817
0.474138351,0.551188399,0.525081642,0.606127214,0.606350625,0.998986535,0.797451713,0.809388869,0.303596311,0.78154808,0.000186869,0.461426067
0.486569493,0.541321413,0.548476899,0.609593681,0.609593681,0.999039918,0.797327069,0.809308928,0.303267117,0.781666957,0.000185481,0.464893519
0.47657583,0.540067597,0.529899888,0.608130702,0.608166736,0.998986651,0.797436911,0.809358403,0.303570449,0.781635799,0.000215893,0.465081402
0.484083264,0.547045355,0.534878741,0.602516612,0.602531025,0.999011147,0.797401911,0.809329629,0.303458059,0.781593273,0.000100951,0.459520395
0.494028177,0.538541212,0.5452112,0.606718171,0.606718171,0.999027208,0.797386002,0.809297861,0.303396667,0.781541343,0.000152062,0.467476913
0.502656852,0.559638029,0.550725414,0.605514637,0.605521844,0.999055864,0.797482563,0.809380146,0.303505432,0.781654747,0.000104073,0.46453956
0.495149417,0.547917575,0.543819262,0.606710964,0.606422693,0.999050895,0.797416852,0.809322989,0.303401018,0.781601413,0.0001235,0.464457361
0.405498952,0.444395988,0.444402805,0.605247986,0.605262399,0.998945516,0.796726533,0.808678643,0.302415128,0.78096085,0.000210343,0.462853644
0.454979769,0.471925425,0.513250174,0.597197999,0.597197999,0.998908772,0.797130072,0.809095925,0.303197024,0.781530676,0.000117718,0.456943711
0.526495393,0.567706062,0.581080358,0.606869514,0.606869514,0.999050317,0.797464026,0.809377412,0.303484646,0.781653764,0.000131363,0.469052112
0.507824307,0.545464457,0.566786231,0.603539976,0.603237291,0.99896643,0.797399974,0.809335488,0.303548213,0.781594255,0.000157034,0.464819708
0.496660654,0.533471435,0.541303068,0.600851843,0.600851843,0.998933037,0.797348511,0.809286404,0.303528152,0.781514957,0.000152178,0.463549818
0.489396968,0.542357174,0.544889983,0.60532726,0.60532726,0.998987691,0.797415053,0.809342649,0.303530085,0.781589904,0.000169292,0.463024752
0.459172232,0.52916485,0.517479522,0.60301388,0.603071535,0.998934308,0.797319598,0.809276769,0.303474978,0.78152829,0.000186522,0.458428323
0.641739385,0.685292194,0.667219873,0.620987619,0.620987619,0.999304983,0.797842663,0.809643405,0.303613471,0.781909063,0.000103032,0.508052976
0.500950617,0.566615787,0.550243589,0.608952277,0.608836968,0.99902663,0.797460014,0.809367387,0.303526943,0.781623027,0.000186637,0.460620853
0.493833179,0.554677279,0.542962685,0.61393217,0.61393217,0.999043038,0.797480488,0.809380016,0.303528393,0.781637483,0.000251972,0.46642678
0.580168674,0.626090275,0.618448525,0.613319592,0.613319592,0.999162745,0.797644283,0.80950136,0.303564648,0.781774186,0.000122459,0.467117922
0.504655584,0.559256433,0.556828524,0.611150348,0.611150348,0.999066032,0.797465271,0.809369209,0.303453708,0.781650817,0.000184325,0.459131208
0.554672647,0.602376799,0.600513946,0.619149887,0.619149887,0.999144257,0.797607485,0.809479226,0.303538786,0.781764221,0.000234395,0.463511235
0.482377029,0.545955081,0.537983832,0.60126263,0.601096874,0.998986304,0.797395547,0.809324552,0.303499148,0.781586817,0.000102801,0.460016943
0.541364013,0.592128216,0.580223781,0.608829761,0.608829761,0.99908891,0.797563769,0.809434829,0.303577941,0.781700501,0.000124194,0.463861839
0.498854385,0.560564762,0.549708228,0.607316335,0.607316335,0.999054939,0.797449777,0.809359054,0.303450083,0.781620782,0.000134023,0.465440393
0.577389948,0.619439599,0.614968681,0.604858819,0.604858819,0.999041651,0.797502069,0.809394728,0.30356924,0.781659238,0.000107658,0.467070951
0.500804368,0.550152638,0.548423363,0.608981104,0.608981104,0.999035527,0.797428195,0.809343821,0.303452983,0.781623308,0.000180046,0.463412261
0.484668259,0.545028347,0.54397987,0.608037014,0.608037014,0.998978447,0.797391259,0.809342779,0.303507607,0.781602396,0.000222022,0.463427359
0.5600351,0.582860881,0.606402912,0.611186382,0.611186382,0.999014498,0.797469974,0.809391473,0.303569724,0.781655729,0.000236477,0.474413494
0.51884171,0.567760576,0.55538305,0.605918217,0.605918217,0.999018311,0.797480626,0.80936973,0.3035806,0.781623869,0.00014813,0.468713252
0.569443767,0.599269516,0.605171583,0.613182663,0.613182663,0.999138249,0.797617584,0.809479877,0.303568999,0.781759028,0.000144661,0.468906167
0.536927802,0.579481029,0.590502704,0.616959022,0.616959022,0.999111904,0.797539836,0.809439256,0.303488271,0.781781484,0.00023162,0.463007977
0.494418174,0.548626254,0.557203276,0.608527076,0.608527076,0.999010569,0.797376733,0.809340696,0.30341552,0.781595378,0.000197854,0.462102111
0.499293131,0.54900785,0.552438567,0.614869053,0.614869053,0.999123805,0.797429302,0.809339524,0.303270017,0.781599729,0.000186175,0.464915327
0.511139278,0.546990842,0.552866856,0.603770593,0.60359763,0.999010107,0.797390705,0.809310881,0.303440657,0.781569694,0.000119106,0.461855514
0.499780627,0.554186655,0.551260774,0.60566598,0.60566598,0.999037607,0.79741616,0.809327416,0.303427605,0.781583448,0.000124656,0.465834612
0.490859455,0.563399477,0.549065796,0.607294715,0.607856844,0.99904662,0.79750788,0.809440818,0.303568999,0.781694326,0.00015079,0.46859247
0.489981963,0.542902311,0.5340757,0.612750256,0.612750256,0.999124961,0.797511891,0.809368428,0.303412378,0.781673834,0.000151021,0.461875645
0.438648662,0.499454863,0.492103432,0.606804653,0.607366782,0.99897267,0.797203669,0.809154644,0.30319219,0.781399307,0.00021705,0.460857385
0.508214303,0.553205408,0.557578029,0.609305409,0.609305409,0.999058868,0.79746195,0.809391213,0.303463376,0.781670326,0.000161891,0.46084732
0.513333008,0.558111644,0.565394293,0.609961227,0.609961227,0.999027092,0.797445211,0.809357362,0.303500356,0.781643378,0.00020433,0.465373292
0.518695461,0.581061928,0.568927673,0.608995517,0.608995517,0.999073311,0.797520745,0.809419856,0.303535644,0.781686326,0.000142464,0.460984877
0.499049383,0.559692543,0.547673858,0.606746998,0.606746998,0.999035874,0.797441614,0.809348638,0.303475703,0.781609554,0.000143852,0.459193276
0.500170624,0.555658526,0.553455752,0.613276352,0.613175457,0.999020275,0.797512445,0.809418684,0.303632324,0.781685203,0.00026261,0.46698372
0.504168089,0.557021369,0.561807377,0.609795471,0.609795471,0.99903391,0.797457939,0.809384312,0.303508332,0.781647729,0.000194732,0.46259866
0.536976551,0.597852159,0.596552278,0.607121752,0.607121752,0.99907724,0.797560864,0.809477013,0.303597519,0.781714115,0.000108467,0.471115473
0.489738215,0.554731792,0.541142459,0.606393866,0.605983078,0.99898746,0.797416713,0.809333796,0.303533469,0.781593975,0.000180046,0.463700796
0.56232633,0.608046228,0.616681835,0.615272633,0.615272633,0.999183774,0.797602781,0.809494199,0.303447907,0.78177615,0.000132635,0.467741963
0.51313801,0.562963367,0.561272017,0.60836132,0.60840456,0.999005369,0.797465686,0.809388479,0.303581567,0.78163215,0.000200976,0.464245993
0.487544484,0.550861317,0.538197976,0.615950071,0.61586359,0.99900664,0.797478413,0.809379625,0.303601145,0.781625133,0.000319388,0.463774607
0.484668259,0.540449193,0.536056534,0.602768849,0.602718402,0.998981451,0.797385863,0.809321557,0.303492138,0.781580782,0.000133676,0.463117016
0.562131331,0.578009158,0.613683816,0.611164762,0.611164762,0.999107051,0.79752365,0.809409961,0.303470144,0.78167622,0.000143505,0.46715986
0.499683128,0.556966856,0.546281921,0.608570317,0.608570317,0.999010685,0.797450607,0.809361267,0.303544104,0.781623168,0.000198317,0.462675826
0.570077512,0.618894461,0.602655388,0.618688652,0.618486862,0.999184121,0.7976696,0.809510604,0.303564165,0.781783729,0.000183862,0.466675054
0.505289329,0.560728304,0.553509289,0.606314591,0.606314591,0.999022124,0.797460982,0.80936283,0.303538303,0.781625554,0.000150674,0.462132307
0.551650173,0.607991714,0.588147117,0.620259733,0.620259733,0.999120223,0.797622564,0.809483913,0.303615405,0.781734045,0.000276256,0.464865001
0.508068054,0.552496729,0.564002356,0.608080255,0.607763156,0.99902247,0.7974578,0.809377542,0.30353226,0.781672431,0.00017357,0.455938871
0.505630576,0.548898823,0.552010279,0.613233111,0.613233111,0.999115833,0.797462366,0.809342649,0.303344702,0.781666957,0.000167904,0.462112176
0.336274558,0.373419102,0.376144333,0.561344211,0.561344211,0.997231257,0.794793225,0.806872285,0.302623472,0.778838178,0.001221468,0.44445451
0.524057914,0.572830353,0.57792173,0.615409562,0.615409562,0.999072271,0.797503453,0.809411003,0.303507607,0.781678326,0.000246421,0.470628989
0.526300395,0.574193197,0.576315649,0.617196846,0.617196846,0.999050202,0.797485468,0.809387828,0.303522351,0.78165194,0.000297186,0.464267801
0.491736947,0.547099869,0.542213181,0.605572291,0.605572291,0.999036567,0.797445903,0.809352935,0.303481745,0.781626396,0.000124425,0.465556143
0.472870862,0.537232883,0.523422025,0.605111057,0.605147091,0.998989308,0.797404816,0.809331192,0.303508816,0.781575729,0.000164666,0.461957844
0.468093404,0.520061055,0.523207881,0.610458496,0.61047291,0.99904766,0.797227325,0.809181205,0.303076658,0.781522536,0.000191841,0.463613564
0.493784429,0.565089403,0.549922373,0.610645873,0.610746768,0.999016,0.797642623,0.809560469,0.303868705,0.781826396,0.00022792,0.462962683
0.507044313,0.545409943,0.559130574,0.605608325,0.605543464,0.998996935,0.797425014,0.809335358,0.303528152,0.781600711,0.00016351,0.464541238
0.504314337,0.565307457,0.552492103,0.606264143,0.606264143,0.999042345,0.797501516,0.80940254,0.303566823,0.781660641,0.000129629,0.469374198
0.462292205,0.526493676,0.517479522,0.598934836,0.598934836,0.998939392,0.797348096,0.809287055,0.303513891,0.781554536,0.000115058,0.465306191
0.492955687,0.552278674,0.54574656,0.608224391,0.608101875,0.999028479,0.797441061,0.809355669,0.303489963,0.781620922,0.000172992,0.46440368
0.476332082,0.540558221,0.528079662,0.609132446,0.609276582,0.998945978,0.797383096,0.809337832,0.303561506,0.781599168,0.000274405,0.465270963
0.486715741,0.553423463,0.536913111,0.603424667,0.603424667,0.999011956,0.797512306,0.809410482,0.303649243,0.78163622,0.00011448,0.471029919
0.478672062,0.541975578,0.531880722,0.605226365,0.605226365,0.999007912,0.797418788,0.809341087,0.303494072,0.781601413,0.000147437,0.468634408
0.532784088,0.585423027,0.588843086,0.606732585,0.606732585,0.999040611,0.797503314,0.809416341,0.303573591,0.781690536,0.000138995,0.465027721
0.525032906,0.567978631,0.577011617,0.610227879,0.609593681,0.999095959,0.797533334,0.809428579,0.303510024,0.781693203,0.000129397,0.468302257
0.529274119,0.607610118,0.577065153,0.60532726,0.60532726,0.999025359,0.797592821,0.809495631,0.303761874,0.781687448,0.000131479,0.467814096
0.508263053,0.549552987,0.561164945,0.608887416,0.608880209,0.999051126,0.797476891,0.809380797,0.30350519,0.781636501,0.000162816,0.465806094
0.525227904,0.587385521,0.578564163,0.605384915,0.605384915,0.999051704,0.797590745,0.80948847,0.303703142,0.781752571,0.000106154,0.46800869
0.473065861,0.527965547,0.522297768,0.606228109,0.606206489,0.998945632,0.797318076,0.809257761,0.303448391,0.781515518,0.000225491,0.460756733
0.480329547,0.546064108,0.534129236,0.604375964,0.604534513,0.998999823,0.797400112,0.809325333,0.303478603,0.78158401,0.00014443,0.462660728
0.573538732,0.62630833,0.612880775,0.614033065,0.614047478,0.999119646,0.797619797,0.809486387,0.303611779,0.781757624,0.000177155,0.461684407
0.550382684,0.602867423,0.588896622,0.614018651,0.613081768,0.999148648,0.797663928,0.809509692,0.303628215,0.781781063,0.000132635,0.470634022
0.507239312,0.568632795,0.556560844,0.613499762,0.613499762,0.999129583,0.797545646,0.809432355,0.303461443,0.781689413,0.000158422,0.482703841
0.506118071,0.566179677,0.556186091,0.616324825,0.616324825,0.999124614,0.797513275,0.809408008,0.303415278,0.781664992,0.000208724,0.46088087
0.512553015,0.570268208,0.558434606,0.606199282,0.607042477,0.999028017,0.797569441,0.809444724,0.303715468,0.781710045,0.000156341,0.469971398
0.528640374,0.586404274,0.575940896,0.604030038,0.604239035,0.999036105,0.797499994,0.809399155,0.303577216,0.781663448,0.000103263,0.466909908
0.481402038,0.543665504,0.531024145,0.60512547,0.605168711,0.999029288,0.797424875,0.809337051,0.303460234,0.781597062,0.000125003,0.461983007
0.506361819,0.568251199,0.55511537,0.608534283,0.608534283,0.999067765,0.797515212,0.809410482,0.303537578,0.78166794,0.000140614,0.465636664
0.504265588,0.55980157,0.551903207,0.609377477,0.60932703,0.999038069,0.797477306,0.80938288,0.303533227,0.781653062,0.000182937,0.464373485
0.568468776,0.608863934,0.601316987,0.603251704,0.603309359,0.999007103,0.797650785,0.809489772,0.303901335,0.781759308,0.000117487,0.468763577
0.520401696,0.579317488,0.581401574,0.616396892,0.616396892,0.999155465,0.797575528,0.809504875,0.303459751,0.781778677,0.000179005,0.467631246
0.513284259,0.571849106,0.570747899,0.616440133,0.616440133,0.999093648,0.797531259,0.809449932,0.303511474,0.78171622,0.000241565,0.469659378
0.626529518,0.664740515,0.664864286,0.618861615,0.618861615,0.999201222,0.797652999,0.809515031,0.303499148,0.781788361,0.000172877,0.474306132
0.574513723,0.617586132,0.607687778,0.612397123,0.612397123,0.999149457,0.797597801,0.809463212,0.303510991,0.781729975,0.00012084,0.472814809
0.55428265,0.577518535,0.589806735,0.608087462,0.607907292,0.99906892,0.797469006,0.809362179,0.303454675,0.781655448,0.000129397,0.470541758
0.57943743,0.630614915,0.623213234,0.620519177,0.620519177,0.999201338,0.797683849,0.809560079,0.303553047,0.781814887,0.000199357,0.461446197
0.563886316,0.592673354,0.603083677,0.618616584,0.618616584,0.99920723,0.797671813,0.809533128,0.30351945,0.781808572,0.000162932,0.472645379
0.538780286,0.593600087,0.577118689,0.618126522,0.618126522,0.99910786,0.797566259,0.80943561,0.303542653,0.781703449,0.000254285,0.459406323
0.530395359,0.580353249,0.595320949,0.613045734,0.613045734,0.999069729,0.797543295,0.809485346,0.303582775,0.781734326,0.000211152,0.466445233
0.535319066,0.5781727,0.578938915,0.622839764,0.622565906,0.999201338,0.797641101,0.809484825,0.30347812,0.781759168,0.000232082,0.466782416
0.674889095,0.716528565,0.703463783,0.620014702,0.620014702,0.999238428,0.797778888,0.80961372,0.303641267,0.781888712,0.000153912,0.489343499
0.519329206,0.569232447,0.570962043,0.605067816,0.605067816,0.999046504,0.79747952,0.80938262,0.30351945,0.781640571,0.000106154,0.463558206
0.495344416,0.553805059,0.539804058,0.604347137,0.604347137,0.998992082,0.797430132,0.809339655,0.303547246,0.781599869,0.000149171,0.464735831
0.481207039,0.549716529,0.533700948,0.607006443,0.607107338,0.999033679,0.797508433,0.809417643,0.303597036,0.78166008,0.000151831,0.464895196
0.495588164,0.560183166,0.546870817,0.604765131,0.604729097,0.999036336,0.797475646,0.809384703,0.303534194,0.781649554,0.000110895,0.463455877
0.482913275,0.545409943,0.54017881,0.608476628,0.609377477,0.999012302,0.797390152,0.809328588,0.303435097,0.781602676,0.000209649,0.464076562
0.507678058,0.552714784,0.556774988,0.609305409,0.609305409,0.999066956,0.797471634,0.809399025,0.303463376,0.781663729,0.000153797,0.468684734
0.540730269,0.596053205,0.590127951,0.612353882,0.612634947,0.999025013,0.797536516,0.809433136,0.303664228,0.78170415,0.000249197,0.467213541
0.547213962,0.602049717,0.587451148,0.611251243,0.611135935,0.999125423,0.79758286,0.809453708,0.303535161,0.781721694,0.000124656,0.463618597
0.519182957,0.577354993,0.565447829,0.606458727,0.606458727,0.999051588,0.797534856,0.809421028,0.303605737,0.781687589,0.000123384,0.465879906
0.518646712,0.566125164,0.566679158,0.61451592,0.614523127,0.999114331,0.797591576,0.809460868,0.303573591,0.781723659,0.000190106,0.467978494
0.477794569,0.537668993,0.530167568,0.601565315,0.601565315,0.998974865,0.797392919,0.809315438,0.303518242,0.781566466,0.000121765,0.46043968
0.510066787,0.562799826,0.564966005,0.606163248,0.606610069,0.999063259,0.797493354,0.809406316,0.303508816,0.781671589,0.000114249,0.467092759
0.486081997,0.545082861,0.53787676,0.604873233,0.604844405,0.998997281,0.79741201,0.80933028,0.303504707,0.781601413,0.000151946,0.460909388
0.540096524,0.580625818,0.585845067,0.611669237,0.611669237,0.999119877,0.797600429,0.80946204,0.303577458,0.781726045,0.000138764,0.475537438
0.535075318,0.567106411,0.572300444,0.608981104,0.60896669,0.999058983,0.797537484,0.809411784,0.30359486,0.781678606,0.000156341,0.466106372
0.493053186,0.554350196,0.542587933,0.611712478,0.611950302,0.999009529,0.797487543,0.809385745,0.303611054,0.781649834,0.000253706,0.458713503
0.505874324,0.556748801,0.554740618,0.606379452,0.606264143,0.999040611,0.79744535,0.809367517,0.303472319,0.781631027,0.000131363,0.4627748
0.630429484,0.63710205,0.662936988,0.622875798,0.620389455,0.999263618,0.797745687,0.809561511,0.303530569,0.781838747,0.000134832,0.476560731
0.521669185,0.572285216,0.564162964,0.608145116,0.608145116,0.998995201,0.797566398,0.809440688,0.303778793,0.781716922,0.000206989,0.462841901
0.570760006,0.627344091,0.610685797,0.617240087,0.617254501,0.999180886,0.797705983,0.809555522,0.303634499,0.781832852,0.000167326,0.472893653
0.512894262,0.567051897,0.557631565,0.608627971,0.608627971,0.999052513,0.797479796,0.809374808,0.303507849,0.781637624,0.000157497,0.463226055
0.451859796,0.529110336,0.510252155,0.622947866,0.622947866,0.998825578,0.797302306,0.809290961,0.303671962,0.781505974,0.000614261,0.464846548
0.518207966,0.572884867,0.566036726,0.610098157,0.609485579,0.999090181,0.797518532,0.809412044,0.303496247,0.781672291,0.000133329,0.485698229
0.529859114,0.583351505,0.573478238,0.619690396,0.619690396,0.99918181,0.797649955,0.809497714,0.303534436,0.781771519,0.000205602,0.464880099
0.585482377,0.640209333,0.649820654,0.620418282,0.620418282,0.999217283,0.797695193,0.809603435,0.30353927,0.781887028,0.000181665,0.467663119
0.55540389,0.608264283,0.591894641,0.611705271,0.611647617,0.999087292,0.797633216,0.809485606,0.3037029,0.781758747,0.000171026,0.466462008
0.517330473,0.56694287,0.566304406,0.614724917,0.614724917,0.999083826,0.79751701,0.80940931,0.303507124,0.781675378,0.000223872,0.466938426
0.621508312,0.66146969,0.658065207,0.622284841,0.620720967,0.999190014,0.797666556,0.809523363,0.303546279,0.781798747,0.000213812,0.474509113
0.491980695,0.553314435,0.544140479,0.60512547,0.60512547,0.999019004,0.797461259,0.809373766,0.303545312,0.781638466,0.000134717,0.468493495
0.479305806,0.550643262,0.531024145,0.604181381,0.604130933,0.998985726,0.797475093,0.809395119,0.303639091,0.781624992,0.000152062,0.463452522
0.476137084,0.537559965,0.530435248,0.608505456,0.608469422,0.999000748,0.797383373,0.809315178,0.303447424,0.781586536,0.000206642,0.462239669
0.495441915,0.560510249,0.549119332,0.610573805,0.61051615,0.99901496,0.797606793,0.809507349,0.303808039,0.781801554,0.00022526,0.468386134
0.503875591,0.549116877,0.555490123,0.603604837,0.603403047,0.998978563,0.797437188,0.809347597,0.303587851,0.78160801,0.000147552,0.465215604
0.51425925,0.572666812,0.558059853,0.609197308,0.609197308,0.999102776,0.79755367,0.809429361,0.303531777,0.781694185,0.000116215,0.466200314
0.472578365,0.538323157,0.527704909,0.601039219,0.601039219,0.998976483,0.797393472,0.809325073,0.303515825,0.781591168,0.000111705,0.465215604
0.464242188,0.518861753,0.511965309,0.605543464,0.606062353,0.998949907,0.79731946,0.809249168,0.303441865,0.781505273,0.000218784,0.458304186
0.471554624,0.534616223,0.521280582,0.597760129,0.597637614,0.998896177,0.797387662,0.809308538,0.303673413,0.781563378,0.000137492,0.462417487
0.495539414,0.534289141,0.545157664,0.604620995,0.604620995,0.999028594,0.79742529,0.809322599,0.303462409,0.781681834,0.00011714,0.467280642
0.523229172,0.577464021,0.578189411,0.604275069,0.604289482,0.999019813,0.797464994,0.809381448,0.303550388,0.781646326,0.000120493,0.466403295
0.487203237,0.519025294,0.544729375,0.603381427,0.603885902,0.998994046,0.797300092,0.809243569,0.30331594,0.781545834,0.000139805,0.463980943
0.507288061,0.557130397,0.552438567,0.603049914,0.603049914,0.998982607,0.797453927,0.809366085,0.303608637,0.781610957,0.000137723,0.466317741
0.516014235,0.545900567,0.567375127,0.606934375,0.606934375,0.999026399,0.797453097,0.809353456,0.303515583,0.781630045,0.000156341,0.470697768
0.430214986,0.456334496,0.478291129,0.592809063,0.592809063,0.998714768,0.796797778,0.808751553,0.303022759,0.781165342,0.00024168,0.462422519
0.565641301,0.615460096,0.604422078,0.620958792,0.620958792,0.999295855,0.79780711,0.809618147,0.303570449,0.781884782,0.00011182,0.469890877
0.494223176,0.557675534,0.544675839,0.605211952,0.605255192,0.999010685,0.797436496,0.80934981,0.30351945,0.78160815,0.000145008,0.4677168
0.567250037,0.618948975,0.606831201,0.612512432,0.612469191,0.999122997,0.797596417,0.809467248,0.303563923,0.781737414,0.000148477,0.462873774
0.534441574,0.591201483,0.576262113,0.608282045,0.608044221,0.999084866,0.797614955,0.809477534,0.303676071,0.781745975,0.000115752,0.46347433
0.488714474,0.539686001,0.540874779,0.610335981,0.610335981,0.999057597,0.797407859,0.809321948,0.303371047,0.781636922,0.000179699,0.465873196
0.481548286,0.552278674,0.53257669,0.603821041,0.603821041,0.999030097,0.797473848,0.809386916,0.303544104,0.781634817,0.000102685,0.465522592
0.530736606,0.580680331,0.571711548,0.617196846,0.617196846,0.999186316,0.797619105,0.80946855,0.303470869,0.781745133,0.000160966,0.468444847
0.477404573,0.542084605,0.530863537,0.605024575,0.603727353,0.998979834,0.797413255,0.809337311,0.303543137,0.781593834,0.000151484,0.463432391
0.526495393,0.579753598,0.564912469,0.611352138,0.611352138,0.999134551,0.797552287,0.809418554,0.303462651,0.781680291,0.00011899,0.465150181
0.517330473,0.568360227,0.557631565,0.604512893,0.604397584,0.999031252,0.797483532,0.809372985,0.303558847,0.781637343,0.000110895,0.465837968
0.528542875,0.579153947,0.58498849,0.618321106,0.618321106,0.999147493,0.79764124,0.809549142,0.303590752,0.781819238,0.000217744,0.467666474
0.491151952,0.543556476,0.548262755,0.610026089,0.610026089,0.999003636,0.797411733,0.809346555,0.30349093,0.78160829,0.000228729,0.46920309
0.604835958,0.647786742,0.638363938,0.61680768,0.61680768,0.999216821,0.797703908,0.809543674,0.303555463,0.781818396,0.000124194,0.473012758
0.511285526,0.564489751,0.55104663,0.608087462,0.608015394,0.999025244,0.797458215,0.809356711,0.303526943,0.781617694,0.000174842,0.469218188
0.550041437,0.595998692,0.593286579,0.618241831,0.619294023,0.999209773,0.797626022,0.809502141,0.303434131,0.781775028,0.000171142,0.465712153
0.527177887,0.553641518,0.566572086,0.607655054,0.607655054,0.999050664,0.797475093,0.809370121,0.303503498,0.781634115,0.000143621,0.470550146
0.547360211,0.599978195,0.583061192,0.607575779,0.607712708,0.999068343,0.797591852,0.809451624,0.30367027,0.781721554,0.000126853,0.469961333
0.549651441,0.60210423,0.591198672,0.613946583,0.614033065,0.999144257,0.797665588,0.809525576,0.303640058,0.781796782,0.000152293,0.461608918
0.5028031,0.540776276,0.559023502,0.617766183,0.617766183,0.999036683,0.797413531,0.809338353,0.303424946,0.781599589,0.000319966,0.460822157
0.544776483,0.599814653,0.599603833,0.622047017,0.621463267,0.999208155,0.797678315,0.809565807,0.303528635,0.781853484,0.000207568,0.471967657
0.561205089,0.613988225,0.613737352,0.612937632,0.612937632,0.999142293,0.7975729,0.809476101,0.303482229,0.781765624,0.000136567,0.475951788
0.504216838,0.560019625,0.553295144,0.609536027,0.609536027,0.99904454,0.797470943,0.809374157,0.303508574,0.781637062,0.000179815,0.456599817
0.655048018,0.673299171,0.673644199,0.623293792,0.623293792,0.999329826,0.797795213,0.809598096,0.303478603,0.781892081,0.000115174,0.469776805
0.517281724,0.568959878,0.567053911,0.607936119,0.607936119,0.999087755,0.797489619,0.809388999,0.30345105,0.781653203,0.000111011,0.464537883
0.482718276,0.542793284,0.529953424,0.609391891,0.6095072,0.998985264,0.79741616,0.80933028,0.303537094,0.781589764,0.000238789,0.461112369
0.484473261,0.550152638,0.540125274,0.604959714,0.604966921,0.998977869,0.79749031,0.809417643,0.303682114,0.781702606,0.000173339,0.472321616
0.437283674,0.505342346,0.493655977,0.601017599,0.601039219,0.998871219,0.797149993,0.80913238,0.303310622,0.78137236,0.00021705,0.462092046
0.487105738,0.547645007,0.536163606,0.607582986,0.607763156,0.998984687,0.797441753,0.809345774,0.303583017,0.78160408,0.000211384,0.462511428
0.517281724,0.583406018,0.569034745,0.611633203,0.611402586,0.999021199,0.797525864,0.809429751,0.303653593,0.781690677,0.000233354,0.470117343
0.532881587,0.601122983,0.578992451,0.609391891,0.609355857,0.999099772,0.797591852,0.809474018,0.30360477,0.781726606,0.000121881,0.46261208
0.504850583,0.564707806,0.550725414,0.606422693,0.606422693,0.999050895,0.797504283,0.809393556,0.303554013,0.781657975,0.000123615,0.46394236
0.513040511,0.562418229,0.561111409,0.612634947,0.612634947,0.999063836,0.797567643,0.809442641,0.303637399,0.781707098,0.000210343,0.462727829
0.488568225,0.528619712,0.544086943,0.602264374,0.602264374,0.998998437,0.79736276,0.809293304,0.303416245,0.781606185,0.000109392,0.478790166
0.451908546,0.500599651,0.498527758,0.605810115,0.605810115,0.998929108,0.797218471,0.809131469,0.303309172,0.781409132,0.000235667,0.464806287
0.547603958,0.591855648,0.589485518,0.602891365,0.602682368,0.999007449,0.797764639,0.809599659,0.304099528,0.781896993,0.000107079,0.464517752
0.495636913,0.557893589,0.546121313,0.604404791,0.604383171,0.998998899,0.797441753,0.809354627,0.303553288,0.781615869,0.000143042,0.463811513
0.46975089,0.521750981,0.521923015,0.596362012,0.596362012,0.998847185,0.797314618,0.809240705,0.303648518,0.781488992,0.000166054,0.461842094
0.508945547,0.540176625,0.553937577,0.607972153,0.607957739,0.999018311,0.79741533,0.80933002,0.303466518,0.781614325,0.000180855,0.466941781
0.46975089,0.535433929,0.523261417,0.6049453,0.604974128,0.998931766,0.797380191,0.809309449,0.303586159,0.781567308,0.000219594,0.464339934
0.47087213,0.506323594,0.518014883,0.59858891,0.598646565,0.998908079,0.797296219,0.809234846,0.303488996,0.781507518,0.00014177,0.463610209
0.611514649,0.63170519,0.650570159,0.621167789,0.620821863,0.99926616,0.797753157,0.80958065,0.303538303,0.78186387,0.000139226,0.475612927
0.510651782,0.565307457,0.554740618,0.60703527,0.60703527,0.999016231,0.797536101,0.809419726,0.303682114,0.781686185,0.000168135,0.460736603
0.578559938,0.627780201,0.610311044,0.615834763,0.615841969,0.999180077,0.797735588,0.809558777,0.303687914,0.78183608,0.000145586,0.467386326
0.516452981,0.572067161,0.559077038,0.605565085,0.605514637,0.999057019,0.797495706,0.809385875,0.303525976,0.781647589,0.000102916,0.464848226
0.409983913,0.465819887,0.453075646,0.615986105,0.610408049,0.998772657,0.796980249,0.808932007,0.303220227,0.781136289,0.000466015,0.467423232
0.524740409,0.576537287,0.572621661,0.610645873,0.610753975,0.999064414,0.797554224,0.809439776,0.303612988,0.781707098,0.000179699,0.473170445
0.523326671,0.579808112,0.571711548,0.616259963,0.616259963,0.999141946,0.797595311,0.809473107,0.303522351,0.781743729,0.000190338,0.472480981
0.629405743,0.684910597,0.683762514,0.621535335,0.621535335,0.999292158,0.797790232,0.809659419,0.303548696,0.781945554,0.000124656,0.476367815
0.549505192,0.603521587,0.586433963,0.612361089,0.612368296,0.99907204,0.797645113,0.809493678,0.30375559,0.781766186,0.000197854,0.469149409
0.508506801,0.560946358,0.559933615,0.611633203,0.611633203,0.999035874,0.797488512,0.809392124,0.303557397,0.781658255,0.000222138,0.462033332
0.541607761,0.594254252,0.592804754,0.613946583,0.61397541,0.999068227,0.797532089,0.809447198,0.303566098,0.781711729,0.000227457,0.469855649
0.500853118,0.557348452,0.550993094,0.605716427,0.605716427,0.999032176,0.797484362,0.809386396,0.303558122,0.781665273,0.000131132,0.466703572
0.487690733,0.555004361,0.538251512,0.604448032,0.604311103,0.998996126,0.797510093,0.809417773,0.303678488,0.781667519,0.000144546,0.46525251
0.471213377,0.522623201,0.514106751,0.605759668,0.605802909,0.998936503,0.79731448,0.809214926,0.303461201,0.781450115,0.000228035,0.461063721
0.490128211,0.558547754,0.541249532,0.613362833,0.61334842,0.999056672,0.797626161,0.809523624,0.303754623,0.78176015,0.00022896,0.468520336
0.49261444,0.542193633,0.546817281,0.602437337,0.601795932,0.998929686,0.797411733,0.809333275,0.303645617,0.781587939,0.000170564,0.464309739
0.50397309,0.564544265,0.55104663,0.608916243,0.608865795,0.999083364,0.797528492,0.809416471,0.303528152,0.781682536,0.000130438,0.461595498
0.472529615,0.539686001,0.527330157,0.602855331,0.602855331,0.9989885,0.797401219,0.809331582,0.303504223,0.781592431,0.000128819,0.466124825
0.470530883,0.535542957,0.517907811,0.605168711,0.604981334,0.998961115,0.79738531,0.809314917,0.303533952,0.781524501,0.000190338,0.462046753
0.46741091,0.53821413,0.522083623,0.601493247,0.601615763,0.998956955,0.79738282,0.809349159,0.303538303,0.781587799,0.000140614,0.46131535
0.490371959,0.568087658,0.539482842,0.602163479,0.602163479,0.998996357,0.79759116,0.809473758,0.30381964,0.781660641,0.000109855,0.46468215
0.504899332,0.557075883,0.560629584,0.603136396,0.603093155,0.998987691,0.797431239,0.809353716,0.303558364,0.781615729,0.00013356,0.463982621
0.501096865,0.538595726,0.5563467,0.606545208,0.605802909,0.999037376,0.797398037,0.809320776,0.303396184,0.781584571,0.000127085,0.465322966
0.503924341,0.546282163,0.55661438,0.602581473,0.602581473,0.998977292,0.797406614,0.809348638,0.303537094,0.781623027,0.000135526,0.463890357
0.508896797,0.548081116,0.563092243,0.606458727,0.606458727,0.999017617,0.797450053,0.809358143,0.303528877,0.781618957,0.000157497,0.470125731
0.459269731,0.50757741,0.508646073,0.596816039,0.596945762,0.998814717,0.797195368,0.80915152,0.303508091,0.781433413,0.000207914,0.461952811
0.519134208,0.579917139,0.567107447,0.607446057,0.607359576,0.999044309,0.797502623,0.809401238,0.303564648,0.781665273,0.000145239,0.466019141
0.578657437,0.629252072,0.614968681,0.614061892,0.614011444,0.999136516,0.797628651,0.809488731,0.30359196,0.781756361,0.00015981,0.470820228
0.506556818,0.582370257,0.549601156,0.604793958,0.606220903,0.999037954,0.797609698,0.809477403,0.303765016,0.781687448,0.000133445,0.473881717
0.529420368,0.581007414,0.576529793,0.610768388,0.610768388,0.99907932,0.797587425,0.809462952,0.303639575,0.781757905,0.000164782,0.463194182
0.507288061,0.566997383,0.551742599,0.617643667,0.617643667,0.9991691,0.797585074,0.809459176,0.303447666,0.781707098,0.000185365,0.462224571
0.50738556,0.564489751,0.553402216,0.601586936,0.601954482,0.998962039,0.797502623,0.809393687,0.303736738,0.78166022,0.00014073,0.462415809
0.467703408,0.524149586,0.513946143,0.601716658,0.601651797,0.99896955,0.797358887,0.809282889,0.303469902,0.781537974,0.000128472,0.458998683
0.567688783,0.616277802,0.602923069,0.612858358,0.612858358,0.99917014,0.797645943,0.809499797,0.303551838,0.781773063,0.000107542,0.478615703
0.558377614,0.588748365,0.608972643,0.620245319,0.620245319,0.999205844,0.797671398,0.809535341,0.303521626,0.781814466,0.000190453,0.479068636
0.479647053,0.523931531,0.53000696,0.609665749,0.609665749,0.998970821,0.79733025,0.809239924,0.303417212,0.78150429,0.000255672,0.461816931
0.514941744,0.575719581,0.569409497,0.614667262,0.614667262,0.999110402,0.797529599,0.809438605,0.303473528,0.781704712,0.000196235,0.467510464
0.497343148,0.55484082,0.54317683,0.613737586,0.613521383,0.999025937,0.797470528,0.809371032,0.303547004,0.781633554,0.000262495,0.462944231
0.53946278,0.588421282,0.58675518,0.615431182,0.615114084,0.999168291,0.797560726,0.809460348,0.303406819,0.781729975,0.000145702,0.461873967
0.522595427,0.556203663,0.564109428,0.604044451,0.604044451,0.999020391,0.797478828,0.809377282,0.303573108,0.781640431,0.000115983,0.467502076
0.543460245,0.601940689,0.584881418,0.60604794,0.606148835,0.999051473,0.79758535,0.809458525,0.303694199,0.781728712,0.000118643,0.47255647
0.567152537,0.620802442,0.603083677,0.612743049,0.612649361,0.999159047,0.797725627,0.809562813,0.303714018,0.781820782,0.000115174,0.464908617
0.460244723,0.49634758,0.512072381,0.604462445,0.604462445,0.998848341,0.797084004,0.80902666,0.303243189,0.781262044,0.000294873,0.463205925
0.533271584,0.592673354,0.591198672,0.620533591,0.620360628,0.999196485,0.797644975,0.809550574,0.303495039,0.781834958,0.000201554,0.47155834
0.586993614,0.656454427,0.646769099,0.610544978,0.610076536,0.999106242,0.797631694,0.80954094,0.303660603,0.781817554,0.000126853,0.488754687
0.553892653,0.595508068,0.593821939,0.611150348,0.611150348,0.999123921,0.797588117,0.809452796,0.303547487,0.781727028,0.000126391,0.466688475
0.555062643,0.627289577,0.621607152,0.616908575,0.616908575,0.999226642,0.797648848,0.809591717,0.303438723,0.781871309,0.000115983,0.473073149
0.450153561,0.512374618,0.497403501,0.602307615,0.602307615,0.998991966,0.797358887,0.809283409,0.303423012,0.781539238,0.000116562,0.46162066
0.487105738,0.549934584,0.53611007,0.608844175,0.608844175,0.999046042,0.797522682,0.809409961,0.303596069,0.781669343,0.00016721,0.464865001
0.463267196,0.538813781,0.520316933,0.602711195,0.602732815,0.998969203,0.797397207,0.809350721,0.303537578,0.781574746,0.000146165,0.465317934
0.503680593,0.572394243,0.560254832,0.610862076,0.610379221,0.999021893,0.7974928,0.809412695,0.303594377,0.781677343,0.000216125,0.467703379
0.469848389,0.531563454,0.521066438,0.610155811,0.610249499,0.998922869,0.797387662,0.809367126,0.303617822,0.781565904,0.000313144,0.465185409
0.524301662,0.615460096,0.569891322,0.609644129,0.609572061,0.999085213,0.797620904,0.809503313,0.303685739,0.781699238,0.000139805,0.463153922
0.510554283,0.567597034,0.553616361,0.605838943,0.605838943,0.999038763,0.79751701,0.80940241,0.303601386,0.781667519,0.000126391,0.46346762
0.504850583,0.558329699,0.555329514,0.61027112,0.610170224,0.999033447,0.797530152,0.809421288,0.303635466,0.781686326,0.000201207,0.464593241
0.495149417,0.54769952,0.548262755,0.612173713,0.612173713,0.99900121,0.797461259,0.809371162,0.303582775,0.781683659,0.000265617,0.467346066
0.49261444,0.551733537,0.545800096,0.604411998,0.60413814,0.999008836,0.797510785,0.809447458,0.30365311,0.781716642,0.00012905,0.47226458
0.499829376,0.562036633,0.549333476,0.604642615,0.60474351,0.999002134,0.797455587,0.809364522,0.303570449,0.781625834,0.000145471,0.461556914
0.460732219,0.506214566,0.513250174,0.594675622,0.594675622,0.998857353,0.797195092,0.809135505,0.30341842,0.781390465,0.000128703,0.464945522
0.499146882,0.545191888,0.547138498,0.608073048,0.608238804,0.999016578,0.797423907,0.809347727,0.303485129,0.781601273,0.0001871,0.466611308
0.459805977,0.524258613,0.514320895,0.602415717,0.602415717,0.998890284,0.797321535,0.809261666,0.303570449,0.781515518,0.000220172,0.464875066
0.455906011,0.496947231,0.504309653,0.596044913,0.596088153,0.998822805,0.797210033,0.80916506,0.303516792,0.78143229,0.000186059,0.459194954
0.584799883,0.607283035,0.625997109,0.618681445,0.619272402,0.999234615,0.797718157,0.809549923,0.303543137,0.781826677,0.000145933,0.472410525
0.519231707,0.573811601,0.562771026,0.608166736,0.608166736,0.999043847,0.797568749,0.809446286,0.303681389,0.781714817,0.000158653,0.465611501
0.553063911,0.608754906,0.591519889,0.614998775,0.614710503,0.999161012,0.797685232,0.809529743,0.303639575,0.781804782,0.000146396,0.466505624
0.523521669,0.576809856,0.565554901,0.606083974,0.606062353,0.999067881,0.797507741,0.809394989,0.303524526,0.781660501,0.000100835,0.461394194
0.483595769,0.551242913,0.535628246,0.624223468,0.622731662,0.999014382,0.797511476,0.809430532,0.303642717,0.781669764,0.000421842,0.465685312
0.552527665,0.608264283,0.604315006,0.60894507,0.608880209,0.999056326,0.79762284,0.809510604,0.303749548,0.781783729,0.000157613,0.466061079
0.553892653,0.60210423,0.593714867,0.618148143,0.618148143,0.999199142,0.797665726,0.809511125,0.303525735,0.781785694,0.000163394,0.464990816
0.614634622,0.667357174,0.662133947,0.618904856,0.618904856,0.999256454,0.797756201,0.809615803,0.303563923,0.781896151,0.00011818,0.474133347
0.568810023,0.620202791,0.602120028,0.611496274,0.611496274,0.999094341,0.797707366,0.809537555,0.303817707,0.781813344,0.000161544,0.462652341
0.517281724,0.578063672,0.570533754,0.614206028,0.614206028,0.999056095,0.797537623,0.809441599,0.303601386,0.781686466,0.000243415,0.467778868
0.559450105,0.616277802,0.612506023,0.615625766,0.615496043,0.99907932,0.797618552,0.809505526,0.303693957,0.781779659,0.000240755,0.465869841
0.496221908,0.558329699,0.546442529,0.605464189,0.605464189,0.999028941,0.797498057,0.809399025,0.303588818,0.781664431,0.000130207,0.46365047
0.487739482,0.557893589,0.537662616,0.603785007,0.603655285,0.998997512,0.797529737,0.809433267,0.303710151,0.781666536,0.000132635,0.464591564
0.465607176,0.524967292,0.507093527,0.600931117,0.600931117,0.998866135,0.797333571,0.809206333,0.303642233,0.781374746,0.000220403,0.461504911
0.501145615,0.571631051,0.554526474,0.612930426,0.613002494,0.999106473,0.797695331,0.809584816,0.303771301,0.781852782,0.00017357,0.467497043
0.501486862,0.547754034,0.552920392,0.602819297,0.602783263,0.998958919,0.797444935,0.809352023,0.303642475,0.781612501,0.000157266,0.465653439
0.498708136,0.565961622,0.547406178,0.606840687,0.606797446,0.999062912,0.797523235,0.809417903,0.303561748,0.781663869,0.000117602,0.467121277
0.475064593,0.540449193,0.526634188,0.602905778,0.602905778,0.998983993,0.797416852,0.809335098,0.30354072,0.781592992,0.000134138,0.464407036
0.462048457,0.529273877,0.508913753,0.603316566,0.603367013,0.998946094,0.797365251,0.809287836,0.303530327,0.781501343,0.000179468,0.46216418
0.338955784,0.428314435,0.381979763,0.605464189,0.605420949,0.998973247,0.795970087,0.808022188,0.301035752,0.779746672,0.00018525,0.485295622
0.53371033,0.591910161,0.57942074,0.60874328,0.60874328,0.999109015,0.797557267,0.809441469,0.303524526,0.781709624,0.000102685,0.464405358
0.522595427,0.563344963,0.568392312,0.602999467,0.602920192,0.998997859,0.79744701,0.809361788,0.303564648,0.781625273,0.000120609,0.468557241
0.519524204,0.556966856,0.57181862,0.607265887,0.606876721,0.999064992,0.797474401,0.809377672,0.303471836,0.781635799,0.000116793,0.46889778
0.503485595,0.546500218,0.549440548,0.602531025,0.602531025,0.998977523,0.797421555,0.809341998,0.303562714,0.781592852,0.000134485,0.465737316
0.502218106,0.541757523,0.557952781,0.603864282,0.603864282,0.998991042,0.797413946,0.809336921,0.303521142,0.781592852,0.000142464,0.463881969
0.49480817,0.557893589,0.54954762,0.599035731,0.599035731,0.998953604,0.797506358,0.809422721,0.303760908,0.781687027,0.000102454,0.463801448
0.476185833,0.519733973,0.51126934,0.604484066,0.604368757,0.99896331,0.797383788,0.809221305,0.30352646,0.781465834,0.000178311,0.460969779
0.532199093,0.574356738,0.579795492,0.617549979,0.617549979,0.999245939,0.797702801,0.809540289,0.303492622,0.781908923,0.000106964,0.451230048
0.507824307,0.577082425,0.557792173,0.606199282,0.606350625,0.999034372,0.797505804,0.809408529,0.303591235,0.781655869,0.000138995,0.465665182
0.581046166,0.628543393,0.615343434,0.614451059,0.614544747,0.999146799,0.797653414,0.809503052,0.303613713,0.781775729,0.000158075,0.468699831
0.511480525,0.567433493,0.556453772,0.614883466,0.612418743,0.999092261,0.797547307,0.809421679,0.303542412,0.78168801,0.000178427,0.468560597
0.507726807,0.559474488,0.549440548,0.61723288,0.61723288,0.99917326,0.797560726,0.809425325,0.303396426,0.781682115,0.000174611,0.462635565
0.415882611,0.468163977,0.460677766,0.598869975,0.599050145,0.998878383,0.797241297,0.809170398,0.3034554,0.78141643,0.000177965,0.461771638
0.542582752,0.574520279,0.597408855,0.616079794,0.616079794,0.999129352,0.797573453,0.809468159,0.303510507,0.781743168,0.000199935,0.474807713
0.484034515,0.541593982,0.543283902,0.612188126,0.612188126,0.99901496,0.797383235,0.809337441,0.303417453,0.781596922,0.000252088,0.463472652
0.514600497,0.57015918,0.565447829,0.612116058,0.612116058,0.99907932,0.797496397,0.809411393,0.303480537,0.781678466,0.000186522,0.464428843
0.505240579,0.547099869,0.538197976,0.614162787,0.614292509,0.999046504,0.797470943,0.809341868,0.303504707,0.781608571,0.000254285,0.462133984
0.513333008,0.557348452,0.557685101,0.60436155,0.60436155,0.999008489,0.797482563,0.809385614,0.303604528,0.781643097,0.000132982,0.480261359
0.573928728,0.621892717,0.604047326,0.605247986,0.605175918,0.99904974,0.797660331,0.809498756,0.303828825,0.781771379,0.000104767,0.469327227
0.569736265,0.619766681,0.605653408,0.615647386,0.615272633,0.99918805,0.797747485,0.809575833,0.303692023,0.781853344,0.000128472,0.468795451
0.530736606,0.571685565,0.570587291,0.613499762,0.61296646,0.999174646,0.797566813,0.809438214,0.30340416,0.78170808,0.000104651,0.461568657
0.518500463,0.555876581,0.572942877,0.606372245,0.606372245,0.998975905,0.79751369,0.809414128,0.30372707,0.781677484,0.000197738,0.464316449
0.541559011,0.601068469,0.595695701,0.621737125,0.620216492,0.999214279,0.797684817,0.809570234,0.303527426,0.781847168,0.000181434,0.468116051
0.584409886,0.63257741,0.624712244,0.609903573,0.609961227,0.999066841,0.797706536,0.809562292,0.303873781,0.781841554,0.000164435,0.478114122
0.519085458,0.572830353,0.567696343,0.606120007,0.606055146,0.999042922,0.797520053,0.809413607,0.303598003,0.781680431,0.000125697,0.461832029
0.494418174,0.5539686,0.544086943,0.607712708,0.607712708,0.999023626,0.797516872,0.80941543,0.303633049,0.78170022,0.000171605,0.465628276
0.476185833,0.539686001,0.526527116,0.607741536,0.607763156,0.999024781,0.797454618,0.809355278,0.303521626,0.781612641,0.000171373,0.466309353
0.512309267,0.579426515,0.566357942,0.612296228,0.612325055,0.999066147,0.797530567,0.809439256,0.30356779,0.781701203,0.000203058,0.468969914
0.465607176,0.534725251,0.516783554,0.609687369,0.609615301,0.998834244,0.797407583,0.809325463,0.30383801,0.781541764,0.000391661,0.46380648
0.522400429,0.577518535,0.563574067,0.61011257,0.610191845,0.999094341,0.797564046,0.809432355,0.303567065,0.781700361,0.000140498,0.460709762
0.493296934,0.554350196,0.54141014,0.603539976,0.603539976,0.999000516,0.797462781,0.809363741,0.303586884,0.781625834,0.000127778,0.464521108
0.525422903,0.570104666,0.566572086,0.613016907,0.613024114,0.999107744,0.797591299,0.809458004,0.303586884,0.781725484,0.000172645,0.472454141
0.475015844,0.539031836,0.527651373,0.604296689,0.604296689,0.998830778,0.79741201,0.809331973,0.303852995,0.781569694,0.00030979,0.459547235
0.506898065,0.566833842,0.559291183,0.605896597,0.60474351,0.999004214,0.797656596,0.809563724,0.303917528,0.781841694,0.000143389,0.480368721
0.517281724,0.57642826,0.562824562,0.603612044,0.603439081,0.998989308,0.797495706,0.809391734,0.303667853,0.781655308,0.000137492,0.465104887
0.438356164,0.478249019,0.487981155,0.586726531,0.586726531,0.998707142,0.796965585,0.80891456,0.30333165,0.781151307,0.000151599,0.461202956
0.517427973,0.565689054,0.564591252,0.60914686,0.609096412,0.999048931,0.797493492,0.809401889,0.303539028,0.781665273,0.000168482,0.464880099
0.48115829,0.544101614,0.533112051,0.600866256,0.600556364,0.998949329,0.797421278,0.809338743,0.303621206,0.781598887,0.000131132,0.461845449
0.458538488,0.506650676,0.500347984,0.597349342,0.597349342,0.998854349,0.797284183,0.809212452,0.303580358,0.781431307,0.000174727,0.461738087
0.583288646,0.611044483,0.629369881,0.61932285,0.618277865,0.999223407,0.797705153,0.809555261,0.30354362,0.781832291,0.000141192,0.471118828
0.516452981,0.576210205,0.564162964,0.608354113,0.608354113,0.999032523,0.797576496,0.809467769,0.303718127,0.781734747,0.000172992,0.46654253
0.551601423,0.605211513,0.587986509,0.613881722,0.614112339,0.999158585,0.797709995,0.809540419,0.303687914,0.781816291,0.000139226,0.473799519
0.498123141,0.519515918,0.54397987,0.619985875,0.618335519,0.999058637,0.79735944,0.809249558,0.303284519,0.781692782,0.000307015,0.4635213
0.562716326,0.606846925,0.600032122,0.609449545,0.609413511,0.999038069,0.79768039,0.809519197,0.303888525,0.781793273,0.00018444,0.469112503
0.542144006,0.597252508,0.58755822,0.616541028,0.616541028,0.999177535,0.797645528,0.809509562,0.303535644,0.781782326,0.000159231,0.47419877
0.582313655,0.630941997,0.630654746,0.617377016,0.617377016,0.999211621,0.79771041,0.809574921,0.3035777,0.781853063,0.000138533,0.474478918
0.580168674,0.62996075,0.61159591,0.61027112,0.61027112,0.999075507,0.797785806,0.809592889,0.303994147,0.781872852,0.000160735,0.462519816
0.515234242,0.564653293,0.567000375,0.613629484,0.613629484,0.999048931,0.797509816,0.809409831,0.303567548,0.781691799,0.000241218,0.463482717
0.56115634,0.615678151,0.614701001,0.617492325,0.61759322,0.999101851,0.797633493,0.809523233,0.303672929,0.781806887,0.000251856,0.467758738
0.487836981,0.549552987,0.536645431,0.604037245,0.604037245,0.999017849,0.797468452,0.809375068,0.303560539,0.781637062,0.000118412,0.459941454
0.48803198,0.550534235,0.541784892,0.604527307,0.604419205,0.998997166,0.797461397,0.80938939,0.303591235,0.781678045,0.000145124,0.464405358
0.459659728,0.495965983,0.502114674,0.601212182,0.601168942,0.998889245,0.797099498,0.80900648,0.303184697,0.781361693,0.000201092,0.460969779
0.50626432,0.561655037,0.556560844,0.613146629,0.613132216,0.999118952,0.797640271,0.80951464,0.303649001,0.781868502,0.000163047,0.475985338
0.487349486,0.530473179,0.534664597,0.601565315,0.601990516,0.998933384,0.797359025,0.809290049,0.303545796,0.781551167,0.000170101,0.463408906
0.488080729,0.551351941,0.542373789,0.60470027,0.604685856,0.999020737,0.797440231,0.8093696,0.303504948,0.781645624,0.000125928,0.464977395
0.452201043,0.512647187,0.499330799,0.601313077,0.601269837,0.998931419,0.797322642,0.809244871,0.303486579,0.781497694,0.000160619,0.461385806
0.423487544,0.456498038,0.471973874,0.600758154,0.601010392,0.998899875,0.797027008,0.808990075,0.303035569,0.781333483,0.000187794,0.463605177
0,0.006923245,0,0.593500915,0.593551363,0.998775199,0.795533346,0.807546707,0.300686981,0.779669057,0.000192997,0.441099452
0.541071516,0.593709115,0.581990471,0.609067585,0.609067585,0.99908579,0.797534303,0.809421028,0.303533469,0.781689413,0.000131247,0.462994556
0.505971823,0.544755778,0.552224423,0.600945531,0.600967151,0.998957995,0.797410349,0.809332233,0.303584226,0.781593273,0.00012905,0.463615242
0.523570419,0.543392935,0.564644788,0.604642615,0.605413742,0.999038069,0.797425982,0.809337962,0.303443799,0.781603097,0.000120146,0.46977345
0.523862916,0.54726341,0.569248889,0.602869744,0.602869744,0.998998321,0.797425152,0.809342259,0.303525493,0.781635659,0.000119221,0.471855263
0.518549213,0.541103358,0.560790192,0.604109313,0.604109313,0.998989308,0.797411456,0.809331713,0.303520417,0.78158401,0.00014813,0.46743833
0.496806903,0.55762102,0.548905188,0.596960175,0.596960175,0.998912007,0.797543018,0.809458785,0.303911969,0.781724922,0.000110895,0.462882162
0.478574562,0.545246402,0.531880722,0.604815578,0.604815578,0.99899497,0.79739527,0.809337702,0.303480053,0.781582185,0.000153681,0.459676405
0.502461853,0.542847798,0.553991113,0.612260194,0.612260194,0.999145644,0.797424737,0.809352935,0.303216602,0.781791308,0.000122459,0.465465556
0.482669527,0.53952246,0.530595856,0.605629946,0.605197538,0.999014613,0.797403156,0.809320125,0.303452741,0.781586957,0.000140267,0.460620853
0.541071516,0.593000436,0.582204615,0.61107828,0.61087649,0.999095843,0.797569579,0.809448239,0.303573833,0.781716642,0.000150096,0.46143781
0.475698338,0.527474924,0.527383693,0.612598913,0.612894392,0.999041998,0.797330112,0.809269609,0.303267842,0.78158429,0.000236245,0.466703572
0.478379564,0.519897514,0.524492746,0.610581012,0.610581012,0.999041189,0.797274361,0.809200474,0.303172371,0.781511588,0.000200167,0.462033332
0.387071613,0.608155255,0.400877991,0.597940299,0.598466395,0.998871912,0.797707505,0.809530915,0.304283219,0.781149342,0.000175074,0.463821578
0.534149076,0.550425207,0.575833824,0.607366782,0.607366782,0.999037261,0.797467484,0.809378844,0.303518,0.781642536,0.000152409,0.472059921
0.493881929,0.537614479,0.541142459,0.609363064,0.609363064,0.998978331,0.797372583,0.809309449,0.303475461,0.781558887,0.000243415,0.456963841
0.434553698,0.487189272,0.483484127,0.608700039,0.608700039,0.998880116,0.797171574,0.809126912,0.303329717,0.781370535,0.000331067,0.4713822
0.518939209,0.563290449,0.560576048,0.603287738,0.603287738,0.998990117,0.797521714,0.809408008,0.303711359,0.78166415,0.000134138,0.473935398
0.552088919,0.605266027,0.587879437,0.60454172,0.604577754,0.999031021,0.797658256,0.809502401,0.303864355,0.781775308,0.000113902,0.458461874
0.542192756,0.556585259,0.584024841,0.613088975,0.61222416,0.999146568,0.797528492,0.809390041,0.303395942,0.781810115,0.000120956,0.462652341
0.495198167,0.54726341,0.544140479,0.613312386,0.612209746,0.999040611,0.797465132,0.809384963,0.303506882,0.781648712,0.000226879,0.463524655
0.503241847,0.542357174,0.552759784,0.608375733,0.608375733,0.999034834,0.797391812,0.809341217,0.303391108,0.781601554,0.000171026,0.468862552
0.53258909,0.580571304,0.578778307,0.6187391,0.61876072,0.999198564,0.797620904,0.809505266,0.303448633,0.781781624,0.000173802,0.467765448
0.566226296,0.602812909,0.594036083,0.608656798,0.608858588,0.999067072,0.797680667,0.809503052,0.303827858,0.78177601,0.000146396,0.479035086
0.409301419,0.460586568,0.451469565,0.597342135,0.597342135,0.998927144,0.797133669,0.809073271,0.30316512,0.781320851,0.00010176,0.46201488
0.515867986,0.566724815,0.559826543,0.607381196,0.607431644,0.999057481,0.797531259,0.809418945,0.303587126,0.78168394,0.000133213,0.47269906
0.566470043,0.600359791,0.598051288,0.617910319,0.617910319,0.999237735,0.797690627,0.809519848,0.303488513,0.781793975,0.000120956,0.471095342
0.488958222,0.543065853,0.536217142,0.604793958,0.604793958,0.998978216,0.797408274,0.809326895,0.303538061,0.781586115,0.000170217,0.459787122
0.48803198,0.550261666,0.534557524,0.602055377,0.602055377,0.998963657,0.797425152,0.809337181,0.303598003,0.781597203,0.000140845,0.469198057
0.484034515,0.537723506,0.533219123,0.606840687,0.606840687,0.999055864,0.797418235,0.80932989,0.303393042,0.781622326,0.00012535,0.468582404
0.481597036,0.528129089,0.53000696,0.605932631,0.605954251,0.999021431,0.79734865,0.809262187,0.303343494,0.78161194,0.000145586,0.461711247
0.489591966,0.544973833,0.536645431,0.609622508,0.60952882,0.999007449,0.797425705,0.809337311,0.303507365,0.781604782,0.000216934,0.465039464
0.474723346,0.508177061,0.526634188,0.60604794,0.606062353,0.998827311,0.797236317,0.809179903,0.303553288,0.781588501,0.00034159,0.456084816
0.506605567,0.567106411,0.553669897,0.608282045,0.608145116,0.999026052,0.797516042,0.809411393,0.303626281,0.78168001,0.000176114,0.464620082
0.497586896,0.557566507,0.544515231,0.604116519,0.604116519,0.999015422,0.797459875,0.809366606,0.303550388,0.781628922,0.000122112,0.464430521
0.524204163,0.569341474,0.565715509,0.61051615,0.610523357,0.999106011,0.797563492,0.809438605,0.30354217,0.781705413,0.000134254,0.467268899
0.443523619,0.485008722,0.488034691,0.597406996,0.597406996,0.998911545,0.797259973,0.809192792,0.30341842,0.781454746,0.000118412,0.463667245
0.450348559,0.492586132,0.494726698,0.592304588,0.592304588,0.998584315,0.797036692,0.80896039,0.303712809,0.781283237,0.000364024,0.455007842
0.452981036,0.513628434,0.505005621,0.601976102,0.604008418,0.998924255,0.79718444,0.809156076,0.303259866,0.781400851,0.000211615,0.471736158
0.491834446,0.550261666,0.537823224,0.602927399,0.602949019,0.998959035,0.797454342,0.809357101,0.303658669,0.781619378,0.00015981,0.458263926
0.436503681,0.467237244,0.477702232,0.581717811,0.581717811,0.998606269,0.79679681,0.808757933,0.303247781,0.781016991,0.000172183,0.45912282
0.495295666,0.547426952,0.543337438,0.607424437,0.60741723,0.999007796,0.797445488,0.809360226,0.303541203,0.781622606,0.000182706,0.462674148
0.47423585,0.534779765,0.523368489,0.600311333,0.600268093,0.998917438,0.797386278,0.809309188,0.303627006,0.781564922,0.000158538,0.463108628
0.446009847,0.465601832,0.478665881,0.595706194,0.595706194,0.998821072,0.797154143,0.809066761,0.303422771,0.781334605,0.000181665,0.462234636
0.559206357,0.575665068,0.595374485,0.612685395,0.614220441,0.999158123,0.797595311,0.809463733,0.303488513,0.781733624,0.000141539,0.477263615
0.481353288,0.540340166,0.529418063,0.606530795,0.606530795,0.998982838,0.79742114,0.809333145,0.303550871,0.781594957,0.00019346,0.458656467
0.512699264,0.57277584,0.556079019,0.613658312,0.61242595,0.999107282,0.797630864,0.809485476,0.303656977,0.781757063,0.00016351,0.471937462
0.510261785,0.561709551,0.550939558,0.60472189,0.604714683,0.999034603,0.797479105,0.809371032,0.303543862,0.781632711,0.000112399,0.466326128
0.482767026,0.539467946,0.537073719,0.607078511,0.606797446,0.998957533,0.797396239,0.809334317,0.303560297,0.781607729,0.000223178,0.465790997
0.539755277,0.584387266,0.585309706,0.613852895,0.613852895,0.999131778,0.797570548,0.8094554,0.303500114,0.781757063,0.000161891,0.466614663
0.54740896,0.592564326,0.59285829,0.614119546,0.614119546,0.999119415,0.797612742,0.809498235,0.303599936,0.781770817,0.000178543,0.47870629
0.533174085,0.590002181,0.572300444,0.608577523,0.608577523,0.999028363,0.797652445,0.809497975,0.303860004,0.781771519,0.00018074,0.46069131
0.509384293,0.562799826,0.556935596,0.613341213,0.613341213,0.999053784,0.797485745,0.809397072,0.303515341,0.781651378,0.000231736,0.461389161
0.364208063,0.415340166,0.450184699,0.613413281,0.613701552,0.99906557,0.796920624,0.809002834,0.302503348,0.7813405,0.000225722,0.455101784
0.496319407,0.595998692,0.551903207,0.607849637,0.607849637,0.999014382,0.79758286,0.809497714,0.303767433,0.781657413,0.000183053,0.464165471
0.484717009,0.550534235,0.536163606,0.606602863,0.606602863,0.998984109,0.797485883,0.809393036,0.303661328,0.78162401,0.000193344,0.471370457
0.493199435,0.55571304,0.545532416,0.611020626,0.611020626,0.998995317,0.797454203,0.809368949,0.303582534,0.781602676,0.000253013,0.475470337
0.456686004,0.515863498,0.517961347,0.595345854,0.595345854,0.99889664,0.797257068,0.809227815,0.303444524,0.781485062,0.000100257,0.460696342
0.454346024,0.514119058,0.505808662,0.595850329,0.59589357,0.998888089,0.797127582,0.809069235,0.303236179,0.781323798,0.000117602,0.462558399
0.473748355,0.557075883,0.527116013,0.605529051,0.605529051,0.998969203,0.797472879,0.809394207,0.303669787,0.781582606,0.000191031,0.46261879
0.479744552,0.545682512,0.53204133,0.60703527,0.60703527,0.998983184,0.797462089,0.80937611,0.303621689,0.781608431,0.000201207,0.470727964
0.490128211,0.550861317,0.537502008,0.605320054,0.605320054,0.99898226,0.797441891,0.809355018,0.303588335,0.781601132,0.000174611,0.463065013
0.502461853,0.556912342,0.544247551,0.605543464,0.605543464,0.999008374,0.797437741,0.80934291,0.30352646,0.781603097,0.000152062,0.465418585
0.361721835,0.394297863,0.404090155,0.597608787,0.597608787,0.998830893,0.796849241,0.808807278,0.302869522,0.78110064,0.000202248,0.464165471
0.497245649,0.558384213,0.550832486,0.611777339,0.611777339,0.999016115,0.797535133,0.809442641,0.303680664,0.781728431,0.00024434,0.471088632
0.508165554,0.572121675,0.558059853,0.606703758,0.606703758,0.999010916,0.797483947,0.809390432,0.303602111,0.781649834,0.000168251,0.472195801
0.41027641,0.467455299,0.457412067,0.605629946,0.605629946,0.998928762,0.797096593,0.809040071,0.303096719,0.781285342,0.000233008,0.466123147
0.494320675,0.568523768,0.545693024,0.611013419,0.611013419,0.999007218,0.797614955,0.809506437,0.303838493,0.781717484,0.000240986,0.469208123
0.504314337,0.563072394,0.551796135,0.607669468,0.607669468,0.999018195,0.797478966,0.809385094,0.303577941,0.781644501,0.000176346,0.472613506
0.508068054,0.562472743,0.562289202,0.610098157,0.610278326,0.999078049,0.79760624,0.809503573,0.303675104,0.781765905,0.000158306,0.481784555
0.511090528,0.574520279,0.56828524,0.618061661,0.618061661,0.999142062,0.797651892,0.809563855,0.303620964,0.781846045,0.000219131,0.465760801
0.490761956,0.549389446,0.544729375,0.609499993,0.609499993,0.999056441,0.797440508,0.809358794,0.303430505,0.781628361,0.000167442,0.464309739
0.486520743,0.551515482,0.540500027,0.610905317,0.610905317,0.999039803,0.7974845,0.809400717,0.303542412,0.781638326,0.000206642,0.465376647
0.524399162,0.574302224,0.569891322,0.615380735,0.615546491,0.99917765,0.79770792,0.809575182,0.303644409,0.781819238,0.000143158,0.486018637
0.447179837,0.469853903,0.495422667,0.609089206,0.609089206,0.998833089,0.79668503,0.808627996,0.302577791,0.781135026,0.00038426,0.464541238
0.485107005,0.543392935,0.531880722,0.607201026,0.607201026,0.999023164,0.79742944,0.809341998,0.303481262,0.781576852,0.000163973,0.464651955
0.46970214,0.532762756,0.520959366,0.609096412,0.609096412,0.998983531,0.797344223,0.809254896,0.303415036,0.781453062,0.000234048,0.463611887
0.507336811,0.568251199,0.556507308,0.612375503,0.612483605,0.999116526,0.797678453,0.809540159,0.303720786,0.781777133,0.000155184,0.494169749
0.517330473,0.575610554,0.565180149,0.616548235,0.616548235,0.999159741,0.797646358,0.809508781,0.303574074,0.781777975,0.000177039,0.466472073
0.489786964,0.547317924,0.536913111,0.604210208,0.604253448,0.999015538,0.797448808,0.809351893,0.30353081,0.781619518,0.000124194,0.462643953
0.480719544,0.546064108,0.533058515,0.611114314,0.611114314,0.9990435,0.797477306,0.809386786,0.303521867,0.781646887,0.00020618,0.463231088
0.458587237,0.519897514,0.511215804,0.601608556,0.601219389,0.998946209,0.797308116,0.809241876,0.303430022,0.781479308,0.000144893,0.46056214
0.381952908,0.438344963,0.426468226,0.597003416,0.597536719,0.998883929,0.795724256,0.807751638,0.300793087,0.779888847,0.00014813,0.464677118
0.508896797,0.569505015,0.561753841,0.604938094,0.604938094,0.999046735,0.797446595,0.809360356,0.303461684,0.781621904,0.000103957,0.463893712
0.506898065,0.561382468,0.556186091,0.6064299,0.6064299,0.999049046,0.797484085,0.809381708,0.303522351,0.781644361,0.000125697,0.461296897
0.448154829,0.513410379,0.507575352,0.602307615,0.602307615,0.998990002,0.797246139,0.809209848,0.303230137,0.781457272,0.000118412,0.457540911
0.471505874,0.532272133,0.524653354,0.604851612,0.604974128,0.998999477,0.797294559,0.809226383,0.303294912,0.781476781,0.000151946,0.462806673
0.527616633,0.575392499,0.576851009,0.604181381,0.604181381,0.999034025,0.797448531,0.809370642,0.303491655,0.781632571,0.000104535,0.466876358
0.499244382,0.558438727,0.552010279,0.606480347,0.606480347,0.998989771,0.797399144,0.809321297,0.303497939,0.781578957,0.000185712,0.461516654
0.523765417,0.577954645,0.574227742,0.610588218,0.610588218,0.999069498,0.797499717,0.809400066,0.30350664,0.781666255,0.000171836,0.46699043
0.442109882,0.493512865,0.492424648,0.601096874,0.601089667,0.998945169,0.797202977,0.809140192,0.303248506,0.781398465,0.000143852,0.460058881
0.502169356,0.561982119,0.555168906,0.604527307,0.604527307,0.999033332,0.797436911,0.809352674,0.303472561,0.781618536,0.000110664,0.461597175
0.47881831,0.532708242,0.527811981,0.604981334,0.604981334,0.999035527,0.79738033,0.80929031,0.303369597,0.781547378,0.000115868,0.4647979
0.458830985,0.522732229,0.520049253,0.600354574,0.60031854,0.998976598,0.797275191,0.809234455,0.303308931,0.781493764,0.000100026,0.464333224
0.49144445,0.551079372,0.544782911,0.607128958,0.607251474,0.999066956,0.7973961,0.809312834,0.303331409,0.781570957,0.00012084,0.462627178
0.554477648,0.592455299,0.597141175,0.608519869,0.608519869,0.999082555,0.797501239,0.809391343,0.303482229,0.781662466,0.000125581,0.474086376
0.508019305,0.56476232,0.55864875,0.606725378,0.606638896,0.998997397,0.797413393,0.809330541,0.303506882,0.781590887,0.000180624,0.461189536
0.503241847,0.55614915,0.552277959,0.609399098,0.609399098,0.999043038,0.79744452,0.809349159,0.303465793,0.781608571,0.000179237,0.464136953
0.468970897,0.532599215,0.526098828,0.604880439,0.604909266,0.999015769,0.797322088,0.809271301,0.303308931,0.781519027,0.00013437,0.464670408
0.489689465,0.549116877,0.543551582,0.603323772,0.603446288,0.999007334,0.797399282,0.809321948,0.303461684,0.781587378,0.000119452,0.464279543
0.493199435,0.5539686,0.548262755,0.60663169,0.60663169,0.999034834,0.797447978,0.80936986,0.303488755,0.781633554,0.000142927,0.46233361
0.494613172,0.55353249,0.547566786,0.603828248,0.603806627,0.999030674,0.797412286,0.809328458,0.303435339,0.781587378,0.000101876,0.464007784
0.494661922,0.551733537,0.545264736,0.607640641,0.607698295,0.999074582,0.797420033,0.809321948,0.303357029,0.781580782,0.000120493,0.465500784
0.535124068,0.59131051,0.592483538,0.608130702,0.608130702,0.999056672,0.797500409,0.809416211,0.303534919,0.781680992,0.000145239,0.474291034
0.507678058,0.563944614,0.556293163,0.607698295,0.607755949,0.999021199,0.797423215,0.809335619,0.303474253,0.781595659,0.000174727,0.465671892
0.52454541,0.57468382,0.57235398,0.610775595,0.610775595,0.999067534,0.797499026,0.809393426,0.303509782,0.781658957,0.000176808,0.468325743
0.490128211,0.547372438,0.539054553,0.606011906,0.60588939,0.999041998,0.797446871,0.809346034,0.303472077,0.781603238,0.000123847,0.463284769
0.504606835,0.561327955,0.556453772,0.604015624,0.603965177,0.999029634,0.797443136,0.80935658,0.303491413,0.781627659,0.00010546,0.462341998
0.487690733,0.541266899,0.539696986,0.603943556,0.603943556,0.999026052,0.797416298,0.809331973,0.303452016,0.781590466,0.000108698,0.462452715
0.503680593,0.559038378,0.554687082,0.60627135,0.606220903,0.99905309,0.797471911,0.809373115,0.303492622,0.781634115,0.00011818,0.461214699
0.532394092,0.582751853,0.580652069,0.606206489,0.606105594,0.999057019,0.797508018,0.809404753,0.303547487,0.781669905,0.000112399,0.458718536
0.520304197,0.576973397,0.569677178,0.607157785,0.607107338,0.99901496,0.797452267,0.80936283,0.303538061,0.781626676,0.000170564,0.46422083
0.486569493,0.547317924,0.541249532,0.605802909,0.605802909,0.999005254,0.797409658,0.809334707,0.303483921,0.781589624,0.000159347,0.470348842
0.488421976,0.548299171,0.539589914,0.606365038,0.606538001,0.999047313,0.797440231,0.809364913,0.303449358,0.781625273,0.000128935,0.469879134
0.496611905,0.546391191,0.547673858,0.601723865,0.601723865,0.998991157,0.797432622,0.809342389,0.303553288,0.781602536,0.000108004,0.467131342
0.598206016,0.650839512,0.646287274,0.621895674,0.621895674,0.999278292,0.797738078,0.80961346,0.303486579,0.781895028,0.000144314,0.469127601
0.515526739,0.575719581,0.564966005,0.605456983,0.605464189,0.999005947,0.797475508,0.809382229,0.303597519,0.781646185,0.000153218,0.462040043
0.50855555,0.560728304,0.556132555,0.602502198,0.602444544,0.998990579,0.797458769,0.809361918,0.303600419,0.781623869,0.000120146,0.459263733
0.43430995,0.4829372,0.482841694,0.606170455,0.606076767,0.99896123,0.797144321,0.809080822,0.303112429,0.781317202,0.000207799,0.461558592
0.458733486,0.527311382,0.511429948,0.605795702,0.605795702,0.99900664,0.797342839,0.809275988,0.30336428,0.781480711,0.000157844,0.465041141
0.479013309,0.58313345,0.525509931,0.609788264,0.609788264,0.999050433,0.797924976,0.809804069,0.304289745,0.781493623,0.00017808,0.465046174
0.529030371,0.578227213,0.575726752,0.61240433,0.612548466,0.999078395,0.797667939,0.809520238,0.303782177,0.781792572,0.000194385,0.469390973
0.507336811,0.571631051,0.561914449,0.606638896,0.606379452,0.998993584,0.797580508,0.809485085,0.30380683,0.781764361,0.000180277,0.464472459
0.471213377,0.543229394,0.519995717,0.607972153,0.607972153,0.9990108,0.797479381,0.809390692,0.303593894,0.781524781,0.000188603,0.462712732
0.520206698,0.568305713,0.565608437,0.616137448,0.616137448,0.999121263,0.797561832,0.809434438,0.303507124,0.781694747,0.000208955,0.476374525
0.498171891,0.563344963,0.549922373,0.607604607,0.607539745,0.998994624,0.797528907,0.809442901,0.303714501,0.781691238,0.000197854,0.465928554
0.509335543,0.559310946,0.559558863,0.608051428,0.608051428,0.999060139,0.797491694,0.809385354,0.303512441,0.781657975,0.000140498,0.459161403
0.502608102,0.57277584,0.552492103,0.602985053,0.60301388,0.999019697,0.79750788,0.809415299,0.303625314,0.781660641,0.000100141,0.477954757
0.506800565,0.526275621,0.54697789,0.58973897,0.589313769,0.998787332,0.797260942,0.809182246,0.303679938,0.781429062,0.000112977,0.463957458
0.512114269,0.592237244,0.559612399,0.613175457,0.613175457,0.999062334,0.797564876,0.809463472,0.303635949,0.781671308,0.000220519,0.462464457
0.527421635,0.591855648,0.583703624,0.622162326,0.622162326,0.999260844,0.797823157,0.80974548,0.303671721,0.782016712,0.000166054,0.472700737
0.513918003,0.592237244,0.562235666,0.656127935,0.655183845,0.999226989,0.797733651,0.80960031,0.303586159,0.781806887,0.000729898,0.480014762
0.617900843,0.666921064,0.65313989,0.613355626,0.613701552,0.999063721,0.799055356,0.810595668,0.306236871,0.782952574,0.000227688,0.465566208
0.566080047,0.590383777,0.61363028,0.613543003,0.613543003,0.999120339,0.797602366,0.809516072,0.303579875,0.781789624,0.000168251,0.470595439
0.558231365,0.608155255,0.591038064,0.605536257,0.605536257,0.99902663,0.79746112,0.809362439,0.303529118,0.78162415,0.000133676,0.46523238
0.433481207,0.485499346,0.503346004,0.6440998,0.6440998,0.991251804,0.787120032,0.803400703,0.301725078,0.775186239,0.008533164,0.440966928
0.42738751,0.479230266,0.47202741,0.599958201,0.599958201,0.998856545,0.797260665,0.809194485,0.303534677,0.781441834,0.00021439,0.439888277
0.5485302,0.598560837,0.59612399,0.614400611,0.614400611,0.999195676,0.797656596,0.809549533,0.303516792,0.781819659,0.000106732,0.472088439
0.418027592,0.480538596,0.465228331,0.602213926,0.602213926,0.998703445,0.797139202,0.809080171,0.303642717,0.78131636,0.000403803,0.434760071
0.476868327,0.549389446,0.53787676,0.606220903,0.606220903,0.998945747,0.797369954,0.809321427,0.303539028,0.781565904,0.000225722,0.456561234
0.46165846,0.529709987,0.510733979,0.598257398,0.598257398,0.998908079,0.797246416,0.809225472,0.303402226,0.781314114,0.000135526,0.462199408
0.523619168,0.543338421,0.564805396,0.60586777,0.60586777,0.999037954,0.79738199,0.809308668,0.30336718,0.781566466,0.000127663,0.463157277
0.499780627,0.581661579,0.540232346,0.611964716,0.611964716,0.999007218,0.797465409,0.809370381,0.303577458,0.78159215,0.00025625,0.463180762
0.469409643,0.527202355,0.523207881,0.603965177,0.603965177,0.998869833,0.797151376,0.80918511,0.30331594,0.781391307,0.000265386,0.45264085
0.461268464,0.534180113,0.523582633,0.587432797,0.587432797,0.998380606,0.797077087,0.809315438,0.304209259,0.781517062,0.000489721,0.455524521
0.525812899,0.575228958,0.573371165,0.604801165,0.604801165,0.999042807,0.79748201,0.809400196,0.303531535,0.781647729,0.000105692,0.464489234
0.531077853,0.604012211,0.57765405,0.617549979,0.617549979,0.999099194,0.79761869,0.809511385,0.303652626,0.781715378,0.000253822,0.478795199
0.486569493,0.540612734,0.540500027,0.605276813,0.605276813,0.99897267,0.797385863,0.809334707,0.303510507,0.781594817,0.000183515,0.467590985
0.530054112,0.584496293,0.572461053,0.604534513,0.604534513,0.999043616,0.797490864,0.809388869,0.303545554,0.781652922,0.000100604,0.462019912
0.485594501,0.559310946,0.548423363,0.621917295,0.621917295,0.999026861,0.798029008,0.810307672,0.304520809,0.782643381,0.000396286,0.462694279
0.560961342,0.588639337,0.595963381,0.623589271,0.623589271,0.999050433,0.797482978,0.809380146,0.303517275,0.781643799,0.000399524,0.44932773
0.440549895,0.517553423,0.485839713,0.600707707,0.600707707,0.998882889,0.797290547,0.809222607,0.303532019,0.781404921,0.000200051,0.465775899
0.507921806,0.567433493,0.551260774,0.605810115,0.605810115,0.999004907,0.797429164,0.809341087,0.303518725,0.78160029,0.00015981,0.456485745
0.61604836,0.672754034,0.644092296,0.625434209,0.625434209,0.999338261,0.797877802,0.809674652,0.303605253,0.781927168,0.000141077,0.443384246
0.477794569,0.591855648,0.525991755,0.62338748,0.62338748,0.998981913,0.797499302,0.809417382,0.303689365,0.781562115,0.000464859,0.466710282
0.513966753,0.579753598,0.565287221,0.63756324,0.63756324,0.999131316,0.797569579,0.809477143,0.303499631,0.781734185,0.000542798,0.459515362
0.465948423,0.516081553,0.519032068,0.606523588,0.606523588,0.998942165,0.797195507,0.809164018,0.303241497,0.78153222,0.000234048,0.463898744
0.508896797,0.552115133,0.552920392,0.612116058,0.612555672,0.999066147,0.797444243,0.809352284,0.303417212,0.781618817,0.000206758,0.45795526
0.653000536,0.697121675,0.69495155,0.638464089,0.638464089,0.999418451,0.797962328,0.809788575,0.303585192,0.782085485,0.000269896,0.468466655
0.570613757,0.614587876,0.612024198,0.658578244,0.658578244,0.999123921,0.797589639,0.809471545,0.303550146,0.781744712,0.000887394,0.470820228
0.410520158,0.460150458,0.469832432,0.602689575,0.602689575,0.998775431,0.796924636,0.808955833,0.303117022,0.781277904,0.000339393,0.470219672
0.56686004,0.641354121,0.623373842,0.612281814,0.612281814,0.999048469,0.798072447,0.809929969,0.304551746,0.782236222,0.000220172,0.468194895
0.529761615,0.521205844,0.564109428,0.596109774,0.596109774,0.998886009,0.797298017,0.809218701,0.303538303,0.781422886,0.000123037,0.476557376
0.489738215,0.551406454,0.53584239,0.605702014,0.605702014,0.99900872,0.797445073,0.809350591,0.303538786,0.781611659,0.000154375,0.460644339
0.591673573,0.651602704,0.640451844,0.64816443,0.64816443,0.99918805,0.797648157,0.8095343,0.303518242,0.781810677,0.000656006,0.465104887
0.534782821,0.587930659,0.582365223,0.625398175,0.625398175,0.999101158,0.797547998,0.809447588,0.303525009,0.781728852,0.000377669,0.468998432
0.387802857,0.386393371,0.424540928,0.599230315,0.599230315,0.997379389,0.795912261,0.807925451,0.304268717,0.780375726,0.001681008,0.448304438
0.511139278,0.589293502,0.574013598,0.603849868,0.603849868,0.999001788,0.797454342,0.80938952,0.30356924,0.781649834,0.000131479,0.462643953
0.497391898,0.553641518,0.544086943,0.605276813,0.605406535,0.999024088,0.797419757,0.809339004,0.303462168,0.78159608,0.000134138,0.460550397
0.485009506,0.555494985,0.543872798,0.627509765,0.627509765,0.998984455,0.797403709,0.80937598,0.303517033,0.781639027,0.000528574,0.458295799
0.482815775,0.516681204,0.518443171,0.602884158,0.602884158,0.998941125,0.797285013,0.809156727,0.303400051,0.781398886,0.000176693,0.4576164
0.469994638,0.534289141,0.520049253,0.608822554,0.608822554,0.998960653,0.797381713,0.809308017,0.303528393,0.781564641,0.000252434,0.450478515
0.631940721,0.682784562,0.656887414,0.629376324,0.629376324,0.999385982,0.79793134,0.809710587,0.303598969,0.781971239,0.000156456,0.486552091
0.635548189,0.669319669,0.661437978,0.614948327,0.614948327,0.999194982,0.797683157,0.809528311,0.30356489,0.781803519,0.00011633,0.466025851
0.301906108,0.333951156,0.332565983,0.51269116,0.51269116,0.987298702,0.7651138,0.778927377,0.27154631,0.748815786,0.010380919,0.420529596
0.504168089,0.569395988,0.558220461,0.617326569,0.617326569,0.999112597,0.797574283,0.809490033,0.303547246,0.781761975,0.000236939,0.451599104
0.334080827,0.394025294,0.407998287,0.627091771,0.627091771,0.975998415,0.765709909,0.78685926,0.296225461,0.757362896,0.023525551,0.391291949
0.362355579,0.429622765,0.429894534,0.591598322,0.591555082,0.998597141,0.796941237,0.808990726,0.303518967,0.781224149,0.000339046,0.449240499
0.531614098,0.600414304,0.602923069,0.615027602,0.615027602,0.999099772,0.797616062,0.809645228,0.303646826,0.781911168,0.000212771,0.466715315
0.441378638,0.484845181,0.479201242,0.59739979,0.597197999,0.998850767,0.797088016,0.809010255,0.30324488,0.781248289,0.000175883,0.455836542
0.390337835,0.438944614,0.430965255,0.594762104,0.594762104,0.998251308,0.796200147,0.808196392,0.302947832,0.780367445,0.000736604,0.42138178
0.459318481,0.537887048,0.513624926,0.605903804,0.605903804,0.998941934,0.797395824,0.809338873,0.303592202,0.781553553,0.000224335,0.433097641
0.422122556,0.488824684,0.490979174,0.576118134,0.576118134,0.99836674,0.796599398,0.808863783,0.303403918,0.781066815,0.000322048,0.465187086
0.44459611,0.505124291,0.49226404,0.627012497,0.627012497,0.998725399,0.797153728,0.809093842,0.303622414,0.781334886,0.000779853,0.452065457
0.525081656,0.574792848,0.566946839,0.607943326,0.607712708,0.99905829,0.797571793,0.809442771,0.30365601,0.781726606,0.000136798,0.458679953
0.507141813,0.567924117,0.557310349,0.602458957,0.602516612,0.998996126,0.797469698,0.80938926,0.30360767,0.78164815,0.000115752,0.459807252
0.383366646,0.42766027,0.421328765,0.629369117,0.629369117,0.992471058,0.792182325,0.804326145,0.308019401,0.775945259,0.007076838,0.393627069
0.5028031,0.581007414,0.549868837,0.610335981,0.610335981,0.999045464,0.797565152,0.809459176,0.303671237,0.781667659,0.000191841,0.473249289
0.509823039,0.576646315,0.561004336,0.607251474,0.60703527,0.999078164,0.797813474,0.8096865,0.304037169,0.781957063,0.00010627,0.463028107
0.50855555,0.567815089,0.562342738,0.61240433,0.61240433,0.99910682,0.797653829,0.809581561,0.303698066,0.781840572,0.000163626,0.460020298
0.490859455,0.577627562,0.544675839,0.656099108,0.654549648,0.999149226,0.797757307,0.809657206,0.303790395,0.781808431,0.000797429,0.484049219
0.617413348,0.66365024,0.649660046,0.61393217,0.611337725,0.999100003,0.798676303,0.81027968,0.305498723,0.782612363,0.00015345,0.463855129
0.547603958,0.584986917,0.596873494,0.615027602,0.615027602,0.999144951,0.797609006,0.809522322,0.303539995,0.781797765,0.000167557,0.47328284
0.557110125,0.60837331,0.592055249,0.611914268,0.611914268,0.999094803,0.797534303,0.80941569,0.303514375,0.78168001,0.000167789,0.458950035
0.484863257,0.54944396,0.55511537,0.6391127,0.6391127,0.998858509,0.797086218,0.809400717,0.303225786,0.78164029,0.000840677,0.454006358
0.517476722,0.569450502,0.575137855,0.602826504,0.602826504,0.999011609,0.797432069,0.809361528,0.303509782,0.781650957,0.000105229,0.454907191
0.51308926,0.556421718,0.553562825,0.610415255,0.610415255,0.999088679,0.797490034,0.809379104,0.303450083,0.781623027,0.000149981,0.46613489
0.612489641,0.677060619,0.677391723,0.621629023,0.621629023,0.99924097,0.797746655,0.809651868,0.303579633,0.781974747,0.000177386,0.477488404
0.527909131,0.582588312,0.566839767,0.605175918,0.605175918,0.999017617,0.797450192,0.809354888,0.303528877,0.78161629,0.000136914,0.456505876
0.531370351,0.584550807,0.594517908,0.604606581,0.604606581,0.999031599,0.797484223,0.809432616,0.303559089,0.781741484,0.000113786,0.456148562
0.450689806,0.574738334,0.509823866,0.602523818,0.602523818,0.998866251,0.797474539,0.809428319,0.303888041,0.781523097,0.000245843,0.456911837
0.514405499,0.571794592,0.565608437,0.607078511,0.607078511,0.999012533,0.797441891,0.809368168,0.303525009,0.781630747,0.00017253,0.458487037
0.52347292,0.51210205,0.54547888,0.602199513,0.602199513,0.998988384,0.797293037,0.809151259,0.303315456,0.78139622,0.000118412,0.464212442
0.446009847,0.542248147,0.495850956,0.609110826,0.609103619,0.998974865,0.797404678,0.809331322,0.303538786,0.781514395,0.000242837,0.459877708
0.491639448,0.542139119,0.54397987,0.611121521,0.611121521,0.999011956,0.79731697,0.809310621,0.303308206,0.781549764,0.000238096,0.459220117
0.503924341,0.551297427,0.54927994,0.607064097,0.607064097,0.998987344,0.797522267,0.809440167,0.303717885,0.781594115,0.000197391,0.462971071
0.681421538,0.72623201,0.730231811,0.620562418,0.620576832,0.999298859,0.797750944,0.809628432,0.303466035,0.781917203,0.00010257,0.474804358
0.542387754,0.598397296,0.589860271,0.618162556,0.618162556,0.999125308,0.797621872,0.80951451,0.303603562,0.781762115,0.000237402,0.469444654
0.509384293,0.551951592,0.551421382,0.607049684,0.607049684,0.998974981,0.797469144,0.809364262,0.303651176,0.781625554,0.000209649,0.452879059
0.5029006,0.561382468,0.551474918,0.60243013,0.60243013,0.998989771,0.797448116,0.809362569,0.303583742,0.781624571,0.00012084,0.460755056
0.537074051,0.619712167,0.619519246,0.63336168,0.63336168,0.999458084,0.79797713,0.810226168,0.303528152,0.782534047,0.000148362,0.474821134
0.476673329,0.529382904,0.531184753,0.611834993,0.611834993,0.998913625,0.797359717,0.809304241,0.303588576,0.781554115,0.000347835,0.464985783
0.444839858,0.54857174,0.491086247,0.603986797,0.603986797,0.998981682,0.797403156,0.809328588,0.303521626,0.781454044,0.000153681,0.449547487
0.460000975,0.548081116,0.510038011,0.604102106,0.604102106,0.998966199,0.797393887,0.809320906,0.303537819,0.781548781,0.000171026,0.458235408
0.519231707,0.5908744,0.572675197,0.620821863,0.620821863,0.99900768,0.797475231,0.809396421,0.30359341,0.781647027,0.000397905,0.440054352
0.537756545,0.601395552,0.579795492,0.627070151,0.627070151,0.999319427,0.797844462,0.809658248,0.303586401,0.781917203,0.000186175,0.48472694
0.448691074,0.493022242,0.49049735,0.624007264,0.624007264,0.998961346,0.797277543,0.809207895,0.303344944,0.781441553,0.000495387,0.465237412
0.521376688,0.584659834,0.578242947,0.633801294,0.633801294,0.999102314,0.797533611,0.809466857,0.303497456,0.781748361,0.00051146,0.458307541
0.491785697,0.542629743,0.538412121,0.604109313,0.604109313,0.999022702,0.797453512,0.809351763,0.303524043,0.781641694,0.000114596,0.453256503
0.504996831,0.545518971,0.548262755,0.610955765,0.61087649,0.999009645,0.797398037,0.809315438,0.303454433,0.781571518,0.000236361,0.464610017
0.683322771,0.707315744,0.696236415,0.635660647,0.635660647,0.999408398,0.797952229,0.8097128,0.303588576,0.781992853,0.000234973,0.50171024
0.551503924,0.595180986,0.598104824,0.664559881,0.664559881,0.99907932,0.797592821,0.809486517,0.303649001,0.781759028,0.001028008,0.47650034
0.546580217,0.57511993,0.582739975,0.611409793,0.611409793,0.999105549,0.797510231,0.809390301,0.303449841,0.781682817,0.00014894,0.466965267
0.557792619,0.607337549,0.593875475,0.611323311,0.6106747,0.999113868,0.797668354,0.809513338,0.303708701,0.781786396,0.000128819,0.455972421
0.49368693,0.555931095,0.539696986,0.603266118,0.603266118,0.999015538,0.797433037,0.809343561,0.303503257,0.78160422,0.000108351,0.461615628
0.523619168,0.578935892,0.578028802,0.645526744,0.645526744,0.99907516,0.797483393,0.809401238,0.303466518,0.78169222,0.000726891,0.465796029
0.490810705,0.552278674,0.543123294,0.615272633,0.615272633,0.998998668,0.797401634,0.809335098,0.303483437,0.781594957,0.000317769,0.447978997
0.404377712,0.459441779,0.449702875,0.601341905,0.601341905,0.998525964,0.797109874,0.809080562,0.303962484,0.781240009,0.000567313,0.440827693
0.510359284,0.573266463,0.560308368,0.605341674,0.605341674,0.999012071,0.797442583,0.809365694,0.303527185,0.781618255,0.000145124,0.442671297
0.496855653,0.55222416,0.543498046,0.605615532,0.605629946,0.999021662,0.797411318,0.809331843,0.3034525,0.781591308,0.000140151,0.460929519
0.465753425,0.530037069,0.518978532,0.624079332,0.624079332,0.999046389,0.797294005,0.809253464,0.303195574,0.781507659,0.000411435,0.457161789
0.515331741,0.567760576,0.56828524,0.607496505,0.607496505,0.999058868,0.797501516,0.809447067,0.30353226,0.781713273,0.000132982,0.465591371
0.485058256,0.546009594,0.532737299,0.608909036,0.608909036,0.998974634,0.797395962,0.809318042,0.303524284,0.78157601,0.00023983,0.45679441
0.520157949,0.591637593,0.570480218,0.613413281,0.613413281,0.999100003,0.797558789,0.809460478,0.303546037,0.781707378,0.000186522,0.436811689
0.565251304,0.60341256,0.593340115,0.613002494,0.613002494,0.999112713,0.797622149,0.809465035,0.30363039,0.781731238,0.000167326,0.46686126
0.334324575,0.393044047,0.386905081,0.57127517,0.57127517,0.998377601,0.796687797,0.808730722,0.303535644,0.780933622,0.00023347,0.447341536
0.500804368,0.575228958,0.565554901,0.61530146,0.61530146,0.999011147,0.797483947,0.809441339,0.303601386,0.781709484,0.000305859,0.509151758
0.582703651,0.645061055,0.635044703,0.605255192,0.605255192,0.999032176,0.797497919,0.809409831,0.303581567,0.781675799,0.000123615,0.466668344
0.30624482,0.331934147,0.347556079,0.617586013,0.617586013,0.992837805,0.787661497,0.800782955,0.299353528,0.772379495,0.006520626,0.426021825
0.442402379,0.500926734,0.497564109,0.596844867,0.596794419,0.99889456,0.797310468,0.80925724,0.30354217,0.781511167,0.000125581,0.455925451
0.469360893,0.512047536,0.527276621,0.594596348,0.594596348,0.99876064,0.79711942,0.809167794,0.303488513,0.781404641,0.000224335,0.46439026
0.482425779,0.548626254,0.537341399,0.59840874,0.597543925,0.998802584,0.797386278,0.809346685,0.303867013,0.781609554,0.000229654,0.456084816
0.395700288,0.450883123,0.438246159,0.588657951,0.588657951,0.998295216,0.796226847,0.80822152,0.302902635,0.780396217,0.000594834,0.450119524
0.365183055,0.413977322,0.397933508,0.599828478,0.599828478,0.998959266,0.797123708,0.809045278,0.303080767,0.781274254,0.000109508,0.380612801
0.44230488,0.518207588,0.505166229,0.58587613,0.58587613,0.998550113,0.796909142,0.80910543,0.303561506,0.781182465,0.000295104,0.450070876
0.487739482,0.549716529,0.539054553,0.624043298,0.624043298,0.998835053,0.797514243,0.809433136,0.304022667,0.781700641,0.000622471,0.453026681
0.522936674,0.57730048,0.565233685,0.606444313,0.606487554,0.999046504,0.797571793,0.809445896,0.303680905,0.781716501,0.000128935,0.458820865
0.532442841,0.58356956,0.58932491,0.606372245,0.606372245,0.999071231,0.797479381,0.809427668,0.303467727,0.781694747,0.000102454,0.4684633
0.393652806,0.491550371,0.433534986,0.618328313,0.618328313,0.997818006,0.797021751,0.808971196,0.305289653,0.78067313,0.001548488,0.449012355
0.532491591,0.590002181,0.575566144,0.606545208,0.606538001,0.999063143,0.797538038,0.809427277,0.303587126,0.781691378,0.000113092,0.468414652
0.497489397,0.572230702,0.550082981,0.606033526,0.606033526,0.999013689,0.797554915,0.809465816,0.30372006,0.781709905,0.000154606,0.467421555
0.456734754,0.501471871,0.501151025,0.598033987,0.598033987,0.998770693,0.797042917,0.808999189,0.303333826,0.781210956,0.000269433,0.462090368
0.464242188,0.532708242,0.513357246,0.653965897,0.650694014,0.999000748,0.797426259,0.809325724,0.303522351,0.781541624,0.000884157,0.480164062
0.498171891,0.564653293,0.555650731,0.606494761,0.606494761,0.999054246,0.797464717,0.80940241,0.303477878,0.781667098,0.000121534,0.470068695
0.531077853,0.593600087,0.580919749,0.610206258,0.608397354,0.999093648,0.797804481,0.809664757,0.30398883,0.781953274,0.00011263,0.463744412
0.443084873,0.50757741,0.496761069,0.560551464,0.560551464,0.99470759,0.792606754,0.805797636,0.304082367,0.777369262,0.003734249,0.448644976
0.522546678,0.562527257,0.578617699,0.609499993,0.609499993,0.999031483,0.797473156,0.809457483,0.303539995,0.781722677,0.000192419,0.482403563
0.415443865,0.438617532,0.456127202,0.620901137,0.620901137,0.998564095,0.79678173,0.808743741,0.303309656,0.781046605,0.000843106,0.452801892
0.523326671,0.579535543,0.563841747,0.609723403,0.609723403,0.999069498,0.797503038,0.809392775,0.303512683,0.781655589,0.000157959,0.463667245
0.542046507,0.577354993,0.591948177,0.638601018,0.638601018,0.999208386,0.797630588,0.809573489,0.303445007,0.781843238,0.00048232,0.463814868
0.484424511,0.551079372,0.545157664,0.604368757,0.604368757,0.99898018,0.797404678,0.809355669,0.303527668,0.781619238,0.000161429,0.464604984
0.521912933,0.55892935,0.566893303,0.608037014,0.608037014,0.999090181,0.797511476,0.809414388,0.303483921,0.781689694,0.000110086,0.46597217
0.522546678,0.60472089,0.585202634,0.626118854,0.626118854,0.999180308,0.797678592,0.809615282,0.303587609,0.7818678,0.000310137,0.462531559
0.475308341,0.53952246,0.523689705,0.600426642,0.600426642,0.998968857,0.797396654,0.809316219,0.303537336,0.781573764,0.000109508,0.460890935
0.475503339,0.539795028,0.524117993,0.602747229,0.602747229,0.99897267,0.79739693,0.809317391,0.303529843,0.781575869,0.000142927,0.458931582
0.474625847,0.567324466,0.553616361,0.607590193,0.607590193,0.998982144,0.797399836,0.80938926,0.3035151,0.78164815,0.000211268,0.458599431
0.521620436,0.58051679,0.566625622,0.610667493,0.610667493,0.999104393,0.797596832,0.809478705,0.303603803,0.781723378,0.000138301,0.482581381
0.539609028,0.593709115,0.577546978,0.614876259,0.614876259,0.999088563,0.7975112,0.809398894,0.303487063,0.781663729,0.00022156,0.458329349
0.542436504,0.616550371,0.592269393,0.630392482,0.630392482,0.999230571,0.797735865,0.809610986,0.303582534,0.781854747,0.000328408,0.467163215
0.500999366,0.562036633,0.547727394,0.606199282,0.606199282,0.999027439,0.797419895,0.809337962,0.303455158,0.781598185,0.000143389,0.460478263
0.445961098,0.521478413,0.504791477,0.604599374,0.604599374,0.994398848,0.793591461,0.807505825,0.306448841,0.779188495,0.00475,0.451179722
0.439282406,0.51575447,0.49633278,0.600729327,0.600729327,0.998953258,0.797346021,0.809286144,0.303481504,0.781533062,0.00012986,0.464760994
0.453322283,0.567324466,0.507682424,0.60588939,0.60588939,0.998858625,0.797489757,0.809429491,0.30393058,0.781514957,0.000307477,0.451753437
0.336323307,0.379633668,0.390277852,0.587036423,0.587036423,0.998560628,0.796694714,0.808752074,0.303164878,0.780968289,0.000303199,0.454754536
0.425876274,0.472634104,0.47582847,0.598855561,0.598855561,0.998654799,0.796917857,0.808929663,0.303357754,0.781155938,0.000398599,0.446610134
0.525569151,0.63579372,0.630708282,0.616404099,0.616404099,0.999036567,0.797493354,0.809529873,0.303564648,0.781804922,0.000298111,0.467203476
0.341003266,0.335695595,0.366293699,0.652257888,0.652257888,0.993568757,0.790983743,0.80328704,0.30362894,0.775075221,0.006345553,0.448329601
0.423097548,0.472634104,0.467637454,0.608548696,0.610890904,0.999028594,0.796920624,0.808895552,0.30258045,0.781119868,0.000217628,0.46102346
0.324964657,0.349215002,0.3564966,0.643775494,0.643775494,0.998610082,0.79676928,0.808732024,0.303191707,0.78094485,0.001164113,0.437915503
0.428654999,0.475686873,0.473740564,0.156308105,0.156308105,0.987138554,0.784099922,0.79680842,0.305052547,0.768924609,0.004822851,0.445935767
0.489786964,0.543229394,0.536859575,0.606646103,0.606646103,0.998968625,0.797381436,0.809308798,0.303511233,0.781562396,0.000209649,0.462518138
0.283332521,0.332424771,0.333636704,0.604476859,0.604476859,0.998735451,0.796655702,0.808683069,0.302730787,0.780919447,0.000408081,0.455880157
0.426656267,0.447557785,0.463086889,0.58183312,0.58183312,0.998452592,0.796348033,0.808360831,0.302785169,0.780544568,0.000327945,0.463476007
0.429434992,0.481356302,0.478237593,0.592319001,0.592319001,0.998659883,0.797075981,0.809070667,0.303623623,0.781230044,0.000288629,0.46205514
0.528542875,0.584223724,0.577065153,0.624720737,0.624720737,0.999139866,0.797637781,0.809531305,0.303600903,0.78177587,0.000328061,0.488615452
0.500999366,0.547099869,0.549601156,0.605247986,0.605247986,0.998998206,0.797422108,0.809352023,0.303520175,0.781613203,0.000157381,0.461249927
0.492858187,0.540340166,0.536163606,0.609290996,0.608152323,0.99902975,0.79742861,0.809327416,0.303465793,0.781582887,0.00017253,0.470623957
0.463023449,0.512156563,0.509823866,0.600909497,0.600909497,0.998913278,0.797318353,0.809248256,0.303516792,0.781508781,0.000172877,0.464351677
0.492273193,0.533471435,0.54017881,0.599778031,0.599778031,0.998916398,0.797340211,0.809308017,0.303548696,0.781547939,0.000151715,0.476419818
0.43660118,0.479502835,0.485839713,0.608209977,0.608209977,0.998904035,0.797275329,0.809221696,0.303460959,0.781468501,0.000299267,0.455615108
0.472529615,0.562091147,0.526098828,0.606617276,0.606617276,0.998983069,0.797457385,0.809394077,0.303613713,0.781574185,0.000194616,0.496922574
0.433042461,0.492204536,0.479308314,0.603035501,0.603035501,0.998944707,0.79731531,0.809246824,0.303445732,0.781497413,0.000175652,0.462026622
0.652708039,0.734300044,0.718453879,0.618256245,0.618256245,0.999157776,0.797630449,0.809539508,0.303550388,0.781815308,0.000206527,0.472056566
0.490566958,0.568632795,0.544086943,0.622883005,0.622883005,0.999106011,0.797672781,0.809582343,0.30373287,0.781774747,0.000332571,0.499601587
0.425681275,0.45055604,0.470314257,0.615719454,0.615719454,0.998760525,0.796955348,0.808923804,0.3032021,0.781240289,0.000563381,0.460224957
0.464632184,0.53281727,0.524010921,0.631884288,0.630342034,0.999018195,0.797235487,0.809249168,0.303152551,0.781502746,0.000540138,0.460469876
0.408716424,0.472470563,0.462337384,0.60164459,0.60164459,0.998865095,0.796907759,0.808931746,0.302900218,0.781126745,0.000232892,0.474462142
0.508068054,0.554350196,0.553937577,0.604822785,0.605356088,0.99899393,0.797426812,0.809347987,0.303537578,0.781607168,0.00016351,0.464333224
0.546921464,0.589238988,0.579313668,0.632086078,0.632086078,0.999313534,0.797861339,0.80962661,0.303628215,0.781882958,0.000272555,0.54789596
0.470774631,0.533307894,0.5262059,0.664192335,0.664192335,0.998999245,0.797364144,0.80931661,0.30341697,0.781567167,0.001102247,0.483269168
0.524204163,0.568087658,0.56651855,0.614465472,0.614465472,0.999102776,0.797512445,0.809404623,0.303459509,0.781667519,0.000200745,0.484854432
0.471554624,0.532871784,0.524492746,0.60106084,0.601514868,0.99892102,0.797363175,0.809308798,0.303578908,0.781566746,0.000174842,0.460454778
0.49027446,0.475686873,0.522618984,0.56473861,0.56473861,0.998294754,0.796458152,0.808444938,0.303307722,0.780603797,0.000211499,0.480247939
0.514064252,0.571685565,0.556025483,0.607042477,0.607042477,0.999056441,0.797469836,0.809368819,0.303481987,0.781631027,0.00012801,0.461815254
0.437917418,0.51253816,0.491675143,0.643602531,0.643602531,0.998882774,0.797311021,0.80925763,0.30356779,0.781485202,0.000888435,0.464032947
0.481889533,0.544592237,0.532951443,0.611071073,0.610948558,0.998997281,0.797391259,0.809322729,0.303468694,0.781580782,0.00024989,0.45923857
0.424365037,0.476940689,0.476417367,0.602163479,0.602163479,0.998685304,0.797170605,0.809147093,0.303735529,0.781358886,0.000421264,0.456630013
0.4685809,0.590928914,0.508806681,0.603403047,0.603403047,0.998893404,0.797585074,0.809479096,0.304024359,0.781478606,0.000232776,0.46263221
0.464437186,0.524858264,0.516783554,0.600837429,0.600621225,0.998946903,0.79728363,0.809241616,0.303385791,0.781494185,0.000134601,0.461379096
0.484375762,0.543829045,0.533647412,0.624857666,0.624857666,0.999089835,0.797383096,0.809314657,0.303260591,0.781573062,0.000380444,0.458394773
0.499195632,0.54317488,0.544889983,0.604613788,0.604613788,0.999001094,0.797387247,0.809314136,0.303453467,0.781571799,0.00014443,0.46099662
0.515965485,0.571740078,0.558006317,0.611107107,0.611107107,0.999014151,0.797433452,0.809344212,0.303506882,0.781604361,0.000235667,0.465928554
0.414322625,0.481029219,0.468279887,0.609514406,0.609514406,0.998889129,0.797159262,0.80913238,0.303289595,0.781361413,0.000335115,0.455908675
0.587822357,0.629034017,0.619626318,0.60858473,0.60858473,0.999100118,0.797614817,0.809475971,0.303643925,0.781747519,0.000109045,0.459475101
0.457660995,0.522950283,0.515766369,0.599064558,0.599064558,0.99891998,0.797333017,0.80928393,0.303528635,0.781539238,0.000136682,0.459493554
0.447911081,0.52376799,0.515819905,0.621167789,0.621167789,0.998744695,0.797197305,0.809260234,0.303657944,0.781514255,0.00066676,0.46102346
0.502461853,0.579044919,0.574067134,0.614544747,0.614544747,0.9989833,0.797437741,0.809400196,0.303578908,0.781665133,0.000321585,0.46583629
0.439916151,0.504252072,0.489266021,0.594279249,0.594279249,0.991504275,0.79122155,0.803509678,0.308362855,0.775319152,0.007481103,0.464734154
0.358114366,0.369984736,0.433909738,0.610739561,0.610739561,0.994411905,0.791162617,0.805086238,0.30217778,0.776930103,0.004835456,0.396160137
0.494613172,0.549771042,0.54344451,0.602091411,0.602091411,0.998985726,0.797404816,0.809328197,0.303516308,0.781587518,0.000119452,0.459112755
0.502364354,0.563181422,0.549761765,0.60431831,0.60413814,0.999029865,0.797489895,0.809393166,0.303572624,0.781658676,0.000108004,0.457569429
0.480670794,0.543501962,0.529846352,0.598978077,0.598978077,0.998940779,0.797385448,0.809311923,0.303576491,0.781569974,0.000114364,0.445606972
0.352849413,0.402256869,0.391883934,0.573783133,0.573783133,0.998413305,0.796957423,0.808909873,0.303931789,0.781125763,0.00023798,0.506667338
0.418076342,0.466855648,0.472348627,0.546044192,0.548458467,0.997876589,0.795696588,0.807997841,0.302851878,0.780232708,0.000368765,0.448774146
0.487836981,0.543283908,0.539429306,0.614429438,0.614429438,0.998685304,0.797441753,0.809381969,0.304209259,0.781645483,0.000617961,0.477553828
0.51542924,0.569668556,0.561272017,0.603900316,0.6037778,0.999011031,0.797539144,0.809433006,0.303698066,0.781705413,0.000120956,0.467663119
0.522595427,0.559965111,0.571122651,0.60663169,0.60663169,0.999062681,0.797450883,0.809388348,0.303435581,0.781654045,0.000115174,0.458336059
0.513576756,0.567760576,0.558541678,0.606314591,0.606509174,0.99907412,0.797484915,0.809387697,0.303471111,0.781650676,0.00010176,0.469436266
0.391459075,0.472525076,0.427271267,0.611380965,0.611380965,0.998274533,0.796961711,0.808913128,0.304229803,0.780823587,0.000980135,0.455972421
0.496953152,0.562636284,0.549172868,0.605320054,0.605320054,0.999005947,0.797524619,0.809419856,0.303683322,0.781715519,0.000150906,0.465921844
0.519426705,0.566343218,0.572246908,0.614126753,0.614018651,0.999113291,0.797531121,0.809482481,0.303470385,0.781754396,0.000183053,0.460728215
0.466825915,0.537559965,0.518336099,0.656762133,0.656682858,0.9991312,0.797440646,0.809365304,0.303274609,0.781575589,0.000849813,0.48237169
0.52118169,0.546118622,0.567482199,0.608534283,0.608534283,0.999001325,0.797444105,0.809378974,0.303552563,0.78164015,0.000207105,0.483782492
0.539999025,0.586567815,0.591894641,0.62662333,0.62662333,0.99912577,0.797578987,0.809494069,0.303527668,0.781766466,0.000372812,0.476617767
0.497343148,0.54944396,0.542266717,0.605788495,0.605788495,0.998996935,0.797418927,0.809333405,0.303517275,0.781590606,0.000167442,0.468064048
0.448739824,0.459877889,0.486535682,0.614494299,0.614494299,0.998113576,0.795676528,0.807796816,0.302321107,0.779926321,0.001191172,0.457594592
0.512358017,0.551079372,0.556828524,0.607748742,0.607748742,0.999040842,0.797450745,0.8093627,0.303481262,0.781619238,0.000154953,0.467263867
0.352703164,0.393262102,0.392526367,0.602487784,0.602487784,0.998446121,0.796259218,0.808251726,0.302643534,0.780506674,0.000665719,0.448951964
0.508214303,0.566615787,0.550671878,0.604801165,0.604801165,0.999016231,0.797444935,0.809350721,0.303522351,0.78161208,0.000132288,0.461226441
0.516940477,0.579208461,0.567856952,0.609211721,0.609211721,0.999048584,0.7974928,0.809405274,0.303538545,0.781666255,0.000170679,0.450832474
0.499878126,0.555549498,0.54141014,0.614162787,0.614162787,0.999144835,0.797548552,0.809415039,0.303434614,0.781654747,0.000153681,0.474926818
0.50509433,0.561873092,0.546870817,0.614681676,0.614523127,0.999058521,0.797447563,0.809349289,0.303438723,0.781610255,0.000245959,0.459820672
0.531272851,0.595235499,0.581883398,0.638997391,0.638997391,0.999239006,0.797763948,0.809641062,0.303613955,0.781910747,0.000458152,0.481494343
0.482084532,0.546936328,0.532790835,0.605788495,0.605788495,0.999001672,0.797408274,0.809331973,0.303488996,0.781591448,0.000162701,0.460620853
0.497538147,0.572830353,0.569463033,0.62278211,0.62278211,0.999103816,0.797571239,0.809692359,0.303560056,0.781968993,0.000333149,0.455380254
0.600350997,0.654819014,0.656084373,0.607813604,0.607813604,0.999071809,0.797497089,0.809413997,0.303497456,0.781680992,0.000125003,0.452295279
0.48452201,0.54535543,0.539429306,0.606220903,0.606220903,0.998975789,0.797414638,0.809347727,0.303554255,0.781622606,0.000195541,0.458540718
0.433724955,0.482664631,0.485518497,0.59281627,0.59281627,0.998663003,0.796929755,0.808950755,0.303361379,0.781185693,0.000293485,0.45440561
0.495051918,0.555440471,0.540553563,0.603158016,0.603158016,0.999016809,0.797433452,0.809343561,0.303501323,0.781602957,0.000105345,0.463167342
0.522107932,0.587385521,0.576369185,0.614069099,0.614069099,0.999067303,0.797496259,0.809416862,0.303505674,0.781683799,0.000229885,0.447673687
0.340028275,0.352322285,0.368970502,0.647458165,0.647458165,0.998082956,0.796144396,0.808143922,0.303202583,0.780310884,0.001750737,0.440762269
0.520109199,0.572012647,0.561807377,0.608959483,0.608959483,0.999005369,0.797431654,0.8093433,0.303522109,0.781603799,0.000209765,0.449040873
0.541217764,0.602812909,0.600513946,0.614393404,0.614393404,0.999119646,0.797705015,0.809634552,0.303760666,0.781919449,0.000182706,0.460218246
0.493004436,0.5611099,0.554044649,0.612310642,0.613233111,0.999112713,0.797435251,0.809417903,0.303303855,0.781683238,0.000171026,0.467045788
0.082825525,0.06928696,0.088388029,0.646845587,0.646845587,0.99708301,0.79579481,0.807814914,0.304683714,0.779956216,0.002741626,0.427991243
0.620338322,0.645333624,0.647197387,0.62756742,0.62756742,0.99928095,0.797793276,0.809602263,0.303577216,0.781898256,0.000232661,0.442459928
0.269000146,0.264555168,0.283634028,0.599014111,0.599014111,0.973424022,0.752968752,0.766197592,0.279350043,0.735093225,0.025651412,0.449482063
0.421586311,0.452518535,0.460784839,0.516172041,0.516172041,0.996685297,0.79469777,0.806782449,0.303598486,0.778804073,0.00104281,0.446113585
0.249305319,0.259376363,0.259382194,0.650131884,0.650131884,0.997640295,0.795867162,0.807790957,0.303644167,0.779914532,0.002236641,0.424263775
0.556183883,0.606029219,0.59869372,0.613535796,0.613535796,0.999086715,0.797530982,0.809424804,0.303525493,0.781691659,0.000201901,0.477062312
0.459562229,0.486371566,0.499652016,0.60339584,0.60339584,0.998682646,0.797094518,0.809038118,0.303608154,0.781237482,0.000443582,0.461469683
0.4513723,0.483972961,0.495529739,0.612216953,0.612216953,0.998628339,0.796720584,0.808728508,0.30306844,0.780935868,0.00063947,0.455049781
0.480329547,0.505887484,0.520424006,0.596729558,0.596729558,0.998917554,0.797306871,0.809234065,0.303487788,0.781480571,0.000101644,0.458159919
0.555062643,0.619821195,0.598211896,0.620865103,0.620865103,0.999124383,0.797792031,0.809644447,0.303903027,0.781858537,0.000281806,0.462813383
0.382927899,0.421445704,0.42207827,0.601745485,0.601745485,0.998962386,0.797177661,0.809122876,0.303168262,0.781366185,0.000137145,0.461790091
0.470969629,0.538486699,0.52267252,0.605702014,0.605702014,0.998973594,0.797390567,0.809319995,0.303516792,0.781563939,0.000189413,0.465153536
0.459220982,0.465547318,0.497457037,0.57592355,0.575426282,0.998421394,0.796721967,0.808705463,0.30350374,0.781014043,0.00025625,0.456588074
0.440744893,0.473506324,0.486482146,0.595475576,0.595410715,0.998745157,0.797125506,0.809092801,0.303531535,0.781330816,0.000252897,0.456735697
0.449081071,0.489315307,0.491353927,0.615387942,0.615387942,0.999066494,0.797213629,0.809150218,0.303013333,0.781365763,0.000251741,0.46276809
0.490615707,0.532108591,0.536002998,0.606948789,0.60588939,0.99901912,0.797376871,0.809298773,0.303397392,0.781555799,0.000146858,0.463115338
0.530834105,0.581334496,0.572032764,0.607755949,0.608462215,0.999049393,0.79757954,0.809454098,0.303688398,0.781715519,0.000157844,0.460139403
0.493248184,0.554513737,0.548155683,0.604786751,0.604786751,0.998997974,0.797423354,0.809355929,0.303523076,0.781617273,0.000150327,0.467270577
0.537220299,0.56432621,0.580598533,0.616879747,0.616879747,0.999237273,0.797683157,0.809561511,0.303476428,0.781832431,0.000104882,0.507314864
0.514356749,0.572884867,0.571979228,0.60456334,0.60456334,0.999007449,0.797412425,0.809343561,0.303484162,0.781601273,0.000137261,0.464645245
0.471457125,0.532054078,0.512286525,0.606285764,0.606285764,0.998979949,0.797407583,0.809308928,0.303533227,0.781549764,0.000192419,0.463249541
0.495051918,0.552714784,0.54344451,0.601572522,0.601572522,0.998972092,0.797398591,0.809322338,0.303533711,0.781579378,0.000124656,0.471710995
0.516745478,0.588148713,0.575780288,0.616404099,0.616404099,0.999045811,0.797490725,0.809419075,0.30354072,0.781685343,0.00028886,0.44625282
0.480378297,0.553205408,0.534771669,0.615820349,0.615820349,0.999047429,0.797499856,0.809436261,0.303553288,0.781654887,0.000277874,0.479295102
0.411690148,0.452354993,0.454039295,0.606898341,0.606898341,0.998728634,0.796903885,0.808869642,0.303178897,0.781111307,0.000453873,0.460080689
0.472822113,0.535052333,0.525402859,0.623300999,0.620713761,0.999010107,0.797297602,0.809260104,0.303277993,0.781515238,0.000393742,0.462648986
0.470335885,0.530527693,0.517158306,0.604894853,0.604894853,0.99899705,0.797389875,0.809304241,0.30346676,0.781515939,0.000153103,0.466203669
0.485838249,0.523222852,0.531720113,0.608959483,0.609514406,0.998993006,0.79731531,0.809240965,0.303344702,0.781547799,0.000231157,0.459730086
0.569053771,0.608427824,0.600513946,0.640121651,0.640121651,0.999416949,0.798082961,0.809795476,0.303799096,0.782078607,0.000297995,0.518834453
0.425730025,0.497982992,0.488784196,0.664408539,0.664408539,0.998997859,0.797182088,0.809186673,0.303101553,0.781425974,0.001106988,0.472653766
0.393750305,0.443142172,0.447240216,0.587634587,0.587634587,0.998318788,0.796535346,0.808621616,0.303392317,0.780848288,0.00055494,0.442572322
0.485253254,0.547372438,0.53611007,0.600563571,0.600772568,0.9989781,0.797448531,0.809367777,0.303608637,0.781629624,0.000105807,0.474083021
0.526934139,0.499727431,0.560308368,0.596354805,0.596354805,0.998819223,0.797053016,0.808999189,0.303249956,0.781283939,0.000193922,0.475747129
0.484765758,0.547045355,0.533968628,0.605759668,0.605759668,0.999023741,0.797406338,0.809327937,0.303439448,0.781587097,0.000140267,0.456534394
0.503631843,0.565361971,0.548851652,0.645822223,0.645822223,0.999045002,0.797486298,0.809385484,0.303534677,0.781639448,0.000761698,0.458755441
0.479013309,0.541266899,0.528186734,0.609536027,0.609557647,0.998997166,0.797394855,0.809318042,0.303474978,0.781576571,0.000227688,0.465364904
0.494028177,0.531617968,0.535039349,0.610667493,0.610667493,0.998965968,0.797399144,0.809307626,0.303547729,0.781565062,0.000276602,0.461555237
0.490371959,0.548626254,0.535467637,0.603684112,0.603871488,0.999022239,0.797420863,0.809332884,0.303467968,0.781579238,0.000111358,0.463288124
0.511480525,0.562418229,0.555222442,0.628201617,0.628201617,0.999109709,0.797465547,0.809368168,0.303362829,0.781632571,0.000414094,0.519993625
0.500463121,0.545464457,0.547620322,0.605197538,0.605197538,0.999033101,0.797413393,0.809340826,0.303431955,0.781600852,0.000121765,0.461560269
0.478135816,0.540449193,0.52674126,0.607474884,0.607474884,0.998975558,0.797394579,0.80931674,0.303519692,0.781574185,0.000216009,0.459220117
0.43196997,0.48964239,0.472830451,0.600304127,0.600304127,0.998939739,0.797323057,0.809246043,0.303469902,0.781490957,0.000136682,0.457383223
0.422658802,0.451482774,0.479736603,0.604411998,0.604411998,0.998653528,0.796685584,0.808744132,0.3029546,0.781216009,0.000489142,0.464705636
0.494369424,0.563017881,0.560308368,0.626947635,0.626947635,0.999006063,0.797439263,0.809425064,0.303534194,0.781680291,0.000497815,0.452617364
0.427192512,0.480429568,0.472830451,0.553164502,0.553164502,0.995219349,0.793053455,0.805242605,0.303792087,0.777183297,0.003103452,0.439047835
0.430994979,0.536960314,0.526259436,0.618551723,0.618551723,0.998689001,0.797109182,0.809341738,0.303620481,0.781559729,0.000680405,0.454013068
0.448203578,0.507631923,0.501472242,0.598560083,0.598531256,0.998941125,0.797326654,0.809267525,0.303473044,0.781521974,0.000106848,0.460375934
0.509628041,0.540994331,0.550725414,0.599482552,0.599482552,0.998961693,0.797424737,0.809339524,0.303601386,0.781546957,0.000101529,0.466641504
0.457904743,0.492640645,0.505219766,0.605694807,0.605694807,0.999015884,0.797229123,0.809162065,0.303146267,0.781496992,0.000146974,0.458488714
0.394042802,0.444941125,0.436907757,0.582589833,0.582589833,0.998303536,0.796655011,0.808624481,0.303633291,0.78082906,0.000489142,0.433228488
0.468434651,0.529600959,0.536484823,0.595158477,0.594891826,0.998851576,0.797111257,0.809241095,0.303284036,0.781528009,0.00013807,0.456032812
0.449519817,0.49242259,0.494459018,0.618458035,0.618458035,0.99851568,0.796972087,0.808933179,0.303743505,0.781161693,0.000852241,0.440564321
0.499146882,0.554568251,0.543337438,0.605925424,0.605269606,0.999044078,0.797471634,0.809366996,0.303510991,0.781628501,0.000111936,0.457742214
0.478330815,0.547917575,0.53027464,0.606732585,0.606732585,0.999006987,0.797466654,0.809383401,0.303579875,0.78163229,0.00017253,0.463090176
0.494271925,0.550098125,0.545960705,0.600628432,0.600577985,0.998975443,0.797405508,0.809334707,0.303538786,0.781593975,0.000105345,0.462934165
0.444401111,0.504579154,0.49429841,0.600945531,0.601075253,0.998986304,0.797145151,0.809099831,0.303061673,0.781356641,0.00010257,0.466401617
0.519670453,0.569068905,0.57412067,0.612029577,0.612123265,0.999109015,0.797560587,0.809516072,0.303530569,0.781780501,0.000156919,0.477196514
0.482035782,0.549607501,0.529418063,0.656711685,0.658462935,0.999017155,0.797599046,0.809470894,0.30378967,0.78166008,0.000992392,0.480283167
0.512748013,0.532708242,0.554794154,0.604548927,0.604548927,0.998947711,0.797393334,0.809311272,0.303575766,0.781566746,0.000196698,0.471877071
0.432749963,0.465220235,0.468815247,0.623899163,0.623899163,0.996005417,0.795366646,0.807230327,0.30618974,0.779220495,0.003451981,0.405542555
0.483010774,0.535270388,0.529632207,0.60413814,0.60413814,0.998973016,0.797391535,0.809312964,0.303519934,0.781566045,0.000164898,0.461652533
0.451274801,0.440798081,0.47352642,0.580615172,0.580615172,0.998070708,0.796280385,0.808153947,0.303465793,0.780321691,0.000690466,0.460340706
0.384877882,0.422535979,0.424808609,0.596333184,0.596333184,0.998884969,0.797200902,0.809136286,0.303370564,0.781394957,0.000127778,0.462341998
0.506946814,0.548353685,0.552759784,0.604599374,0.604599374,0.998987806,0.797472049,0.80938262,0.303629423,0.781638747,0.000157613,0.462479555
0.451323551,0.516081553,0.50040152,0.6037778,0.6037778,0.998871681,0.797316001,0.809246564,0.303599936,0.781478887,0.000260529,0.454100299
0.475259591,0.536960314,0.521762407,0.602307615,0.602307615,0.998968279,0.797396515,0.809314136,0.303538545,0.78157236,0.000140267,0.46219773
0.506605567,0.562309202,0.558862894,0.609334237,0.609334237,0.999027439,0.797449777,0.809374808,0.303507607,0.781636641,0.000193807,0.46073157
0.48803198,0.544265155,0.533058515,0.609492786,0.609492786,0.999057481,0.797460567,0.809357492,0.30346386,0.781607168,0.000166285,0.460248442
0.504168089,0.561927606,0.549708228,0.613737586,0.613723173,0.999050895,0.797431239,0.809344602,0.303425913,0.781605203,0.00024064,0.464009461
0.500999366,0.58182512,0.561272017,0.639119907,0.639119907,0.999170602,0.797673335,0.809631557,0.303598728,0.781837624,0.000528459,0.473732417
0.480427046,0.544646751,0.530381712,0.604570547,0.604570547,0.998988268,0.797404263,0.809326895,0.303510024,0.781585553,0.000156572,0.457175209
0.559206357,0.615623637,0.626371861,0.624900907,0.624900907,0.999299206,0.797772663,0.809764228,0.303503257,0.782057274,0.000171605,0.470308581
0.612440891,0.670191888,0.659135928,0.60973061,0.60973061,0.99911745,0.797574006,0.809469201,0.303536369,0.781738536,0.000110086,0.460464843
0.498756886,0.562254688,0.55131431,0.60393635,0.60393635,0.998981682,0.797456694,0.809377412,0.303615405,0.781639027,0.000152987,0.460463166
0.523131673,0.579917139,0.565608437,0.603273325,0.603273325,0.99902351,0.797489204,0.809386005,0.303584709,0.781649834,0.000100372,0.46381319
0.564178813,0.637865242,0.624498099,0.616757232,0.616757232,0.999094687,0.797534718,0.809453447,0.3035151,0.781719729,0.000245612,0.465708798
0.396382782,0.443251199,0.446223031,0.588578677,0.588578677,0.998696974,0.796815485,0.808832927,0.303090676,0.781059377,0.000191378,0.45781267
0.40223273,0.481247274,0.476792119,0.654722611,0.654722611,0.998665545,0.796907205,0.809037076,0.303316665,0.781273693,0.001284259,0.461889065
0.504606835,0.563672045,0.550671878,0.605997492,0.605997492,0.998988037,0.797417405,0.809334837,0.303533711,0.781594676,0.000179699,0.457462067
0.626919514,0.658907545,0.656298517,0.619315643,0.619315643,0.999100465,0.798162783,0.80989104,0.304600328,0.782188222,0.000280881,0.452902544
0.514795496,0.568687309,0.560201296,0.613449315,0.611950302,0.999109709,0.797590884,0.80946881,0.303582292,0.781740221,0.00015345,0.462794931
0.644079364,0.69515918,0.704266824,0.636893008,0.636893008,0.999456581,0.797694086,0.809602393,0.303037019,0.781883098,0.000206527,0.476859331
0.597621021,0.636120802,0.630440602,0.623711786,0.623711786,0.99925784,0.797770035,0.809597055,0.303585434,0.781871028,0.000193922,0.493523901
0.357285624,0.343000436,0.38256866,0.573285865,0.573285865,0.996589624,0.795253068,0.807305061,0.304769034,0.779461618,0.002055092,0.447252627
0.461122215,0.412668993,0.497189357,0.593054094,0.593054094,0.998450743,0.79628246,0.808273859,0.302674471,0.780952569,0.000509726,0.458840995
0.35319066,0.393807239,0.389153595,0.648517563,0.648517563,0.997681892,0.79628661,0.808277765,0.304290228,0.780427656,0.002169225,0.429291328
0.557110125,0.616550371,0.607634242,0.613672725,0.612548466,0.999074582,0.797527247,0.809433787,0.303544104,0.781701343,0.000198085,0.4690605
0.53024911,0.538432185,0.570962043,0.61530146,0.61530146,0.998959382,0.797414223,0.809339004,0.303588093,0.781578957,0.000357664,0.476161479
0.522449179,0.574792848,0.57792173,0.620634486,0.620634486,0.999261884,0.797596417,0.809545497,0.303273401,0.781821344,0.000140614,0.458492069
0.459903476,0.49095072,0.501739922,0.594841379,0.594841379,0.998847301,0.797226218,0.809160243,0.30349383,0.781402957,0.000141539,0.457606334
0.568322527,0.625381596,0.617110124,0.628338546,0.628338546,0.999250214,0.797754956,0.809625438,0.303575041,0.78190794,0.000275793,0.468451557
0.489201969,0.539358918,0.536806039,0.601457213,0.601457213,0.998991042,0.797381298,0.809308017,0.30346386,0.781566325,0.000103842,0.463957458
0.494125676,0.505560401,0.532255474,0.597205206,0.597673648,0.998836324,0.79712606,0.809067803,0.303341802,0.781305553,0.000197854,0.465418585
0.466484668,0.515645443,0.510359227,0.601406766,0.601435593,0.998918478,0.797332187,0.809261666,0.303530085,0.781489694,0.000176114,0.468822291
0.533417833,0.582315744,0.578189411,0.616396892,0.616396892,0.999129236,0.797585904,0.809470763,0.303532744,0.781736431,0.00020537,0.469510078
0.385365378,0.417357174,0.423148991,0.591922628,0.593039681,0.998749779,0.796833331,0.808797773,0.303011399,0.78101292,0.000210227,0.461332126
0.480085799,0.540558221,0.531131217,0.608534283,0.608534283,0.999012996,0.797388077,0.809322078,0.303430263,0.781577553,0.000195541,0.45897352
0.482425779,0.536633232,0.52797259,0.60321567,0.60321567,0.998993353,0.797409104,0.809319604,0.303507849,0.781580782,0.000129744,0.467973461
0.512894262,0.508885739,0.536538359,0.603114775,0.603114775,0.998948289,0.797322088,0.809078479,0.303450324,0.781318325,0.000173339,0.475876299
0.526544143,0.577409507,0.577868194,0.606574035,0.606574035,0.999017155,0.797443136,0.809364653,0.303517517,0.78162808,0.000159694,0.470863843
0.462925949,0.50670519,0.506183415,0.607128958,0.607128958,0.998956377,0.797334124,0.809245392,0.303454192,0.781527729,0.000229538,0.456195533
0.451274801,0.506759703,0.495636811,0.601925655,0.601925655,0.998933152,0.797353768,0.809278202,0.303537094,0.781530676,0.000169176,0.46512334
0.453956028,0.508068033,0.499919696,0.615222185,0.615222185,0.998894098,0.797315586,0.809241095,0.30355208,0.781492781,0.000421611,0.486236716
0.495003169,0.54988007,0.545639488,0.614991568,0.614991568,0.999043847,0.797479796,0.809400717,0.303525735,0.781661624,0.000268161,0.469652668
0.344805733,0.36873092,0.368328069,0.601190562,0.601197769,0.998905768,0.797089815,0.809012469,0.303133457,0.78126443,0.000185018,0.466123147
0.444937357,0.50130833,0.494405482,0.595533231,0.595533231,0.998868677,0.797212246,0.80916506,0.303424704,0.781411658,0.000131363,0.455220889
0.42626627,0.473342782,0.468815247,0.617643667,0.623466755,0.999097923,0.796942344,0.808894901,0.302473377,0.781142605,0.000350032,0.468317355
0.339345781,0.390263846,0.383960597,0.593263091,0.593263091,0.998706911,0.796530089,0.808552221,0.302571024,0.780734744,0.000256597,0.460993265
0.366743041,0.390972525,0.389688956,0.606098387,0.606746998,0.998856314,0.796415543,0.808315002,0.302058622,0.780488147,0.000323551,0.464898551
0.509091795,0.558275185,0.551153702,0.624850459,0.624850459,0.999073196,0.797716359,0.809533649,0.303877648,0.781797484,0.000397096,0.496994707
0.497733145,0.562309202,0.553616361,0.663558137,0.663558137,0.99918181,0.797486437,0.809414648,0.303248748,0.781693484,0.000909365,0.4715315
0.386827865,0.434419974,0.439531024,0.59032272,0.59032272,0.998385343,0.796641315,0.808706375,0.30343824,0.780919868,0.00053135,0.452390898
0.556037635,0.532054078,0.591305744,0.6075974,0.6075974,0.998985842,0.797374934,0.809301507,0.30346386,0.781562536,0.000207452,0.477902754
0.441719885,0.495747928,0.488141763,0.601731071,0.601731071,0.998932459,0.797294835,0.809226383,0.303435581,0.781484501,0.000166863,0.460090754
0.476819578,0.542466201,0.529310991,0.607496505,0.607518125,0.998989771,0.797394302,0.809326114,0.30348948,0.781586396,0.000202364,0.459975005
0.479062058,0.518425643,0.526527116,0.60858473,0.60858473,0.99892726,0.797342839,0.80927742,0.303530327,0.781531799,0.000282037,0.459305671
0.40340272,0.443796337,0.442368435,0.605363294,0.605399328,0.998892711,0.797151376,0.809092019,0.303267842,0.781320991,0.000265386,0.463219345
0.482182031,0.542684256,0.532897907,0.602869744,0.602869744,0.999002943,0.797381021,0.809315047,0.303438723,0.781573343,0.000114711,0.460902678
0.456296007,0.559201919,0.497082285,0.611308898,0.611308898,0.998889822,0.797493215,0.809397462,0.303871122,0.7814365,0.000363214,0.473306325
0.49480817,0.562036633,0.548102147,0.604411998,0.604411998,0.999005138,0.797430962,0.809354758,0.303521384,0.78161615,0.000137145,0.470555178
0.497538147,0.565361971,0.551421382,0.611344931,0.611344931,0.999108207,0.797470113,0.809394338,0.303374189,0.78164801,0.000145239,0.470597116
0.374737971,0.433111644,0.407891215,0.596686317,0.596686317,0.998893173,0.797239499,0.809168836,0.303421079,0.781387658,0.000125234,0.456688726
0.502218106,0.564053642,0.56774988,0.627473731,0.627473731,0.999005601,0.797438294,0.809428059,0.303532985,0.781686045,0.000506719,0.466111405
0.462438454,0.511338857,0.517051234,0.597140345,0.597140345,0.998555891,0.796839972,0.808970675,0.303428572,0.781202395,0.000470062,0.458597754
0.549651441,0.628107283,0.615343434,0.62895833,0.62895833,0.999171411,0.797627682,0.809559688,0.303517275,0.781834817,0.000364602,0.486134387
0.528884122,0.558002617,0.574334814,0.607655054,0.607655054,0.999055055,0.797482425,0.809403191,0.303506882,0.781679308,0.000139226,0.46525251
0.452737289,0.488988225,0.500829809,0.605226365,0.605226365,0.999030328,0.797262879,0.809195787,0.303175271,0.781507378,0.000125119,0.478751583
0.506020572,0.595235499,0.579527812,0.633210337,0.633210337,0.999174184,0.797574421,0.809563985,0.30341842,0.781837624,0.000430052,0.476738549
0.462925949,0.504034017,0.507950104,0.621023653,0.621023653,0.998692583,0.797106831,0.809049705,0.303609121,0.781295869,0.000716484,0.463751122
0.528494126,0.578608809,0.568606456,0.610364808,0.610415255,0.999111788,0.79761371,0.809469071,0.303617338,0.781749203,0.000126738,0.46610134
0.460000975,0.518316616,0.512286525,0.606984822,0.606984822,0.998980296,0.797307701,0.809247996,0.303357995,0.781534325,0.000203289,0.463162309
0.398186516,0.45813345,0.44841801,0.599907753,0.599943787,0.998954991,0.796847442,0.808847509,0.302606554,0.781080149,0.000115636,0.462019912
0.479744552,0.49547536,0.512661277,0.609384684,0.609384684,0.99901184,0.797205467,0.809078218,0.303113396,0.781358325,0.000210112,0.469340647
0.473699605,0.507904492,0.514106751,0.657540466,0.653050635,0.998851461,0.797281278,0.809135635,0.303581325,0.781504852,0.001071372,0.460988232
0.544678984,0.566670301,0.588254189,0.609759437,0.609759437,0.999081977,0.797574975,0.809475971,0.303612263,0.781741343,0.000146049,0.486317237
0.334519573,0.37456389,0.370951336,0.598250191,0.598250191,0.99878895,0.797003214,0.808955442,0.30322627,0.781184991,0.000254632,0.470045209
0.498415639,0.538323157,0.547566786,0.601363525,0.601248216,0.998949214,0.79739278,0.809331192,0.303571657,0.78159622,0.000142349,0.462117209
0.50514308,0.556040122,0.561539697,0.608368526,0.608368526,0.999046389,0.797441476,0.809369079,0.303453467,0.78168001,0.000159347,0.463725959
0.455272266,0.526875273,0.504791477,0.601341905,0.601341905,0.998948058,0.797374243,0.809300335,0.303541445,0.781548501,0.000145008,0.463925585
0.495051918,0.540449193,0.535949462,0.604253448,0.604030038,0.999031599,0.79742363,0.809326114,0.303453225,0.781586115,0.000104535,0.458658145
0.452883537,0.511120802,0.502328818,0.610213465,0.610299947,0.998909696,0.797302167,0.809241486,0.303496006,0.781494044,0.000327136,0.468007012
0.480378297,0.545955081,0.53230901,0.605010162,0.605010162,0.998999245,0.797399282,0.809326765,0.303478362,0.781587097,0.00015264,0.464375163
0.552673914,0.597852159,0.60956154,0.6237262,0.6237262,0.999272515,0.797765608,0.809707723,0.303546762,0.781996362,0.000179468,0.470320324
0.480817043,0.551133886,0.535628246,0.60375618,0.60375618,0.998984687,0.797421555,0.809353456,0.303547729,0.781603238,0.000147205,0.483129933
0.517476722,0.586676843,0.570159002,0.614926707,0.614926707,0.999059099,0.797492385,0.809406967,0.303516067,0.781665694,0.000251856,0.463665568
0.468629649,0.532217619,0.521494727,0.65737471,0.65737471,0.998987691,0.797375488,0.809312183,0.303460959,0.781571238,0.001004419,0.467851002
0.505923073,0.564380724,0.551635527,0.605147091,0.605147091,0.998996588,0.797429164,0.80934343,0.303536369,0.781603939,0.000157613,0.456240826
0.541607761,0.590492804,0.589217838,0.614206028,0.614206028,0.999049162,0.797730331,0.809603174,0.303952333,0.781884782,0.000250237,0.481633577
0.476332082,0.534507196,0.526580652,0.610984592,0.609182894,0.999040842,0.79738116,0.809311792,0.303359446,0.781569834,0.000177965,0.466903198
0.56910252,0.596925425,0.60195942,0.617823837,0.617823837,0.999182041,0.797645528,0.809496152,0.30352646,0.781757764,0.000175305,0.492061096
0.374932969,0.361371566,0.399646662,0.584917626,0.584917626,0.998346057,0.796529812,0.808506652,0.303325608,0.780701902,0.000483939,0.447262693
0.510603032,0.533307894,0.553081,0.599835685,0.599835685,0.998952102,0.797385448,0.809311923,0.303552805,0.781543869,0.000116677,0.473094957
0.398186516,0.446085914,0.439638096,0.645079923,0.645079923,0.998620135,0.796929063,0.808882402,0.303449599,0.781090956,0.001174867,0.454640464
0.548773948,0.57599215,0.601905884,0.625218005,0.625218005,0.999055748,0.797547583,0.809502401,0.30361903,0.781754115,0.000420339,0.483358077
0.561985083,0.620202791,0.618662669,0.630738408,0.630738408,0.999408283,0.79780545,0.80971254,0.303332134,0.782002256,0.000155994,0.467649698
0.506459318,0.545573485,0.5563467,0.607100131,0.607064097,0.999034487,0.797410626,0.809341738,0.303424463,0.781609413,0.000150212,0.46276138
0.498903135,0.565525512,0.551100166,0.623992851,0.623992851,0.999067072,0.797460567,0.809380276,0.303443557,0.781634817,0.000389348,0.46449259
0.580802418,0.625599651,0.617913165,0.631379812,0.631379812,0.999325782,0.797787742,0.809615152,0.303474011,0.781896431,0.000248965,0.472554792
0.50967679,0.512265591,0.546710209,0.599086179,0.599107799,0.998828004,0.797210586,0.809147353,0.303506882,0.781383588,0.000229307,0.465494074
0.498123141,0.522514174,0.526366508,0.605449776,0.605449776,0.999011147,0.797397484,0.809285102,0.303450324,0.781545413,0.000147899,0.457879772
0.531565349,0.560183166,0.567107447,0.620612866,0.620612866,0.999140213,0.797615232,0.80944199,0.303561023,0.78175987,0.000261917,0.475114701
0.484375762,0.535270388,0.533272659,0.600779775,0.600779775,0.99896955,0.797394579,0.809314527,0.30353226,0.781593553,0.00011448,0.456276054
0.454979769,0.515590929,0.504577333,0.609074792,0.609074792,0.998918594,0.797324717,0.809255417,0.303516792,0.781508922,0.000298573,0.461806866
0.523034173,0.570758831,0.575405536,0.616598683,0.616598683,0.999085444,0.797517702,0.809437823,0.303504948,0.781720852,0.000252319,0.466200314
0.510408034,0.554023114,0.553402216,0.613398867,0.613651105,0.998996126,0.7974928,0.809377282,0.303648276,0.781671448,0.000294411,0.462986169
0.420123824,0.448757087,0.451362493,0.596607042,0.596607042,0.998799349,0.797033648,0.808933048,0.30325769,0.78116478,0.000217859,0.451303859
0.512065519,0.56607065,0.556989132,0.614451059,0.614451059,0.999034025,0.797597386,0.809471545,0.303751723,0.781729133,0.000269317,0.480559959
0.508116804,0.55849324,0.547084962,0.663089696,0.663089696,0.999124152,0.797529599,0.809395249,0.303444765,0.781665694,0.000959552,0.474955336
0.377809194,0.396205844,0.404946732,0.595446749,0.595446749,0.998510019,0.796696374,0.808623699,0.303273643,0.780819657,0.00048868,0.45735806
0.46975089,0.525784998,0.518229027,0.601947275,0.601947275,0.99894748,0.797357503,0.809285102,0.30351365,0.781547238,0.0001553,0.463412261
0.420855068,0.441125164,0.459285829,0.602920192,0.602920192,0.998837364,0.797205191,0.809142275,0.303477878,0.781398325,0.000281112,0.465569563
0.38741286,0.401166594,0.420900476,0.605615532,0.605651566,0.998784443,0.79710351,0.809043976,0.303410928,0.781300921,0.0003779,0.456128432
0.497879394,0.552387702,0.543390974,0.605096643,0.60510385,0.999040149,0.797437049,0.809345383,0.303458784,0.781611238,0.000113208,0.464415423
0.415833861,0.465492804,0.453878687,0.605449776,0.605449776,0.998820263,0.797211139,0.809126131,0.303524043,0.781368009,0.000338699,0.462623823
0.487690733,0.534725251,0.543551582,0.625571138,0.625571138,0.998990579,0.797346713,0.809318823,0.303404643,0.781573483,0.000491224,0.45749394
0.449617316,0.494439599,0.506022806,0.583339339,0.583339339,0.99845444,0.796505603,0.808725644,0.303056839,0.780938394,0.000350147,0.458983585
0.237459172,0.176733537,0.171636597,0.610004468,0.610004468,0.99522166,0.792249973,0.802718208,0.302383707,0.77439522,0.00401328,0.452479807
0.514113002,0.553150894,0.563681139,0.612815117,0.612815117,0.999105433,0.797447978,0.80938275,0.303341318,0.781639589,0.000171605,0.467585952
0.472724614,0.533580462,0.522886664,0.603424667,0.603424667,0.998949098,0.797381021,0.809307756,0.303551355,0.781565483,0.000177386,0.459064107
0.47769707,0.504579154,0.508646073,0.605716427,0.605075023,0.999035643,0.797308116,0.809167534,0.303242947,0.781413062,0.000117255,0.47053337
0.444011115,0.475741387,0.483698271,0.616454547,0.616454547,0.998508285,0.796826691,0.808754027,0.303504707,0.781007166,0.00082761,0.466928361
0.511041778,0.566288705,0.553776969,0.60991078,0.610126984,0.999099309,0.797538038,0.809416341,0.303511474,0.781682536,0.000134601,0.462813383
0.562570078,0.596162233,0.604422078,0.6118422,0.6118422,0.999158701,0.797669461,0.809537555,0.303616855,0.781825414,0.000102685,0.471536532
0.475942086,0.544864806,0.528186734,0.610739561,0.610739561,0.99898642,0.797461397,0.809381839,0.303613955,0.781633273,0.000257522,0.467247092
0.464729684,0.500490624,0.488516516,0.658830482,0.659205235,0.999035412,0.79735778,0.809082255,0.3033302,0.781320711,0.000986032,0.468845776
0.527909131,0.598724379,0.583864233,0.602019343,0.598848355,0.998946094,0.79784294,0.809734283,0.304364671,0.782024993,0.000106964,0.456490778
0.47652708,0.537287396,0.525617003,0.601709451,0.601709451,0.998971283,0.797390705,0.809312574,0.303521867,0.781576992,0.000127663,0.458765507
0.464388437,0.519188836,0.511376412,0.609860332,0.609925194,0.998972323,0.797338136,0.80926401,0.303427605,0.781519448,0.000258448,0.470097213
0.460000975,0.437963367,0.487071042,0.595035962,0.595035962,0.99868773,0.796729438,0.808638672,0.302959434,0.780982324,0.000304355,0.459632789
0.463754692,0.541321413,0.502382355,0.603792214,0.603792214,0.99893373,0.797475923,0.809348638,0.303749306,0.781491097,0.000198663,0.461664276
0.323258421,0.321740078,0.357942074,0.595958431,0.595958431,0.998771271,0.796098052,0.808103561,0.301681814,0.780507375,0.000235552,0.450381218
0.478574562,0.542411688,0.531077681,0.65777829,0.65777829,0.999029403,0.7974145,0.809343691,0.303441865,0.781598045,0.000969149,0.459500264
0.328620875,0.286088094,0.343487339,0.543183096,0.543183096,0.997320113,0.795250855,0.807302978,0.303237146,0.779429197,0.000841024,0.44623269
0.417686345,0.464784126,0.460998983,0.648712146,0.648712146,0.998694201,0.797010131,0.808958697,0.303436548,0.781186535,0.001159256,0.444535031
0.429239994,0.459496293,0.468172814,0.603208464,0.60279047,0.998917554,0.797149854,0.809087593,0.30321346,0.781326605,0.000198663,0.46057556
0.644859357,0.668229394,0.667434017,0.634738177,0.634738177,0.999429197,0.797961636,0.809726471,0.303561264,0.782016151,0.000199357,0.477384397
0.545556476,0.552769298,0.567964024,0.621902881,0.621902881,0.999133974,0.797613018,0.809404623,0.303569965,0.781669203,0.00028886,0.467183345
0.420318822,0.470780637,0.467530382,0.5922109,0.5922109,0.998769191,0.797090921,0.809045018,0.303420837,0.781307518,0.000177502,0.462362128
0.520401696,0.574738334,0.572300444,0.616274377,0.616274377,0.999067072,0.797532504,0.809450322,0.30356924,0.781711308,0.000265501,0.495672815
0.484034515,0.518752726,0.540232346,0.618566137,0.618566137,0.998846723,0.797215981,0.809203598,0.303477153,0.781709203,0.000522793,0.482931985
0.511188027,0.563835587,0.550939558,0.664552674,0.664552674,0.99910682,0.797549105,0.809414518,0.3035151,0.781680571,0.001000371,0.474210513
0.436796178,0.430058875,0.476417367,0.599482552,0.599482552,0.998791607,0.79702521,0.808974451,0.303259141,0.781323377,0.000271746,0.461223086
0.444791108,0.480647623,0.488944804,0.601579729,0.601579729,0.99889144,0.797259282,0.809190839,0.303459267,0.781473834,0.000205486,0.465299481
0.406766441,0.424934584,0.441565394,0.603049914,0.603049914,0.998746775,0.797134499,0.809075745,0.303543862,0.781308921,0.000373737,0.461731377
0.485107005,0.544265155,0.531720113,0.603460701,0.603467908,0.999014613,0.797406891,0.80932312,0.303459751,0.781575869,0.00011263,0.462779833
0.409447667,0.464511557,0.454681728,0.607705502,0.607705502,0.998953835,0.797255131,0.809189928,0.303321499,0.781440009,0.000241333,0.461640791
0.454151026,0.456770606,0.470849617,0.616951815,0.616951815,0.998589746,0.797045407,0.808847118,0.303716677,0.781058254,0.000754181,0.457067848
0.454004777,0.472961186,0.493441833,0.574590294,0.574590294,0.998435953,0.796558449,0.808559382,0.303187356,0.780725621,0.000228151,0.462813383
0.478135816,0.497001744,0.514642111,0.603230084,0.603230084,0.998871104,0.797210724,0.809120402,0.30341697,0.781371799,0.000252319,0.465054562
0.477794569,0.536142608,0.526794796,0.605543464,0.604505686,0.999001556,0.79739029,0.809312834,0.303457817,0.781574746,0.000142233,0.466267415
0.511188027,0.566179677,0.553295144,0.606177662,0.606617276,0.999001325,0.79762201,0.809471545,0.303863146,0.781741484,0.000176346,0.471449301
0.520791693,0.561436982,0.565822582,0.603857075,0.603857075,0.999008951,0.797523097,0.809424023,0.303674379,0.781684922,0.000124425,0.464093338
0.481207039,0.546391191,0.529471599,0.602451751,0.602451751,0.998978909,0.797403432,0.809322859,0.30352791,0.781581764,0.000131941,0.460820479
0.482474528,0.533362407,0.529096847,0.599576241,0.599605068,0.99894748,0.797396792,0.809312704,0.303582292,0.781579799,0.000117718,0.462675826
0.487836981,0.561600523,0.533647412,0.60357601,0.60357601,0.998979602,0.797500271,0.809398113,0.303695891,0.781613062,0.000149171,0.482591446
0.231365476,0.16277802,0.20675625,0.600051889,0.600051889,0.998780052,0.795984474,0.807789265,0.301465251,0.780126883,0.00029256,0.458000554
0.531760347,0.584659834,0.571925692,0.620209285,0.620209285,0.99914599,0.797746378,0.809574661,0.303777585,0.781824712,0.000249659,0.47694824
0.511480525,0.581116441,0.569034745,0.664170714,0.664170714,0.999156505,0.797528216,0.809454098,0.303374673,0.781723238,0.000944519,0.478962952
0.493004436,0.544537724,0.532255474,0.601579729,0.601579729,0.998965159,0.797410488,0.809322338,0.30356924,0.781560431,0.00013171,0.465889971
0.486715741,0.544973833,0.534022164,0.601868,0.601868,0.998989424,0.797409934,0.809326895,0.303517517,0.781586115,0.000111936,0.463954103
0.438356164,0.500817706,0.488141763,0.606192075,0.606055146,0.99892518,0.797327484,0.809261146,0.303507849,0.781514115,0.00024353,0.461941068
0.48574075,0.523604448,0.540500027,0.624742357,0.624742357,0.99887457,0.797278788,0.809265572,0.303528635,0.781520009,0.00059414,0.469238318
0.515575489,0.575828609,0.564162964,0.608534283,0.608065841,0.999049509,0.797496121,0.80940228,0.30354217,0.78166794,0.000151368,0.470026757
0.510993029,0.547099869,0.555971947,0.601752692,0.601752692,0.99898642,0.797435251,0.809350982,0.303568032,0.781615869,0.000113208,0.4650965
0.491541949,0.552878325,0.53611007,0.602365269,0.602365269,0.998987575,0.797413116,0.809327677,0.303526943,0.781586957,0.000121881,0.462251411
0.456101009,0.498146533,0.503560148,0.598797907,0.598783494,0.998930033,0.797300922,0.809229638,0.303451533,0.78151622,0.000122112,0.468070758
0.483547019,0.546936328,0.533004979,0.601197769,0.601197769,0.998965043,0.797438433,0.809352544,0.303618064,0.781612361,0.000125697,0.457304379
0.522010432,0.610935456,0.559665935,0.619791291,0.619791291,0.99908683,0.797846122,0.80966619,0.304075841,0.781748501,0.000302158,0.477065667
0.506215571,0.568360227,0.554365865,0.664869773,0.664869773,0.999040958,0.797530567,0.809425976,0.303620481,0.781692922,0.001071372,0.473385169
0.495003169,0.564435238,0.552277959,0.611712478,0.611604376,0.998972323,0.797430962,0.809361788,0.303590026,0.78162794,0.000285391,0.468099276
0.513040511,0.552333188,0.572461053,0.619856152,0.619856152,0.998955453,0.797388492,0.809367387,0.303551355,0.781629764,0.000434793,0.471623764
0.489933213,0.552442215,0.538626265,0.60878652,0.608815348,0.999061641,0.797510508,0.809406576,0.30354217,0.781673554,0.000151253,0.465494074
0.491298201,0.533744003,0.540285883,0.599770824,0.599770824,0.998955569,0.797363037,0.809302939,0.303506399,0.781558045,0.000112399,0.461634081
0.470725881,0.531781509,0.523582633,0.592290174,0.592290174,0.998793918,0.797391812,0.809315308,0.30389505,0.781574746,0.000154143,0.442661231
0.478330815,0.550425207,0.533004979,0.605478603,0.605478603,0.999045002,0.797469006,0.809405925,0.303504465,0.781671308,0.000114364,0.486084061
0.449714815,0.511447885,0.498902511,0.613024114,0.613024114,0.99891998,0.796860861,0.808776551,0.302703475,0.781077342,0.000360555,0.459260378
0.471067128,0.541048844,0.523207881,0.61509967,0.61509967,0.999124845,0.797394855,0.809308798,0.3032079,0.781558746,0.00018895,0.461414324
0.479842051,0.551624509,0.53380802,0.613038528,0.613038528,0.999130738,0.797600291,0.809514119,0.303554497,0.781786396,0.000149865,0.462097079
0.427338761,0.499291321,0.481663901,0.592945992,0.592945992,0.998850767,0.797079024,0.809063116,0.30322917,0.78129264,0.000107658,0.459953197
0.423195047,0.569068905,0.471599122,0.598473602,0.598473602,0.998519609,0.798895573,0.810733808,0.307096111,0.778573476,0.000527765,0.460726538
0.47545459,0.548680768,0.531505969,0.608844175,0.608844175,0.999087177,0.797500547,0.809439256,0.303471352,0.781711168,0.000126159,0.49303574
0.475015844,0.544319669,0.527116013,0.61260612,0.61260612,0.999119299,0.797504698,0.809411133,0.303411411,0.78167608,0.000154259,0.457804283
0.494418174,0.562200174,0.544408159,0.607316335,0.607316335,0.999084866,0.797567781,0.809457353,0.303593894,0.781726326,0.000104073,0.463249541
0.506898065,0.58138901,0.563520531,0.623084795,0.623084795,0.999308912,0.797801438,0.809703426,0.303533227,0.781992011,0.000132635,0.463715894
0.460927217,0.521914522,0.513410782,0.608836968,0.608836968,0.998978216,0.797311989,0.8092506,0.303369839,0.781546536,0.000235089,0.461605563
0.468922147,0.538813781,0.521334119,0.606235316,0.606235316,0.999015075,0.797431516,0.809352154,0.303501565,0.781613062,0.000156456,0.457869706
0.618778336,0.741441343,0.753680604,0.618948097,0.618948097,0.999075507,0.797511753,0.809490553,0.303515583,0.781762536,0.000300077,0.469426201
0.512455516,0.571140427,0.570266074,0.608541489,0.608541489,0.999070423,0.797497089,0.809419205,0.303500356,0.781695729,0.00013807,0.465500784
0.475600838,0.545028347,0.529150383,0.608685625,0.608685625,0.999090643,0.797513136,0.809432095,0.303486096,0.78171622,0.000120262,0.463737702
0.488909472,0.56345399,0.549922373,0.596066533,0.596066533,0.998886471,0.797468176,0.809413086,0.303834867,0.781663448,0.000121997,0.474438657
0.526007897,0.597852159,0.580544997,0.618703066,0.618703066,0.99923346,0.797738216,0.809616715,0.3035806,0.781910186,0.000137954,0.463752799
0.478574562,0.548789795,0.531345361,0.610393635,0.610393635,0.999024088,0.797441614,0.809360486,0.303500598,0.781622326,0.000214274,0.466337871
0.526300395,0.589784126,0.571711548,0.61718964,0.61718964,0.999044424,0.797482702,0.809381969,0.303529843,0.781642536,0.000302852,0.465255865
0.375810462,0.453227213,0.453236255,0.596441286,0.596441286,0.998902648,0.797304796,0.809255287,0.303515341,0.781508922,0.00011182,0.454986035
0.591771072,0.650894025,0.632528508,0.621477681,0.621477681,0.999154194,0.797638473,0.80950787,0.303572141,0.781780782,0.000261685,0.471060114
0.473017111,0.525894025,0.520745222,0.60009513,0.60009513,0.998954298,0.797345883,0.809274686,0.303479087,0.781526606,0.000118759,0.464348322
0.555988885,0.591528565,0.597087639,0.648438288,0.648438288,0.999118144,0.797568473,0.809438344,0.303525251,0.781714536,0.000730476,0.467958364
0.439867401,0.504688181,0.490015525,0.578849508,0.578849508,0.998423474,0.796668983,0.808640104,0.303406819,0.780630183,0.000309096,0.461734732
0.482718276,0.552387702,0.534236308,0.612130472,0.612130472,0.999114215,0.797553947,0.809450322,0.303508091,0.781712852,0.000151831,0.497840182
0.468434651,0.545191888,0.521280582,0.621355165,0.621355165,0.999207808,0.797496259,0.80941582,0.303211526,0.78158415,0.00020618,0.460679567
0.46165846,0.534234627,0.512447133,0.609009931,0.609009931,0.99903079,0.797287365,0.809201645,0.303216843,0.781385132,0.00018525,0.46201488
0.476965827,0.545082861,0.527651373,0.610018882,0.610018882,0.999096421,0.797528769,0.80942233,0.303501565,0.781689694,0.000135757,0.467834227
0.441817384,0.506487135,0.489480165,0.590495683,0.590495683,0.998793687,0.797019676,0.808934871,0.303245122,0.781157623,0.000125466,0.460466521
0.468434651,0.536360663,0.519085604,0.609031551,0.609031551,0.999074929,0.797386002,0.809278071,0.303296846,0.781533483,0.000141423,0.458399805
0.449081071,0.514500654,0.49986616,0.598906009,0.598906009,0.998888667,0.79707349,0.809014682,0.303140466,0.781297132,0.000165245,0.458435034
0.466825915,0.541266899,0.521387655,0.605896597,0.605896597,0.99906245,0.7974762,0.809417643,0.303480537,0.781656712,0.00010361,0.476206772
0.475259591,0.545627998,0.531505969,0.608455008,0.608455008,0.99903495,0.797429579,0.809365824,0.303456609,0.781641554,0.000172183,0.470075405
0.49480817,0.567924117,0.550243589,0.622976693,0.622976693,0.999283029,0.797701833,0.809609684,0.303413345,0.781890958,0.000156919,0.45835619
0.489006971,0.555658526,0.538786873,0.605255192,0.605255192,0.99904246,0.797456555,0.809370381,0.303488029,0.781633133,0.000113324,0.461422712
0.472870862,0.544592237,0.525509931,0.604419205,0.604419205,0.999037838,0.797457662,0.80937637,0.303499631,0.781629624,0.000104535,0.473417042
0.691512699,0.764718709,0.763745383,0.615777108,0.615777108,0.999191169,0.797662267,0.809569583,0.303536369,0.78184773,0.000133213,0.471781452
0.450007312,0.514064544,0.511911773,0.597291688,0.597291688,0.998844412,0.797194953,0.809186803,0.303445249,0.781436641,0.000183746,0.462120564
0.410471408,0.471489315,0.459607045,0.596412459,0.596412459,0.998491184,0.796651414,0.808643229,0.303234487,0.78085306,0.000523024,0.520849165
0.497830644,0.56563454,0.552117351,0.610119777,0.610119777,0.999063374,0.797562109,0.809470894,0.303628698,0.781761133,0.000170448,0.462227926
0.476917077,0.548353685,0.531291825,0.604959714,0.604959714,0.99900225,0.797425982,0.809352805,0.303518725,0.781615308,0.000148824,0.461832029
0.484278263,0.55571304,0.538305048,0.60874328,0.60874328,0.999092261,0.79754371,0.809458525,0.303536128,0.781727729,0.000119452,0.458659822
0.520547945,0.578881378,0.56394882,0.615171738,0.615171738,0.999054708,0.797460152,0.809359314,0.303468452,0.781623589,0.000260182,0.458988618
0.481694535,0.5710314,0.539161625,0.631941942,0.63106992,0.999006294,0.797512583,0.809442901,0.303661569,0.781640852,0.000563728,0.448195399
0.487203237,0.536960314,0.536270678,0.601500454,0.601500454,0.998977292,0.797390013,0.809316219,0.303508091,0.781589343,0.000118412,0.461748153
0.51542924,0.57468382,0.558595214,0.647969847,0.647969847,0.999086946,0.797538868,0.809419075,0.303538786,0.78164829,0.000754181,0.475425044
0.466484668,0.541157872,0.51913914,0.559074071,0.559074071,0.997678541,0.798046992,0.809934526,0.307372614,0.781675519,0.000737414,0.460652726
0.450348559,0.52333188,0.501846994,0.59838712,0.59838712,0.998726092,0.797227325,0.809170919,0.303749306,0.781328149,0.000319735,0.466195281
0.469799639,0.541157872,0.521869479,0.616368065,0.616368065,0.999109709,0.797403017,0.809312704,0.303253823,0.78152436,0.00022445,0.463913842
0.452493541,0.521260358,0.504523797,0.603359806,0.603359806,0.998931997,0.797209894,0.809155816,0.303287903,0.781401693,0.000193344,0.465913456
0.468873397,0.538268644,0.520852294,0.604527307,0.604527307,0.999016462,0.797465686,0.809378453,0.303558364,0.781639869,0.000127663,0.463313287
0.43196997,0.497764937,0.481449756,0.601168942,0.601168942,0.998968394,0.796747007,0.808714707,0.302403285,0.780926183,0.000121765,0.4693591
0.458099742,0.52785652,0.50977033,0.59993658,0.59993658,0.998875032,0.797283768,0.809212452,0.303536369,0.781442957,0.000195541,0.457985456
0.429434992,0.481519843,0.477220408,0.593356779,0.593356779,0.998847994,0.796584319,0.808574875,0.302370897,0.78094092,0.000117024,0.469105793
0.44108614,0.506541648,0.490657958,0.594502659,0.594502659,0.998778204,0.797163965,0.80909892,0.303529602,0.78134022,0.000205139,0.464110113
0.450982304,0.519570432,0.502703571,0.59414232,0.59414232,0.998773004,0.797139894,0.809091368,0.303498664,0.781332781,0.000204677,0.45956401
0.488714474,0.561327955,0.543551582,0.62089393,0.62089393,0.999303135,0.797704738,0.809612418,0.303376365,0.781892782,0.000103379,0.458842673
0.454248525,0.517117314,0.500936881,0.602783263,0.602783263,0.998912007,0.797302306,0.809207895,0.303491413,0.781453764,0.000204098,0.464306384
0.462682202,0.531454427,0.514588575,0.603201257,0.603201257,0.998980989,0.797383235,0.809309058,0.303488513,0.781569834,0.000141886,0.470135796
0.569687515,0.626962495,0.633010332,0.61741305,0.61741305,0.999107513,0.797582998,0.809498886,0.303572866,0.781770536,0.000243415,0.487989734
0.633354458,0.668665504,0.652390385,0.633195924,0.633195924,0.99915119,0.797619797,0.809469982,0.303545796,0.781740361,0.000452833,0.465220637
0.45605226,0.510630179,0.510841051,0.598805114,0.598805114,0.998889707,0.797195645,0.809150087,0.303351711,0.781387378,0.000162585,0.462335288
0.458830985,0.527474924,0.510733979,0.600354574,0.600354574,0.998893404,0.797115823,0.809054913,0.303204517,0.781338395,0.000183862,0.459161403
0.471408375,0.541593982,0.524385674,0.60914686,0.60914686,0.999034834,0.797477583,0.809396681,0.30354072,0.781661624,0.000183399,0.47844124
0.405450202,0.462112952,0.449702875,0.591958662,0.591958662,0.998687499,0.796529259,0.808477097,0.302610421,0.780668218,0.00025521,0.474339683
0.478525813,0.547208897,0.530595856,0.605774081,0.605774081,0.999007912,0.797465686,0.809379365,0.30357625,0.781645203,0.000156109,0.471216124
0.431823722,0.49634758,0.480379035,0.596549388,0.596549388,0.998865673,0.797133807,0.809074443,0.303294187,0.781310465,0.000150559,0.494215042
0.474820845,0.549116877,0.531720113,0.602473371,0.602473371,0.998984224,0.797426397,0.809361137,0.303556914,0.781623027,0.000126969,0.466314386
0.484717009,0.551733537,0.534985813,0.612620534,0.61260612,0.99899289,0.797410488,0.809327156,0.303511233,0.781584711,0.000280881,0.465916811
0.490469458,0.56694287,0.547031426,0.638615431,0.638802808,0.999020044,0.797559896,0.809483913,0.30371571,0.781710185,0.000674045,0.586544543
0.4799883,0.534670737,0.529043311,0.59858891,0.59858891,0.998907039,0.797383235,0.80931023,0.3036432,0.781568852,0.000141886,0.463353548
0.518256715,0.567760576,0.563038707,0.648121189,0.648121189,0.999076778,0.797535409,0.809414648,0.303554013,0.781663027,0.00076667,0.47371061
0.458392239,0.52071522,0.508699609,0.601140114,0.601140114,0.998851692,0.797195922,0.809102956,0.303431955,0.781398465,0.000238327,0.638962281
0.436357432,0.538377671,0.484876064,0.598055608,0.598055608,0.998795074,0.797502623,0.809406706,0.304085993,0.781149342,0.000245381,1
0.401745235,0.442269952,0.448578618,0.595482783,0.595482783,0.998814254,0.796071075,0.808081948,0.301545012,0.780535867,0.000185018,0.463851774
0.471310876,0.540340166,0.52443921,0.60220672,0.60220672,0.998973363,0.797479658,0.809400587,0.303672929,0.781679027,0.00013356,0.460599045
0.455321016,0.524367641,0.506718775,0.601716658,0.601716658,0.998974172,0.797285428,0.809215967,0.303332134,0.78145643,0.000125003,0.467919781
0.43660118,0.502507632,0.486321538,0.568738379,0.568738379,0.998356225,0.79653839,0.808514724,0.303319324,0.780710604,0.000214159,0.463174052
0.457319748,0.525403402,0.50923497,0.589681316,0.589681316,0.998584084,0.797062977,0.809018458,0.303758974,0.781323939,0.000322163,0.461954489
0.470384634,0.536742259,0.514909792,0.575664106,0.575664106,0.99853879,0.797732959,0.809443292,0.305024509,0.781601273,0.00014258,0.451664528
0.481694535,0.55075229,0.535414101,0.603633664,0.603633664,0.999002134,0.797476476,0.809395509,0.303607187,0.781666396,0.000127663,0.464329869
0.482864525,0.55309638,0.536591895,0.607489298,0.607489298,0.999089488,0.79752448,0.809439125,0.303508574,0.781707659,0.000102223,0.453915771
0.477453322,0.533907545,0.531184753,0.607201026,0.607201026,0.998805011,0.797404816,0.80933015,0.303894325,0.781589624,0.000382294,0.425048858
0.480524545,0.552769298,0.53557471,0.608613557,0.608613557,0.999087061,0.797483255,0.80940944,0.303441382,0.781675098,0.000122575,0.497627136
0.505581826,0.541648495,0.562021521,0.616569855,0.616569855,0.999012649,0.797406199,0.809331322,0.303462409,0.781585132,0.000324823,0.4665895
0.593282309,0.635194069,0.618662669,0.632669828,0.632669828,0.999145759,0.797603473,0.809458264,0.303528635,0.781727729,0.000449826,0.467398069
0.472334617,0.545300916,0.525081642,0.614840225,0.614840225,0.999127387,0.797646358,0.80954797,0.30364175,0.781764782,0.000182127,0.456317992
0.50168186,0.567324466,0.555864875,0.610263913,0.610263913,0.999107051,0.797536516,0.809446547,0.30349238,0.781740782,0.00012905,0.465628276
0.47194462,0.540667248,0.523636169,0.607518125,0.607518125,0.999033794,0.797471081,0.809381057,0.303531294,0.781645062,0.000158306,0.461291865
0.439379905,0.501035761,0.487981155,0.591555082,0.591555082,0.998809632,0.797071554,0.809004397,0.303302405,0.781264991,0.000126506,0.468958171
0.483352021,0.54857174,0.532255474,0.610566598,0.610566598,0.998993006,0.797416852,0.809331713,0.303522109,0.781589203,0.000248156,0.463965846
0.711890021,0.763519407,0.745703731,0.621167789,0.621167789,0.999300708,0.79778373,0.80962674,0.303519692,0.781905975,0.000110317,0.481155482
0.529664115,0.57233973,0.57181862,0.642514305,0.642514305,0.999062912,0.797513275,0.80939577,0.303544345,0.781653203,0.000690697,0.468037208
0.460634719,0.517989533,0.512714813,0.60299226,0.60299226,0.998967586,0.797209479,0.809146312,0.303212976,0.781556501,0.000151946,0.617038659
0.459172232,0.532435674,0.51126934,0.604195794,0.604195794,0.998793803,0.797420725,0.809349419,0.303945324,0.781493764,0.000345175,0.439472249
0.480963292,0.557293938,0.535039349,0.614746537,0.614746537,0.999167251,0.797618829,0.809531566,0.303510507,0.781740221,0.00014073,0.456385093
0.484375762,0.556912342,0.538037368,0.612707015,0.612707015,0.999124152,0.797598216,0.809511385,0.303564406,0.78177194,0.000151137,0.460288703
0.462389704,0.532054078,0.513731999,0.603914729,0.603914729,0.999024204,0.797394717,0.809307496,0.303418179,0.781545273,0.000110086,0.464646922
0.405547701,0.450392499,0.45221907,0.569437438,0.569437438,0.998381877,0.794723916,0.806806926,0.300095544,0.779422601,0.000199704,0.458894676
0.459123483,0.530091583,0.511055196,0.593731533,0.593731533,0.998601763,0.797333017,0.809263359,0.304194032,0.781396781,0.000369574,0.460397742
0.495295666,0.558547754,0.547941539,0.609247755,0.609247755,0.999110517,0.797531674,0.80943548,0.303476911,0.781738115,0.000109276,0.456505876
0.499585629,0.572394243,0.55484769,0.616029346,0.616029346,0.99921763,0.797668908,0.80957427,0.303492622,0.781852782,0.00011078,0.452008421
0.506508068,0.578009158,0.560040687,0.616317618,0.616317618,0.999225025,0.79764207,0.809537034,0.303430263,0.781812221,0.000108004,0.459590851
0.506995564,0.572939381,0.559451791,0.61527984,0.61527984,0.999210119,0.797635568,0.809524795,0.303450083,0.781820922,0.000106386,0.455279602
0.544873982,0.624618404,0.605225119,0.613225904,0.613225904,0.99916702,0.79768537,0.80959419,0.303627248,0.781873133,0.000116562,0.453986227
0.45254229,0.520551679,0.503613684,0.598271811,0.598271811,0.998919287,0.797306594,0.809236278,0.303483679,0.78148843,0.000124541,0.451223338
0.479354556,0.512810728,0.531398897,0.613384454,0.613384454,0.998977176,0.7973261,0.80925073,0.303396667,0.781494606,0.000309096,0.478026891
0.63198947,0.66146969,0.648535789,0.632114905,0.632114905,0.99919348,0.797666556,0.809498235,0.303539028,0.781770817,0.000393164,0.477050569
0.450104812,0.500926734,0.501151025,0.595634126,0.595634126,0.998887396,0.797250151,0.809184459,0.303451533,0.781433272,0.000114133,0.454665627
0.470287135,0.53908635,0.523100808,0.605593912,0.605593912,0.999031945,0.797453235,0.809373766,0.303503982,0.781645062,0.000129166,0.455858349
0.495929411,0.566779328,0.548102147,0.616598683,0.616598683,0.999191169,0.797675963,0.80956086,0.303560539,0.781829905,0.000146511,0.46996301
0.502559353,0.561927606,0.556721452,0.616504994,0.616504994,0.99922514,0.7976162,0.80951464,0.303385066,0.781848291,0.000111011,0.456566267
0.556476381,0.640045792,0.611649446,0.615510457,0.615510457,0.999205728,0.797708197,0.809598487,0.303586159,0.781852221,0.00011448,0.452858928
0.535855311,0.61377017,0.595053268,0.615733868,0.615733868,0.999200298,0.797663651,0.809572968,0.303519692,0.781851379,0.0001235,0.455195726
0.4685809,0.534507196,0.518924996,0.609781058,0.609781058,0.998958457,0.797387108,0.809308538,0.303542412,0.781564781,0.000270011,0.463390453
0.402817725,0.470071958,0.450398844,0.595799882,0.595864743,0.998900568,0.79726274,0.809198391,0.303445974,0.781426676,0.000104651,0.474101474
0.546190221,0.586295246,0.589003694,0.642982747,0.642982747,0.999087408,0.797529599,0.809413216,0.303521626,0.781674536,0.000673583,0.470008304
0.459513479,0.526439163,0.511483484,0.604195794,0.604195794,0.998511058,0.797035724,0.808982654,0.303864355,0.781410957,0.000628137,0.487142582
0.465412178,0.534616223,0.516890626,0.61200075,0.61200075,0.998888551,0.797582168,0.80945527,0.304029435,0.781677484,0.000375587,0.446907057
0.485886998,0.558602268,0.540446491,0.617304948,0.617304948,0.999179846,0.797670983,0.80958065,0.303575283,0.781839168,0.000169176,0.459812285
0.485545751,0.554186655,0.538305048,0.609817092,0.609817092,0.999088795,0.797565983,0.809473237,0.303582292,0.781756782,0.000140151,0.462249734
0.469848389,0.535979067,0.522244231,0.617809424,0.617809424,0.999247325,0.79745531,0.809368819,0.303057564,0.781684361,0.000109855,0.460594013
0.473894603,0.545573485,0.527330157,0.610746768,0.610746768,0.999130738,0.797614402,0.809528441,0.30357915,0.781795238,0.000113092,0.463002944
0.494028177,0.567597034,0.548798116,0.615128497,0.615128497,0.99919452,0.797671121,0.809576223,0.30354507,0.781844923,0.000119684,0.457389933
0.50168186,0.574465765,0.556560844,0.621297511,0.621297511,0.999303597,0.797750944,0.809645749,0.303456125,0.781929975,0.000109508,0.458446776
0.48915322,0.543011339,0.5452112,0.615878003,0.615878003,0.999165865,0.797462781,0.809398243,0.303240772,0.781811379,0.000160157,0.466693507
0.494954419,0.563672045,0.548851652,0.61530146,0.61530146,0.999205728,0.797599738,0.809431574,0.303396426,0.781801835,0.000111127,0.456073073
0.477940818,0.544864806,0.527008941,0.608037014,0.608037014,0.999063259,0.797513551,0.809400978,0.303544104,0.781664431,0.000137029,0.461879
0.449763565,0.517716965,0.500776273,0.603813834,0.603813834,0.999022124,0.79729442,0.809226253,0.303247297,0.781477623,0.000110548,0.460020298
0.412128894,0.416266899,0.442903796,0.613211491,0.613211491,0.998728056,0.79690596,0.808857274,0.303183972,0.781070043,0.000555633,0.463452522
0.561400088,0.605211513,0.594571444,0.62873492,0.62873492,0.999137671,0.797595172,0.809452015,0.30353081,0.781720992,0.000394783,0.471028241
0.50631307,0.553041867,0.561004336,0.607842431,0.607842431,0.999086946,0.797455448,0.809371683,0.303393042,0.781721273,0.000110433,0.45528799
0.474820845,0.54361099,0.527919053,0.609874746,0.609874746,0.999127734,0.797524065,0.809437823,0.303427363,0.781722396,0.000101991,0.461967909
0.501194365,0.572830353,0.556400236,0.622919039,0.622919039,0.999309836,0.79774375,0.809642233,0.303430505,0.781936853,0.000129166,0.503696434
0.5086043,0.573757087,0.564858932,0.613204284,0.613204284,0.999147493,0.797734481,0.809636244,0.30375414,0.781919309,0.000135873,0.457238956
0.542192756,0.616550371,0.599068473,0.616432926,0.616432926,0.999228029,0.797713177,0.809608903,0.303548213,0.781895309,0.000106964,0.465854743
0.51884171,0.59218273,0.57412067,0.616901368,0.616901368,0.999235424,0.79770294,0.809598617,0.303514858,0.781881133,0.000107079,0.453321926
0.45829474,0.525348888,0.510145083,0.611027833,0.611027833,0.998952564,0.797363452,0.809291221,0.303513408,0.781546817,0.000295914,0.457634852
0.426656267,0.483754906,0.472937523,0.600253679,0.600253679,0.998946671,0.797301476,0.809228727,0.303417453,0.781475518,0.00012905,0.456876609
0.249841564,0.268153075,0.272819744,0.600275299,0.600275299,0.998821649,0.796863766,0.808813788,0.302914236,0.781051798,0.0002544,0.463571626
0.556086384,0.62003925,0.60372611,0.620965998,0.620965998,0.999209426,0.797789402,0.809644447,0.303720302,0.781923379,0.000198317,0.60672018
0.487203237,0.531399913,0.535681782,0.641952176,0.641952176,0.998982838,0.797396654,0.809307105,0.303508091,0.781565343,0.000761813,0.467210186
0.462292205,0.522241605,0.516569409,0.628324133,0.628324133,0.982789587,0.773701837,0.791394033,0.295983037,0.788085079,0.016748905,0.74188873
0.478379564,0.549280419,0.531666577,0.608627971,0.608627971,0.999053206,0.79757871,0.809488731,0.30367873,0.78176015,0.000156687,0.456138497
0.503826842,0.580625818,0.558273998,0.617982387,0.617982387,0.999239468,0.797700726,0.809606689,0.303502531,0.781852502,0.000120378,0.457153402
0.47204212,0.542030092,0.523582633,0.612036783,0.612036783,0.999112251,0.797459184,0.809380667,0.303346636,0.781629343,0.000152293,0.461949456
0.475162092,0.546282163,0.529364527,0.608671212,0.608671212,0.999097461,0.797544678,0.809469331,0.303526943,0.781747098,0.000113092,0.461961199
0.473894603,0.538377671,0.525617003,0.610717941,0.610717941,0.999048353,0.797555745,0.809456572,0.303649001,0.781881975,0.000195079,0.46204843
0.497538147,0.570104666,0.551474918,0.621578576,0.621578576,0.999292735,0.797780687,0.80967296,0.30353081,0.781954256,0.000124772,0.455289667
0.509189295,0.5809529,0.566036726,0.617045504,0.617045504,0.964194341,1,1,0.730252413,1,0.035177547,0.462241346
0.511334276,0.586676843,0.568124632,0.620029115,0.620029115,0.999268933,0.797746655,0.809651868,0.303521142,0.781933203,0.000123731,0.455558072
0.502705601,0.574629307,0.557738637,0.616987849,0.616937402,0.999221443,0.79768454,0.809585858,0.303511958,0.781873975,0.00012165,0.47416522
0.385852874,0.391354121,0.423363135,0.613910549,0.613910549,0.998787101,0.7966142,0.808586072,0.302550479,0.780942324,0.00050776,0.451416254
0.470628382,0.530800262,0.518764388,0.625419796,0.625419796,0.998999245,0.797404263,0.809307236,0.303487063,0.781564922,0.000480238,0.472382007
0.480719544,0.558547754,0.533593875,0.626118854,0.626118854,0.999287882,0.797878217,0.809756547,0.303711359,0.781911589,0.000202595,0.517344808
0.492468191,0.563290449,0.54547888,0.612058404,0.612058404,0.999151075,0.797589362,0.809490684,0.303492863,0.78176394,0.000113902,0.466123147
0.512845513,0.585750109,0.567803416,0.61781663,0.61781663,0.999230918,0.797702663,0.809598227,0.303523801,0.781880151,0.000126275,0.464630147
0.529517867,0.605593109,0.586862252,0.620057943,0.620057943,0.999284994,0.797774462,0.809671658,0.303536128,0.781957765,0.00010812,0.469177927
0.465509677,0.538541212,0.518068419,0.609636922,0.609636922,0.998981105,0.79741284,0.809337832,0.303539995,0.781578957,0.000245034,0.440223782
0.473650856,0.550370693,0.526687724,0.59973479,0.59973479,0.9989506,0.797616892,0.809530133,0.303960309,0.781720712,0.000116677,0.461964554
0.431531224,0.538432185,0.455538305,0.601788726,0.601788726,0.998802353,0.797480073,0.809319083,0.304031127,0.781302044,0.00029788,0.414857871
0.43543119,0.470944178,0.460195942,0.616721198,0.616721198,0.998796229,0.797085941,0.808858055,0.303355578,0.78108071,0.000543723,0.452005066
0.474820845,0.492695159,0.512875422,0.631466294,0.631466294,0.998877921,0.797268827,0.809202557,0.303503982,0.781427799,0.00069856,0.464896874
0.455857261,0.517171827,0.5039349,0.634413872,0.634413872,0.986162989,0.778621363,0.790147915,0.29752145,0.755715874,0.013470611,0.743250883
0.467947155,0.53821413,0.521334119,0.608260425,0.608260425,0.99898434,0.79751203,0.809444724,0.303706525,0.781722256,0.000219709,0.46572054
0.497343148,0.567106411,0.551260774,0.618184177,0.618184177,0.999197178,0.797596832,0.809506568,0.303409236,0.781789203,0.000165938,0.47050653
0.465899673,0.532326646,0.516194657,0.615027602,0.615027602,0.999168291,0.797327899,0.809257761,0.303000281,0.781518325,0.000144314,0.463489427
0.482572027,0.550261666,0.535788854,0.613917756,0.613917756,0.99915639,0.797577741,0.809489251,0.303461684,0.78179608,0.000138301,0.46321599
0.497001901,0.563344963,0.54927994,0.61743467,0.61743467,0.999245477,0.797680113,0.809565807,0.30345395,0.781879309,0.000105576,0.463603499
0.489689465,0.539904056,0.543069757,0.634031912,0.634031912,0.999456928,0.797516042,0.809434829,0.302724986,0.782239029,0.000160388,0.462046753
0.471310876,0.552115133,0.522511912,0.625938685,0.625938685,0.99930741,0.798176202,0.810029831,0.304191373,0.781807168,0.000180162,0.458508845
0.482377029,0.552387702,0.534557524,0.618429208,0.618429208,0.999252987,0.797657426,0.809555912,0.303398601,0.781832993,0.000114018,0.460969779
0.471164627,0.54361099,0.524225066,1,1,0.975214658,0.850681112,0.864385531,0.446320726,0.829203358,0.030293408,0.460350771
0.469117145,0.537614479,0.520156325,0.615330287,0.615330287,0.999155696,0.797457385,0.809368168,0.303252615,0.781631729,0.00016166,0.465002558
0.562033832,0.641572176,0.622463729,0.614969948,0.614969948,0.999194982,0.797732683,0.809636244,0.303651418,0.781919589,0.000116562,0.517229058
0.515526739,0.588366768,0.569463033,0.616079794,0.616079794,0.999200067,0.797683157,0.809575963,0.303554497,0.781852221,0.000129282,0.447465674
0.455857261,0.509703445,0.506076342,0.612317848,0.612317848,0.998694547,0.797149854,0.809090197,0.303679697,0.781438465,0.000574829,0.447297921
0.466533418,0.531672481,0.518443171,0.623935197,0.623935197,0.998937312,0.797386278,0.809314006,0.303585192,0.781586957,0.000518283,0.419741157
0.468190903,0.536633232,0.519995717,0.609586474,0.609586474,0.999105318,0.79746029,0.809375719,0.303362829,0.781650115,0.000119915,0.461597175
0.502461853,0.574847362,0.558434606,0.625174765,0.625174765,0.99932532,0.797794106,0.809697177,0.303486096,0.781994958,0.000149749,0.451869186
0.454687271,0.52567597,0.505166229,0.609370271,0.609370271,0.998900684,0.797240606,0.809174825,0.303407302,0.781361413,0.000321238,0.477822232
0.493638181,0.563508504,0.548744579,0.616670751,0.616670751,0.999160549,0.79768371,0.809591717,0.303637883,0.781901063,0.000178196,0.46293752
0.487446985,0.558384213,0.540446491,0.617701322,0.617701322,0.99921347,0.797677347,0.809571666,0.303516067,0.781849835,0.000141886,0.458037459
0.264320187,0.090710859,0.28604315,0.59355857,0.59355857,0.998240909,0.796001767,0.808006564,0.302623231,0.780732639,0.000727816,0.388156648
0.409203919,0.46091365,0.453503935,0.60512547,0.60512547,0.998338893,0.796664833,0.808633725,0.303576491,0.780852639,0.000815469,0.402601847
0.500170624,0.658634976,0.546388993,0.603208464,0.603208464,0.998965968,0.797745272,0.809650566,0.304152218,0.78157601,0.000156919,0.501000646
0.463120948,0.505560401,0.509395578,0.628799781,0.628799781,0.998878614,0.797241159,0.809175997,0.303454433,0.781455027,0.000655081,0.444310242
0.398966509,0.454699084,0.45045238,0.589011084,0.589011084,0.998578769,0.792774145,0.805251458,0.296277184,0.777471859,0.000316613,0.443439605
0.497684395,0.549334932,0.552706248,0.607525332,0.607525332,0.999033332,0.797443828,0.809362309,0.303484887,0.781618255,0.000158885,0.469122569
0.485302004,0.533144352,0.527919053,0.645281713,0.645281713,0.999116873,0.797454895,0.809317131,0.303329475,0.781586255,0.000681099,0.470472979
0.494954419,0.55222416,0.551689063,0.60124101,0.60124101,0.998978216,0.79741782,0.809361528,0.303554738,0.781605343,0.000113208,0.465187086
0.489006971,0.557730048,0.542213181,0.605572291,0.605572291,0.999057712,0.797492662,0.809405925,0.303519209,0.781661624,0.000103148,0.485372789
0.50402184,0.569341474,0.553723433,0.603222877,0.603222877,0.999022586,0.797588532,0.809477664,0.303760182,0.781746817,0.000100488,0.466695185
0.476819578,0.59976014,0.528133198,0.602595886,0.602595886,0.999007912,0.798057091,0.809922027,0.304609271,0.781562817,0.000105229,0.472375297
0.496124409,0.552169647,0.550618341,0.607467678,0.607467678,0.999054939,0.797418788,0.809338223,0.303395701,0.781589483,0.000136335,0.466876358
0.497733145,0.538159616,0.540500027,0.613485349,0.613485349,0.99903183,0.797407168,0.80931687,0.303423979,0.78157222,0.000256019,0.465534335
0.420367572,0.471543829,0.462765673,0.582431283,0.582431283,0.998163261,0.79629491,0.808286228,0.303297329,0.780464287,0.000626865,0.453922481
0.596792278,0.628815962,0.621767761,0.665150838,0.665150838,0.999317231,0.797830489,0.809613069,0.303566582,0.781901484,0.000799395,0.477332394
0.457709745,0.528837767,0.510680443,0.615380735,0.615380735,0.998788141,0.796942205,0.809036555,0.303121372,0.780794534,0.000530425,0.463138824
0.473602106,0.541103358,0.523796777,0.620576832,0.620576832,0.999169909,0.797717742,0.80957401,0.303677521,0.781765764,0.00023162,0.489192522
0.495393165,0.563399477,0.543498046,0.623286585,0.623286585,0.999175339,0.797626022,0.80949472,0.303506157,0.781710887,0.000269549,0.480162385
0.543460245,0.603467074,0.602923069,0.63239597,0.63239597,0.999312378,0.797732129,0.80963377,0.303404885,0.781890116,0.000278684,0.484765523
0.484132014,0.549552987,0.536324214,0.611676444,0.611676444,0.999136053,0.797604995,0.809487429,0.303551596,0.781757203,0.00012269,0.461925971
0.516940477,0.58591365,0.570159002,0.606444313,0.606444313,0.998990811,0.797488374,0.809401108,0.30365166,0.781666255,0.000184093,0.463256251
0.463608443,0.481519843,0.498420686,0.585436515,0.585436515,0.998721701,0.796964063,0.808915342,0.303298538,0.781142324,0.00011633,0.46219773
0.505435577,0.543556476,0.548369827,0.614011444,0.614011444,0.999110055,0.797402879,0.809309839,0.303252856,0.781569273,0.000186175,0.463989331
0.553063911,0.630178805,0.611917126,0.641772006,0.641772006,0.999353167,0.801177499,0.812794181,0.309339077,0.785225142,0.000388307,0.466514012
0.467703408,0.514718709,0.517318914,0.647155479,0.647155479,0.998992313,0.797309638,0.809226253,0.303336243,0.781474255,0.000835821,0.470488077
0.477843319,0.533362407,0.533004979,0.60258868,0.60258868,0.998972785,0.797345745,0.809280936,0.303440173,0.781530957,0.000140267,0.466215411
0.478574562,0.547590493,0.528293806,0.60588939,0.60588939,0.999059908,0.797538453,0.809436261,0.303594619,0.781661062,0.000106154,0.463855129
0.602154731,0.680385957,0.661223834,0.608390147,0.608390147,0.999075507,0.799206977,0.81096595,0.306476878,0.783352997,0.000130438,0.467867777
0.513966753,0.576537287,0.562610418,0.606141628,0.606156041,0.99902351,0.79768122,0.809549663,0.303920187,0.781836361,0.000146743,0.450413091
0.511821772,0.536633232,0.552599176,0.615092463,0.615092463,0.999096074,0.797433037,0.809315829,0.303335034,0.781626396,0.000217512,0.462846934
0.52917662,0.583951156,0.569088281,0.602639127,0.602639127,0.998983878,0.797510508,0.809396681,0.303704833,0.781662045,0.00012986,0.462888872
0.468044655,0.537178369,0.519246212,0.639343317,0.639343317,0.999373156,0.798015312,0.809782586,0.303772509,0.781970397,0.000329333,0.512389388
0.466387169,0.521314871,0.519835109,0.598488015,0.598488015,0.998940779,0.797344361,0.809275598,0.303504707,0.78152829,0.000106501,0.466037593
0.491541949,0.61916703,0.538519193,0.617384223,0.617384223,0.999105549,0.797924423,0.809775165,0.304173729,0.781689554,0.000244802,0.482353237
0.412177643,0.474269516,0.457733283,0,0,0.988045253,0.784311721,0.796606875,0.303525735,0.76787408,0.001407412,0
0.587188612,0.662614479,0.641094277,0.632619381,0.632619381,0.999140098,0.807061672,0.817723192,0.320065191,0.79043119,0.000454683,0.458903064
0.528201628,0.602431313,0.584292521,0.60240851,0.60240851,0.998988615,0.797672781,0.809572448,0.303978437,0.781850817,0.000121534,0.461120757
0.493199435,0.534289141,0.539589914,0.610436876,0.610436876,0.998955106,0.797398729,0.809319604,0.303569724,0.781578115,0.000283888,0.470295161
0.656266758,0.735717401,0.717276085,0.647407717,0.647407717,0.999578368,0.804848916,0.816044558,0.315282695,0.788825431,0.00025336,0.467564145
0.571296251,0.635030528,0.619572782,0.642824198,0.642824198,0.999649545,0.800552061,0.812098146,0.307626398,0.784403947,0.000108583,0.470605504
0.611368401,0.684419974,0.668933026,0.620713761,0.620713761,0.999298051,0.801936988,0.813389834,0.310781294,0.786024302,0.000105692,0.464604984
0.501243114,0.5539686,0.54724557,0.648849075,0.648849075,0.999043731,0.797498749,0.809404493,0.303559331,0.781629343,0.000811537,0.476897914
0.461122215,0.459823375,0.514909792,0.595252166,0.595252166,0.998864517,0.796974577,0.808970285,0.303018167,0.781450536,0.000130901,0.460892613
0.489884464,0.53908635,0.541249532,0.613052941,0.613052941,0.999168984,0.797398314,0.809319344,0.303121614,0.781767168,0.00011182,0.463410584
0.641203139,0.722088966,0.706140586,0.608015394,0.608015394,0.999008027,0.800500599,0.812194752,0.308878399,0.784747947,0.000192072,0.465760801
0.634134451,0.707806367,0.686974677,0.619041785,0.619041785,0.999258649,0.799243084,0.810922073,0.306157111,0.783269488,0.00011818,0.49803142
0.520742943,0.547808548,0.56068312,0.615517664,0.615517664,0.999105087,0.797497089,0.809378714,0.303427846,0.781641975,0.000215315,0.466638149
0.499049383,0.594199738,0.589646127,0.602840917,0.602840917,0.99898018,0.797438433,0.80943561,0.303586643,0.781729273,0.000136798,0.470271676
0.4685809,0.535815526,0.519192676,0.640316234,0.640316234,0.999383671,0.797923178,0.809677907,0.303589785,0.78196773,0.000334536,0.508178791
0.499926876,0.55892935,0.544354623,0.618422001,0.618422001,0.999127503,0.797581338,0.809445245,0.303528152,0.781711308,0.000239483,0.482432081
0.508019305,0.574411252,0.556079019,0.63718128,0.63718128,0.999563231,0.798104127,0.809873985,0.303530327,0.782175871,0.00010442,0.643610713
0.682396529,0.752998256,0.733925799,0.638082129,0.638082129,0.99918597,0.812848454,0.82255104,0.330079502,0.795912327,0.000496427,0.476845911
0.516062984,0.59131051,0.573317629,0.601860794,0.601860794,0.998953489,0.797657979,0.809569974,0.304026051,0.781848151,0.000147783,0.466498914
0.492906937,0.509430877,0.534396916,0.590899263,0.590899263,0.998823267,0.797194123,0.809152821,0.303488271,0.781376851,0.000102338,0.464032947
0.480865792,0.520224597,0.526955404,0.604966921,0.604966921,0.998840252,0.797247523,0.809187714,0.303545796,0.781440711,0.000311062,0.464165471
0.495685663,0.557402966,0.542052572,0.653886623,0.653886623,0.999555721,0.798758616,0.810269134,0.304689273,0.782613346,0.000379866,0.49130453
0.473699605,0.537287396,0.527169549,0.649411205,0.649411205,0.99903934,0.797384065,0.809312443,0.303367905,0.781542746,0.000824951,0.464745896
0.466825915,0.528401657,0.519299748,0.649339137,0.649339137,0.998968741,0.797316416,0.80924422,0.303397634,0.781477764,0.000894564,0.463157277
0.481597036,0.532762756,0.534611061,0.628107929,0.628107929,0.99898226,0.797407306,0.809321036,0.30352791,0.781581203,0.000540254,0.470578664
0.512991761,0.574356738,0.55688206,0.646499661,0.646499661,0.999705932,0.799348499,0.810712846,0.30540591,0.783080154,0.000111127,0.523128926
0.523277921,0.583406018,0.56828524,0.623531616,0.623531616,0.999312725,0.797733374,0.809593149,0.303406577,0.781808151,0.000136104,0.502319183
0.463413445,0.506378107,0.514481503,0.654708197,0.654708197,0.998770578,0.797100605,0.80910543,0.303434856,0.781347377,0.00117903,0.462251411
0.472237118,0.554186655,0.541035387,0.611409793,0.611409793,0.999009645,0.797477721,0.809654081,0.303593652,0.781779098,0.000244918,0.470753126
0.491493199,0.55484082,0.540607099,0.652488505,0.652488505,0.999059214,0.797556852,0.809439386,0.303628215,0.781662185,0.000854438,0.482658547
0.52225418,0.567051897,0.580759141,0.656437827,0.656437827,0.999121148,0.79757539,0.809492637,0.303531294,0.781801835,0.000855826,0.485037283
0.500658119,0.558111644,0.546121313,0.654146067,0.654146067,0.999064183,0.797534026,0.809417122,0.303577941,0.781682817,0.000876178,0.456621625
0.496075659,0.556585259,0.546014241,0.617903112,0.617903112,0.999051704,0.79744867,0.809353195,0.303454917,0.781610536,0.000307015,0.462942553
0.481938283,0.540285652,0.531880722,0.603489529,0.603489529,0.99898538,0.797414638,0.809329239,0.303533952,0.781585413,0.000142117,0.471274838
0.48457076,0.559692543,0.540553563,0.606357832,0.606357832,0.998966546,0.797461812,0.80938913,0.30365601,0.781628501,0.000206989,0.461005007
0.478525813,0.583078936,0.534396916,0.615726661,0.615726661,0.998963657,0.797517702,0.809442511,0.303759457,0.781586536,0.000360208,0.465785964
0.485935748,0.561927606,0.535735318,0.603619251,0.603619251,0.99901392,0.797432207,0.809347336,0.30350519,0.781587238,0.000115636,0.468382778
0.517184225,0.595180986,0.561646769,0.60375618,0.60375618,0.998996588,0.797462366,0.809370121,0.303594135,0.781611378,0.000135179,0.475931657
0.528445376,0.573757087,0.577172225,0.608296459,0.608296459,0.999069267,0.797501516,0.809399285,0.303510507,0.781685063,0.000135295,0.477884301
0.452103544,0.522841256,0.507039991,0.616202309,0.617218467,0.998884392,0.797301476,0.809247605,0.303547729,0.781470606,0.000463587,0.463440779
0.565641301,0.601995203,0.607741314,0.614321336,0.614321336,0.998995895,0.797440093,0.809350591,0.303556914,0.78160815,0.000305512,0.470038499
0.447374835,0.516572176,0.49809947,0.598783494,0.598783494,0.998928299,0.796899181,0.808853888,0.302753023,0.781050394,0.000123731,0.459290573
0.412128894,0.476122983,0.46008887,0.603871488,0.603871488,0.998975789,0.797031297,0.808982003,0.302884507,0.781181482,0.000157728,0.459772024
0.483303271,0.544646751,0.53434338,0.617643667,0.617643667,0.998977176,0.797411733,0.809327026,0.303546279,0.781586817,0.000377553,0.463237798
0.482523278,0.544210641,0.533219123,0.602149065,0.602149065,0.998984109,0.797401357,0.809322208,0.303513408,0.781580501,0.000121881,0.456906805
0.517427973,0.541975578,0.562128594,0.612793497,0.612793497,0.998964812,0.797388077,0.809313485,0.30353081,0.781574185,0.000311987,0.465675247
0.561643836,0.601995203,0.602548316,0.609334237,0.609334237,0.999007449,0.797445488,0.809354107,0.303541928,0.781615589,0.000213812,0.463913842
0.485058256,0.545300916,0.539322234,0.657547673,0.657547673,0.999155812,0.797325962,0.809253464,0.303022517,0.781506957,0.000838943,0.46189242
0.727246137,0.761338857,0.744579474,0.628158376,0.628158376,0.999358944,0.797871438,0.809671398,0.303550871,0.781950607,0.000164088,0.473202318
0.583288646,0.621783689,0.611970662,0.610926938,0.610955765,0.999070654,0.797527939,0.809408789,0.303553772,0.781675519,0.000176577,0.468778675
0.499293131,0.590710859,0.545264736,0.626342265,0.626342265,0.99901392,0.797492524,0.809408138,0.303610571,0.781584711,0.000480354,0.46113921
0.474040852,0.53281727,0.5262059,0.605370501,0.605370501,0.998958226,0.797392089,0.809313876,0.303551596,0.781576711,0.000199473,0.469367488
0.460878467,0.522405146,0.512393597,0.607662261,0.607662261,0.998970128,0.797336752,0.809263489,0.303430022,0.781523659,0.000224335,0.461904163
0.486179496,0.550588748,0.54017881,0.613687139,0.613687139,0.998975443,0.797439678,0.809361007,0.303598728,0.781622606,0.000315688,0.466919973
0.496758153,0.560292194,0.545425344,0.60431831,0.60431831,0.999018773,0.797443828,0.809353325,0.303515341,0.781617975,0.000121997,0.464890164
0.53375908,0.59392717,0.581776326,0.603561596,0.603503942,0.99899809,0.797460429,0.80936986,0.303587609,0.781626817,0.000129629,0.462992879
0.497440647,0.560891845,0.546603137,0.610660286,0.610660286,0.999107975,0.797545231,0.809430532,0.303505915,0.781691238,0.000134485,0.476060827
0.458635987,0.504470126,0.508592537,0.622212773,0.622472218,0.998952564,0.797253748,0.809180423,0.303321741,0.781489132,0.000479545,0.46597888
0.546970214,0.592673354,0.595535093,0.614429438,0.614429438,0.999007796,0.797439263,0.809353586,0.303530327,0.781615027,0.000295104,0.471489562
0.458440989,0.483427824,0.510305691,0.600909497,0.600909497,0.998958457,0.796000522,0.808008517,0.301119864,0.781304711,0.000127663,0.460619176
0.470774631,0.534343655,0.523207881,0.604844405,0.604844405,0.998980758,0.797335369,0.809261146,0.303405368,0.781513834,0.000168367,0.461473038
0.496124409,0.553805059,0.544943519,0.622940659,0.622940659,0.99901704,0.79745448,0.809359054,0.303537578,0.781620782,0.000422651,0.462481233
0.541949008,0.570649804,0.585577386,0.61373038,0.61373038,0.9989885,0.797409658,0.809331192,0.303518967,0.781591308,0.000303315,0.468684734
0.553356408,0.585423027,0.594464372,0.611568342,0.611568342,0.998999245,0.797440231,0.809347987,0.303549904,0.781610536,0.000257869,0.462836869
0.518061717,0.599105975,0.574602495,0.638896496,0.638896496,0.999050433,0.797808632,0.809702254,0.304086476,0.781863589,0.000645136,0.464705636
0.646468093,0.686764065,0.670967397,0.621643437,0.621629023,0.99927991,0.797751497,0.809575833,0.30350664,0.781854466,0.000138417,0.468424717
0.715302491,0.739751417,0.727287328,0.609874746,0.60988916,0.999114331,0.797596694,0.809463082,0.303582534,0.781734045,0.000115636,0.475931657
0.59537854,0.671718273,0.660313721,0.609781058,0.609781058,0.999050317,0.797485745,0.809406055,0.303522592,0.781671448,0.00017808,0.465155213
0.51884171,0.55980157,0.560361904,0.634500353,0.634500353,0.999020391,0.797444658,0.809351503,0.303513408,0.781612641,0.000604548,0.466215411
0.534100327,0.584986917,0.577814658,0.612108851,0.611085487,0.999111095,0.797679007,0.809541461,0.303733112,0.781815168,0.000138186,0.466248962
0.509189295,0.597252508,0.556507308,0.614796985,0.614796985,0.999074582,0.79768039,0.809553048,0.303811664,0.78165601,0.00023428,0.463350192
0.458002242,0.544864806,0.510198619,0.595338647,0.595338647,0.998812752,0.797512168,0.809366866,0.304065448,0.781364781,0.000184093,0.466294255
0.493881929,0.555004361,0.538786873,0.602458957,0.602458957,0.999007912,0.797416713,0.80933015,0.303490688,0.781589062,0.000103032,0.456931968
0.523326671,0.580734845,0.577600514,0.635444443,0.635444443,0.999089141,0.79752282,0.809348768,0.303506157,0.781699519,0.000551008,0.466931716
0.47082338,0.540449193,0.522993736,0.603431874,0.604325516,0.999004907,0.797440784,0.809359054,0.303539028,0.781620782,0.000135989,0.462976104
0.428070004,0.491713912,0.490176134,0.574417331,0.574417331,0.997934593,0.796479595,0.808671872,0.304098561,0.780880008,0.000727238,0.468778675
0.54740896,0.605266027,0.587772365,0.638341573,0.638341573,0.999332946,0.797811537,0.809626479,0.303500598,0.781909063,0.000353501,0.470571953
0.492321942,0.553259922,0.548691043,0.618494069,0.618494069,0.999120686,0.797450745,0.809377542,0.30331449,0.781640712,0.000247462,0.466035916
0.459659728,0.500490624,0.507575352,0.602062584,0.602062584,0.998617131,0.796788924,0.808490508,0.303211043,0.781062184,0.000487639,0.457569429
0.497635646,0.555331444,0.545157664,0.606206489,0.606206489,0.999058406,0.797514935,0.809401759,0.303556672,0.781666536,0.00011263,0.477043859
0.479257057,0.535379416,0.535735318,0.603684112,0.603684112,0.998993468,0.797369124,0.809307366,0.303437756,0.781575869,0.000137145,0.465210572
0.430166236,0.48380942,0.476149687,0.602667954,0.602667954,0.998841524,0.796072874,0.808117753,0.301490871,0.780144848,0.000273018,0.459032234
0.497976893,0.553259922,0.554258793,0.6049453,0.6049453,0.999002134,0.797464717,0.809388739,0.303586643,0.781633694,0.000148709,0.462984491
0.516404231,0.589402529,0.559933615,0.63145188,0.63145188,0.999161705,0.797625607,0.809491725,0.303533952,0.781715519,0.000414326,0.470900749
0.636035685,0.687036633,0.665988543,0.612231367,0.612231367,0.99913224,0.797652584,0.809514119,0.303642717,0.781774607,0.00013541,0.471784807
0.508945547,0.561218927,0.557417421,0.613434901,0.613867309,0.999044771,0.797496951,0.80940918,0.303553772,0.781663729,0.000249197,0.476268841
0.596353532,0.638028783,0.628941592,0.615957278,0.615957278,0.999211621,0.797676793,0.809516853,0.303519209,0.781788501,0.000115752,0.472858425
0.566470043,0.616986481,0.610739333,0.610537771,0.610537771,0.999115833,0.797699758,0.80955448,0.303759457,0.781826537,0.000124541,0.474413494
0.505776824,0.560837331,0.557952781,0.606602863,0.606602863,0.999008374,0.797439678,0.809355539,0.303530085,0.781617975,0.000169061,0.462695956
0.476819578,0.540013083,0.530863537,0.608541489,0.608541489,0.999039687,0.797354875,0.809285753,0.303316182,0.781539939,0.000168829,0.460922809
0.424462536,0.479502835,0.472991059,0.617586013,0.617586013,0.612131534,0.16051575,0,0,0.133478513,0.387521018,0.459917969
0.55199142,0.626362843,0.608383746,0.613182663,0.613218697,0.999008489,0.797834225,0.809726601,0.304218927,0.782005625,0.000275099,0.455781183
0.533222834,0.592564326,0.57792173,0.603525562,0.60321567,0.999013111,0.797495014,0.809397072,0.303616613,0.781656992,0.000109855,0.466955202
0.362501828,0.417847798,0.412655924,0.609665749,0.609716197,0.99872147,0.796333369,0.808381142,0.302197116,0.780609832,0.000506141,0.461689439
0.571101253,0.61289795,0.620108143,0.627985413,0.627985413,0.999214626,0.797825786,0.809664367,0.303772993,0.781941344,0.000305743,0.486827206
0.503339346,0.5611099,0.557792173,0.616569855,0.614523127,0.999072387,0.797476338,0.809391213,0.303459992,0.78165194,0.000232082,0.468163022
0.519670453,0.586676843,0.572568125,0.603237291,0.60436155,0.99899185,0.797544955,0.809449151,0.303748581,0.781714677,0.000149634,0.464839838
0.514015502,0.5638901,0.557738637,0.608166736,0.608166736,0.999070885,0.797505804,0.809400587,0.303514375,0.781655168,0.000131594,0.473784421
0.520742943,0.578663323,0.57385299,0.633585091,0.633585091,0.999168638,0.797635706,0.809524795,0.303537094,0.781767028,0.000441616,0.472398782
0.497586896,0.57599215,0.542052572,0.611604376,0.611604376,0.999086021,0.797648157,0.809505786,0.303731662,0.781655589,0.000171605,0.482730681
0.501243114,0.560019625,0.556025483,0.608462215,0.608462215,0.999098154,0.797508848,0.80942233,0.303463135,0.781686466,0.000109045,0.464133598
0.531077853,0.574738334,0.580544997,0.611344931,0.611344931,0.999130276,0.797563907,0.809444203,0.303491897,0.781712571,0.000123153,0.468506916
0.586847365,0.642171827,0.623373842,0.609773851,0.609759437,0.999063605,0.797539559,0.809426366,0.303588818,0.781685905,0.000164435,0.472127022
0.523034173,0.574738334,0.57385299,0.605067816,0.605060609,0.9990383,0.797466239,0.809374287,0.30351365,0.781637624,0.000114364,0.462742927
0.593574806,0.635630179,0.626157717,0.613896136,0.613629484,0.999122765,0.797720924,0.809548621,0.303781935,0.781825554,0.00016721,0.467233671
0.552283918,0.593273005,0.603244285,0.614660056,0.614660056,0.999193249,0.797614678,0.809492637,0.303448874,0.78177208,0.000113324,0.469825453
0.513528007,0.569014392,0.557470957,0.616259963,0.616259963,0.999075853,0.79748616,0.809380016,0.303470144,0.781635519,0.000256482,0.468996754
0.483644518,0.5468273,0.531720113,0.631444673,0.631444673,0.999297011,0.797815549,0.809600049,0.303582775,0.781883098,0.0002788,0.458255538
0.59089358,0.626253816,0.626907222,0.617802217,0.618076075,0.999201106,0.797653137,0.809502792,0.303499631,0.781773484,0.000160157,0.465029399
0.669136645,0.67853249,0.696182879,0.643364707,0.643364707,0.999236926,0.797717604,0.809546278,0.303537336,0.781825133,0.000530193,0.490376857
0.537610296,0.59436328,0.585149098,0.61355021,0.612289021,0.999070538,0.797713177,0.809585337,0.303877406,0.7818678,0.000198085,0.465322966
0.445961098,0.513028783,0.497778254,0.607172199,0.607172199,0.999030328,0.797069894,0.809061423,0.302837859,0.781248009,0.000156109,0.458466907
0.464095939,0.530854775,0.514267359,0.603626458,0.603626458,0.99893685,0.797375626,0.809305803,0.303567548,0.78154008,0.000192882,0.560769315
0.484912007,0.54535543,0.532737299,0.624965768,0.624965768,0.998974749,0.797390152,0.809315698,0.30351365,0.781565203,0.000497237,0.460448068
0.638229415,0.658853031,0.666898656,0.644438519,0.644438519,0.999275288,0.797744857,0.80957375,0.303504707,0.781883238,0.000509032,0.459916291
0.55540389,0.594090711,0.589431982,0.636201156,0.636201156,0.999144257,0.797552563,0.809425064,0.303442832,0.781692782,0.000507991,0.467220251
0.505338078,0.579590057,0.562771026,0.621924502,0.621924502,0.999272284,0.797740707,0.809654993,0.30350374,0.781861203,0.000150674,0.463262961
0.586554868,0.61202573,0.608490819,0.624720737,0.624720737,0.999185392,0.797661161,0.809486517,0.303546521,0.781760712,0.000282616,0.465671892
0.44108614,0.503815962,0.493441833,0.593248678,0.593248678,0.998849381,0.797111672,0.80907249,0.303289353,0.781298114,0.000114018,0.467807386
0.564666309,0.621456607,0.605225119,0.617903112,0.615344701,0.999196831,0.797840035,0.809669575,0.303835109,0.781919028,0.000120609,0.46990933
0.499878126,0.542466201,0.549172868,0.611265657,0.611265657,0.999037723,0.79745033,0.809347987,0.303487063,0.781630045,0.000214506,0.467330968
0.467947155,0.532490188,0.51533808,0.59818533,0.59818533,0.998813214,0.797317661,0.809214405,0.303724894,0.781464009,0.000229307,0.469307097
0.493101935,0.554295683,0.539001017,0.606192075,0.606192075,0.999022124,0.797430271,0.809340696,0.303484646,0.781601273,0.000148709,0.465541045
0.457319748,0.506432621,0.507628888,0.636114674,0.636114674,0.998990117,0.797303136,0.809043716,0.303329475,0.78147622,0.000660863,0.460382644
0.475113343,0.544319669,0.526580652,0.605161504,0.605161504,0.999010222,0.797439816,0.809354497,0.303526218,0.781614466,0.000143967,0.477367622
0.569443767,0.587440035,0.611381766,0.621679471,0.621679471,0.999164016,0.797616477,0.80946842,0.303513166,0.781751729,0.00025521,0.481298072
0.474967094,0.616114261,0.535628246,0.626680984,0.626680984,0.999007565,0.797743473,0.809688974,0.304062306,0.781651098,0.000492149,0.375773131
0.510798031,0.570976886,0.584024841,0.601377939,0.601377939,0.998988731,0.797423215,0.809388088,0.303541928,0.78165208,0.000104767,0.46820496
0.520596695,0.568632795,0.564430644,0.616209516,0.616209516,0.99910578,0.797552287,0.80942233,0.303522834,0.781682957,0.000225722,0.469089018
0.450446059,0.539904056,0.504309653,0.62642154,0.62642154,0.998811366,0.797427089,0.809378974,0.303919945,0.781469764,0.000684221,0.443427862
0.473260859,0.513028783,0.517479522,0.602271581,0.602271581,0.998851461,0.797254163,0.809174174,0.303533952,0.781421483,0.000256482,0.463445812
0.479500804,0.539686001,0.530221104,0.603093155,0.603093155,0.998995086,0.797441061,0.809348899,0.303560056,0.781615308,0.000126044,0.474683576
0.393360308,0.456443524,0.440334065,0.600008648,0.600008648,0.998800389,0.797024656,0.808999579,0.303239805,0.781206324,0.000271399,0.460686277
0.481792034,0.540667248,0.536324214,0.605903804,0.605903804,0.998983762,0.797395685,0.809322989,0.303504465,0.781571378,0.000182359,0.458015651
0.459220982,0.508068033,0.508324857,0.601536488,0.601536488,0.998876419,0.796795703,0.808816652,0.302680755,0.7810525,0.000219825,0.462420842
0.498805635,0.554622765,0.559451791,0.604195794,0.604195794,0.999026746,0.797441061,0.80938301,0.30349383,0.781646887,0.000112052,0.46844317
0.540681519,0.598996947,0.578724771,0.630097003,0.630097003,0.999192209,0.79763792,0.809489642,0.303491655,0.781747659,0.000362058,0.470576986
0.569395018,0.613824684,0.612880775,0.610768388,0.610768388,0.999064299,0.797576635,0.809461129,0.303652143,0.781751729,0.00017993,0.461577045
0.539511529,0.587549062,0.586969324,0.615114084,0.614782571,0.99908683,0.797548413,0.8094485,0.303555463,0.781722677,0.000221791,0.465247477
0.499878126,0.556694287,0.546388993,0.604383171,0.604246242,0.99902767,0.797434144,0.809349289,0.303479812,0.781609694,0.000111936,0.462075271
0.544825233,0.595617096,0.585845067,0.616786059,0.616786059,0.999158701,0.797642208,0.809492506,0.30356924,0.781743449,0.000182012,0.462053463
0.516501731,0.5809529,0.568713529,0.610681907,0.610681907,0.999127503,0.797570963,0.809468941,0.303510024,0.781720291,0.00011529,0.4880669
0.492711939,0.553423463,0.544140479,0.612152092,0.612152092,0.999079204,0.797460705,0.809362569,0.30341842,0.781624711,0.000187215,0.465187086
0.4971969,0.499836459,0.542748541,0.593810807,0.593810807,0.998677909,0.796932383,0.808989163,0.303334792,0.781222465,0.000294411,0.46248291
0.519816702,0.584278238,0.570747899,0.613175457,0.613096182,0.999043153,0.797689936,0.809575182,0.303894325,0.781868081,0.000238442,0.458117981
0.537464047,0.590274749,0.582793511,0.604087692,0.603734559,0.999007796,0.79752448,0.809419075,0.303679213,0.781697554,0.000123615,0.469796935
0.46170721,0.511720454,0.501739922,0.614011444,0.613824068,0.998875725,0.797223728,0.809058428,0.303430022,0.781307798,0.000417679,0.463811513
0.491736947,0.559256433,0.546174849,0.601997723,0.602033757,0.998999361,0.797461397,0.809381318,0.303586643,0.781642817,0.000104767,0.461590465
0.551893921,0.59043829,0.598533112,0.628179997,0.628179997,0.999211968,0.79774707,0.809583384,0.303641025,0.781865975,0.000311525,0.472147153
0.498415639,0.556476232,0.55334868,0.613989824,0.613297972,0.999049277,0.797455448,0.809374808,0.303471836,0.781637062,0.000235552,0.463314964
0.531857846,0.610826428,0.588575406,0.602466164,0.603186843,0.998989193,0.797555469,0.809466988,0.303772267,0.781719449,0.00013356,0.463043205
0.513869254,0.5611099,0.554312329,0.609290996,0.609290996,0.999084866,0.797501239,0.809388869,0.303477395,0.781639589,0.000135642,0.474861394
0.535124068,0.584714348,0.581562182,0.63468773,0.63468773,0.999216474,0.797730884,0.809571927,0.303603562,0.781836782,0.00041155,0.477733323
0.487056988,0.548299171,0.53230901,0.611921475,0.611899854,0.999077933,0.797482702,0.809376631,0.303459509,0.781594396,0.000184325,0.464048044
0.506898065,0.565525512,0.561753841,0.608692832,0.608692832,0.999103238,0.797538176,0.809446547,0.303503498,0.781698536,0.000107658,0.464343289
0.548383952,0.575774095,0.585577386,0.611726891,0.611726891,0.999136631,0.797569718,0.809440948,0.303488755,0.781714817,0.000122922,0.471202704
0.584897382,0.631432621,0.617056588,0.610566598,0.609954021,0.999079204,0.797541773,0.809421679,0.303560056,0.78168394,0.000152062,0.477995018
0.563008824,0.608972961,0.599871513,0.612152092,0.611481861,0.999067996,0.797667524,0.809508,0.303803205,0.781781624,0.000187678,0.464750929
0.545605226,0.598615351,0.605974624,0.614660056,0.614660056,0.999192209,0.797621457,0.809533779,0.303462893,0.781809694,0.000114364,0.466903198
0.525032906,0.572012647,0.568767065,0.614948327,0.614948327,0.999079435,0.797485607,0.809379235,0.303461443,0.781656571,0.000231851,0.471184251
0.491346951,0.553205408,0.539696986,0.632331109,0.632331109,0.999398577,0.797940193,0.809711368,0.303588093,0.782019941,0.000191378,0.46394907
0.557402623,0.589020933,0.600674554,0.614097926,0.613997031,0.999131663,0.797578156,0.809446677,0.30351365,0.781744712,0.000164319,0.468381101
0.640423146,0.656018317,0.67417956,0.642521512,0.642521512,0.999217514,0.797664066,0.809511906,0.303484404,0.781784291,0.000536091,0.492294272
0.53483157,0.596053205,0.584934954,0.613456521,0.60878652,0.999051011,0.797705291,0.80958755,0.303904718,0.781869765,0.000161429,0.462338643
0.44912982,0.523440907,0.499812624,0.601918448,0.601918448,0.998867753,0.797115961,0.809063897,0.303258416,0.781159447,0.000234626,0.463628662
0.458538488,0.522350632,0.507896568,0.601853587,0.601853587,0.998929686,0.797360547,0.809290961,0.303556189,0.781533624,0.000171605,0.462724474
0.489786964,0.547208897,0.537930296,0.62779083,0.62779083,0.999009414,0.797395132,0.809321167,0.303449841,0.781579939,0.000507991,0.465269285
0.610734656,0.616877453,0.641147813,0.643948457,0.643948457,0.999213239,0.797629619,0.809482611,0.303433164,0.781798326,0.000563265,0.478639189
0.566323795,0.591201483,0.603030141,0.633909396,0.633909396,0.999114331,0.797523374,0.809413867,0.303454433,0.781683098,0.000501053,0.46363705
0.531955345,0.575610554,0.572675197,0.620562418,0.620562418,0.999086137,0.797552148,0.809434699,0.303563681,0.781688852,0.000315225,0.462736217
0.452201043,0.517444396,0.505219766,0.591101054,0.591101054,0.998713844,0.79715857,0.809119621,0.303654802,0.781392851,0.000215084,0.467636278
0.565348803,0.656836023,0.604903903,0.614227648,0.61339166,0.999176726,0.798036617,0.809850549,0.304220861,0.78191987,0.000109623,0.470291806
0.512650514,0.557402966,0.561486161,0.610429669,0.610429669,0.999071,0.797498472,0.80938913,0.303501806,0.781672852,0.000167904,0.476731839
0.450153561,0.522350632,0.501418705,0.588218337,0.588218337,0.99834987,0.796858648,0.808822381,0.30389215,0.780908078,0.000533084,0.466893133
0.522449179,0.579808112,0.570533754,0.612216953,0.612216953,0.999132703,0.797505251,0.809393947,0.303384341,0.781658957,0.000134717,0.461360643
0.486179496,0.534943306,0.540767707,0.635927298,0.635927298,0.998949791,0.797363314,0.809307236,0.303518967,0.781546676,0.000698098,0.467356131
0.461024716,0.532272133,0.514909792,0.601450006,0.601450006,0.998864286,0.797366911,0.809306975,0.303704108,0.781561834,0.000230579,0.465327999
0.595622288,0.620202791,0.629637561,0.625693654,0.625693654,0.999285572,0.797781794,0.809583905,0.303547971,0.781854747,0.00019797,0.486122644
0.470384634,0.532054078,0.521441191,0.612498018,0.612498018,0.998963079,0.797371199,0.809307887,0.303504948,0.781541202,0.000308981,0.464745896
0.56222883,0.60706498,0.602387708,0.618040041,0.618040041,0.999150612,0.797677762,0.809522842,0.303648276,0.781794115,0.000210227,0.481214195
0.452932287,0.531127344,0.506611703,0.617730149,0.617730149,0.998783981,0.797351278,0.809308277,0.303844777,0.781476641,0.000572169,0.447958867
0.541510262,0.57277584,0.586969324,0.622846971,0.622846971,0.999206653,0.797562524,0.809482872,0.303329475,0.781754256,0.000231157,0.467455105
0.448837323,0.507904492,0.500722737,0.591461393,0.591461393,0.99879854,0.797209064,0.809152431,0.303565615,0.781423027,0.000135989,0.452951192
0.423633793,0.467727867,0.464746507,0.609536027,0.609536027,0.99904974,0.797054676,0.808962213,0.302770667,0.781177974,0.000174727,0.467740285
0.44571735,0.490351068,0.489640773,0.608700039,0.608700039,0.998982376,0.796518884,0.80847905,0.301975478,0.780639025,0.000228729,0.461384129
0.491346951,0.53908635,0.54778093,0.601183355,0.601183355,0.998984802,0.797382681,0.809315698,0.303479328,0.78156408,0.000105692,0.467242059
0.510261785,0.57555604,0.555329514,0.62875654,0.62875654,0.999126116,0.797575666,0.809451885,0.303521142,0.781701203,0.000406578,0.466099662
0.598254765,0.644134322,0.631457787,0.608073048,0.608073048,0.999089835,0.797645113,0.809503573,0.303718369,0.781775729,0.000111127,0.465262575
0.532052845,0.587930659,0.582097543,0.614941121,0.614710503,0.999110286,0.797547583,0.809452275,0.30350519,0.78172394,0.00019716,0.463304899
0.478233315,0.544156127,0.52443921,0.60339584,0.603410254,0.998975558,0.797417543,0.809327937,0.303559814,0.781561694,0.000150674,0.46187229
0.519914201,0.574302224,0.565447829,0.609492786,0.609413511,0.999085328,0.797507188,0.809408659,0.303487063,0.78167622,0.000137261,0.464516075
0.534295325,0.585532054,0.582365223,0.611561135,0.611561135,0.999107051,0.797548137,0.809433136,0.303512924,0.781700641,0.000149981,0.473281162
0.586798616,0.627998256,0.621660688,0.616987849,0.616987849,0.999216705,0.797710963,0.809544585,0.303568032,0.7818198,0.0001272,0.472133733
0.591819822,0.63797427,0.631404251,0.60415976,0.60415976,0.999002596,0.797552148,0.809436912,0.30373843,0.781705133,0.000135526,0.470880619
0.497928143,0.559692543,0.552385031,0.610689113,0.610689113,0.9991037,0.797475923,0.809390692,0.303393767,0.781655027,0.000139342,0.465697055
0.554038902,0.590710859,0.590877456,0.620425489,0.620425489,0.999194867,0.797649817,0.809518936,0.303506882,0.781722256,0.000204098,0.468870939
0.436893677,0.453717837,0.479522458,0.585061762,0.585061762,0.998494766,0.796769695,0.808784623,0.303433647,0.781001552,0.000337427,0.459881063
0.519182957,0.590928914,0.573424702,0.612815117,0.612743049,0.999022702,0.797787327,0.80968611,0.304107262,0.781966326,0.000253244,0.471754611
0.534441574,0.59845181,0.581294502,0.604938094,0.604714683,0.999019813,0.797557267,0.809449932,0.303711118,0.781712291,0.000127316,0.474502403
0.453371033,0.541703009,0.529632207,0.616159068,0.616101414,0.998994739,0.797123708,0.809319083,0.303006324,0.781595659,0.000335115,0.462654018
0.450153561,0.513846489,0.506022806,0.599763617,0.59933121,0.998946325,0.797272009,0.809223779,0.303366697,0.781488992,0.00011448,0.462494653
0.620045825,0.63988225,0.673537127,0.629196154,0.629196154,0.999237966,0.798041597,0.809855627,0.30410122,0.782313976,0.000301811,0.483641579
0.503729342,0.555440471,0.553455752,0.614775364,0.614270889,0.999059099,0.79748118,0.809376501,0.303496006,0.781638185,0.000241333,0.466633116
0.510359284,0.578935892,0.563627603,0.603741766,0.603107569,0.998975443,0.797524065,0.809432355,0.303746164,0.781698115,0.000145933,0.461969586
0.577779944,0.627289577,0.623587987,0.609917987,0.609917987,0.999114331,0.79768371,0.809560209,0.303734804,0.781836782,0.00011633,0.48093237
0.525422903,0.570976886,0.570908507,0.63354185,0.63354185,0.999230918,0.797677623,0.809513598,0.303480053,0.781805203,0.000378594,0.469781837
0.474625847,0.540558221,0.523314953,0.60566598,0.605702014,0.998961924,0.797411595,0.809338223,0.303578183,0.781520992,0.000201092,0.459057397
0.533027836,0.569559529,0.575298464,0.608952277,0.608952277,0.999082324,0.797530706,0.809427408,0.303534436,0.781676922,0.000132751,0.465307868
0.617510847,0.660488443,0.644252904,0.612764669,0.613182663,0.999129698,0.797579125,0.80944889,0.303519692,0.781714115,0.000153218,0.482130126
0.528884122,0.581334496,0.572032764,0.610955765,0.610890904,0.999065338,0.797604441,0.809464774,0.303698308,0.781734466,0.000180855,0.47022806
0.537902793,0.579917139,0.587718829,0.613341213,0.613341213,0.999157776,0.797599876,0.809473628,0.303497214,0.781744291,0.000127663,0.476450014
0.509871789,0.572666812,0.556507308,0.612995287,0.612995287,0.999032985,0.797499717,0.809396291,0.303583259,0.781654887,0.000247,0.465317934
0.495636913,0.552605757,0.543658654,0.637851511,0.637851511,0.99940343,0.797918474,0.809682464,0.303539995,0.782050818,0.000275215,0.465702088
0.559596354,0.602594854,0.602012956,0.615467216,0.615431182,0.999151883,0.797640548,0.809498886,0.303580358,0.781771519,0.000167095,0.480333493
0.584312387,0.602703881,0.620536431,0.639458626,0.639458626,0.999178806,0.797572485,0.809435871,0.303405368,0.781702887,0.000525684,0.485287235
0.506849315,0.569177933,0.555436587,0.612137679,0.611907061,0.999051126,0.79764373,0.809524926,0.303796921,0.781797624,0.000211384,0.459617691
0.448691074,0.547481465,0.499223727,0.598797907,0.598797907,0.998897564,0.797438571,0.809358924,0.303759941,0.78133643,0.000154722,0.462893905
0.483205772,0.541757523,0.53434338,0.602862538,0.602862538,0.99897059,0.797390705,0.809319083,0.303523318,0.781573904,0.000146974,0.481323235
0.49597816,0.551951592,0.542855613,0.625037836,0.625037836,0.999046851,0.797443551,0.809355018,0.303456125,0.781617834,0.000426352,0.466017463
0.5828499,0.621783689,0.622196049,0.642586373,0.642586373,0.999159741,0.797665034,0.80953482,0.303606945,0.781790607,0.00059495,0.474274259
0.55891386,0.566997383,0.592001713,0.630659133,0.630212312,0.999030905,0.797466792,0.809364522,0.303530085,0.781626676,0.000525337,0.481039732
0.501925608,0.55980157,0.553241608,0.615928451,0.615712247,0.999177419,0.797570686,0.809456702,0.303405127,0.781727308,0.000146049,0.462229603
0.542290255,0.572285216,0.578938915,0.624461292,0.624461292,0.999137324,0.797573315,0.809432876,0.303493589,0.781729133,0.000326557,0.470108955
0.723882416,0.760248583,0.74436533,0.6502544,0.6502544,0.999168407,0.79761703,0.809485996,0.303504948,0.781757624,0.000709314,0.467832549
0.567298786,0.607446577,0.607313025,0.612541259,0.612562879,0.999168522,0.797747624,0.809593409,0.303732629,0.781870466,0.00010442,0.465611501
0.488665724,0.555440471,0.546603137,0.610962972,0.610962972,0.999038185,0.797460152,0.809396942,0.303503257,0.781631027,0.000209186,0.483784169
0.45946473,0.526166594,0.508860217,0.569098719,0.569098719,0.998043785,0.796479595,0.808212536,0.303870155,0.780347094,0.000532622,0.461676019
0.443084873,0.515427388,0.499544944,0.597861024,0.597673648,0.998870526,0.797268412,0.809232763,0.303518967,0.78148015,0.000163741,0.462984491
0.531906596,0.586731356,0.576583329,0.612649361,0.612649361,0.999147261,0.797559896,0.809432095,0.303449116,0.781701203,0.000127085,0.46160724
0.515331741,0.568142172,0.575994432,0.6383704,0.6383704,0.99899289,0.797431101,0.809360877,0.303547246,0.781622887,0.000694282,0.46891791
0.391556574,0.449138683,0.436640077,0.597500685,0.597500685,0.998851461,0.796992561,0.808941251,0.3030769,0.781183868,0.000180046,0.481984181
0.600887242,0.632795464,0.636650784,0.630788855,0.630788855,0.999341727,0.79788043,0.809668403,0.303602595,0.78194766,0.000223525,0.484804107
0.502705601,0.55031618,0.550029445,0.603107569,0.603107569,0.998967008,0.7974228,0.80934317,0.303586884,0.781605203,0.000154375,0.453779891
0.529566616,0.586240733,0.577761122,0.619351677,0.619351677,0.999180424,0.797582998,0.809466467,0.303420354,0.781728852,0.000201439,0.473705577
0.458635987,0.532108591,0.510519835,0.6106747,0.6106747,0.998860704,0.797381713,0.809315568,0.303737463,0.781522255,0.000382179,0.438828078
0.555160142,0.571412996,0.591948177,0.623149656,0.623149656,0.999216705,0.79761703,0.809481309,0.303403677,0.781752712,0.000226069,0.467039078
0.434456199,0.49051461,0.484447776,0.585205898,0.585205898,0.998682415,0.797014004,0.808966379,0.303467727,0.781229202,0.000151946,0.443201396
0.491151952,0.535542957,0.538786873,0.609060379,0.609060379,0.999067303,0.797431792,0.809317651,0.3033928,0.781593553,0.000149518,0.470476334
0.450933554,0.510957261,0.495101451,0.600210438,0.600210438,0.998644515,0.796879952,0.808805585,0.303313039,0.780578253,0.000430746,0.46290397
0.47886706,0.523168338,0.532737299,0.598531256,0.598531256,0.998931188,0.797330389,0.809260104,0.303500598,0.781511869,0.000116908,0.464373485
0.509335543,0.573593546,0.55458001,0.627999827,0.627999827,0.999131316,0.797571239,0.809447849,0.303502531,0.781701484,0.000389348,0.465304513
0.525374153,0.570976886,0.563359923,0.611481861,0.611467447,0.999109709,0.7975112,0.809393036,0.303442832,0.781656712,0.000145702,0.463863516
0.500219373,0.554459224,0.547192034,0.608274838,0.608332493,0.999034718,0.797445765,0.809359965,0.303485371,0.781617694,0.000170564,0.45972002
0.613562131,0.665013083,0.654853044,0.605730841,0.605730841,0.999022124,0.797579402,0.809463603,0.303745197,0.781734045,0.000141308,0.47110373
0.497928143,0.556966856,0.548905188,0.609478372,0.609478372,0.999080706,0.797475646,0.809377542,0.303441382,0.781638887,0.000142811,0.45937445
0.581241164,0.587167466,0.608758499,0.620238112,0.620238112,0.999208848,0.797611358,0.809457744,0.303410686,0.781727308,0.000187215,0.47096114
0.521571686,0.551188399,0.576369185,0.613406074,0.613406074,0.999072271,0.797436911,0.809347076,0.30339135,0.78162794,0.000214274,0.467356131
0.529225369,0.601450065,0.584399593,0.612692602,0.612865565,0.999036105,0.797940193,0.809826723,0.304346302,0.782117625,0.000241796,0.463075078
0.531516599,0.601831662,0.591573425,0.605456983,0.605565085,0.999036452,0.797530291,0.809454098,0.303629423,0.781730817,0.000124309,0.472153863
0.413883879,0.472852159,0.458750468,0.613060148,0.613052941,0.998735336,0.796799991,0.808737622,0.302983362,0.780935727,0.000545804,0.462823448
0.548091454,0.585259485,0.595535093,0.629477219,0.629477219,0.999243512,0.797746794,0.809582863,0.303574558,0.781887589,0.000300886,0.478144318
0.506751816,0.556803314,0.555650731,0.617405843,0.617204053,0.99907724,0.797504559,0.809392775,0.303499148,0.78165601,0.000270242,0.470464592
0.51659923,0.588693851,0.573264093,0.603950763,0.603691319,0.998978447,0.797552148,0.809466206,0.303788945,0.781736291,0.000152293,0.466255672
0.538049042,0.583733101,0.580652069,0.609060379,0.609060379,0.999092261,0.797581477,0.809460999,0.303602111,0.781731799,0.000124541,0.474940238
0.526690391,0.561164413,0.574709567,0.633786881,0.633786881,0.999235424,0.797621872,0.809471545,0.303373223,0.781853624,0.000378131,0.469768417
0.457222249,0.497982992,0.50570159,0.601990516,0.601990516,0.99890207,0.796983708,0.808945287,0.302955325,0.781345413,0.000201323,0.460755056
0.489055721,0.538486699,0.542641469,0.603179636,0.603179636,0.999019697,0.797383235,0.809302158,0.303407544,0.781574185,0.000102801,0.464786157
0.525374153,0.562254688,0.566893303,0.606992029,0.606992029,0.999083364,0.797527386,0.809414388,0.303526218,0.781677062,0.000100257,0.46570041
0.609808414,0.661306149,0.644681193,0.611827787,0.611813373,0.999127965,0.797604718,0.809476101,0.30356779,0.781745273,0.000132982,0.481606737
0.538926534,0.592291758,0.581133894,0.612757463,0.611388172,0.999115024,0.797621734,0.8094817,0.303624589,0.781753694,0.000139111,0.467381294
0.550772681,0.596107719,0.600353338,0.614991568,0.614991568,0.999203302,0.797683434,0.809547059,0.303548213,0.781822326,0.000108583,0.466772351
0.58401989,0.631923245,0.620215215,0.616822093,0.616822093,0.999167136,0.79764954,0.809504224,0.303564406,0.781783729,0.000174149,0.46555111
0.492663189,0.550207152,0.539750522,0.646168149,0.646168149,0.999330173,0.797829244,0.809603955,0.303537336,0.781916361,0.000481857,0.463311609
0.57480622,0.613824684,0.614593929,0.615834763,0.615395148,0.999159509,0.79767126,0.809519587,0.303618305,0.781802115,0.000158769,0.476359427
0.583239897,0.601068469,0.624658708,0.636539875,0.636539875,0.999134898,0.797586872,0.809452536,0.303522592,0.781738396,0.000522908,0.474661768
0.506069322,0.572993894,0.558327534,0.613579037,0.614249269,0.999066725,0.797704461,0.809597836,0.303870397,0.781876361,0.000233354,0.478568733
0.457660995,0.539195377,0.508324857,0.599669929,0.599669929,0.998880116,0.797412148,0.809325984,0.303750031,0.78142022,0.000186175,0.463137146
0.479403305,0.528074575,0.525028106,0.605017368,0.605017368,0.998959151,0.797380191,0.809302288,0.303528877,0.781562396,0.000192882,0.465021011
0.491249452,0.554895334,0.540500027,0.622702835,0.622702835,0.999021084,0.797440784,0.809361007,0.30350519,0.781606185,0.000414672,0.462711054
0.519475455,0.544755778,0.559451791,0.64030182,0.64030182,0.999038069,0.797447701,0.809346816,0.303481745,0.781617273,0.000680058,0.487031865
0.557646371,0.585313999,0.602601852,0.623279378,0.623553237,0.999067649,0.797527662,0.809436522,0.303559572,0.781704291,0.000381716,0.469654345
0.5486277,0.566452246,0.588843086,0.61970481,0.61970481,0.999125308,0.797488374,0.809399936,0.303370322,0.781663168,0.000262264,0.469848939
0.553551406,0.590056694,0.588950158,0.629470013,0.629470013,0.999191169,0.797644007,0.8094886,0.303504223,0.781774326,0.000352923,0.468912878
0.543557744,0.594145225,0.580973286,0.650319261,0.650319261,0.999087177,0.797522405,0.809406706,0.303509541,0.781673413,0.000791647,0.468525368
0.487495734,0.565961622,0.536698967,0.611971922,0.611971922,0.999040611,0.797588117,0.809473107,0.303721511,0.781597904,0.000222947,0.469952945
0.498025642,0.568741823,0.554687082,0.555780568,0.555780568,0.996816789,0.809512512,0.821052859,0.329206969,0.795630642,0.001546985,0.464740864
0.479695803,0.544592237,0.528615022,0.600952738,0.601010392,0.99897059,0.797407444,0.809326635,0.303552321,0.781584852,0.00011714,0.460716472
0.529956613,0.587167466,0.578778307,0.610984592,0.610984592,0.999110402,0.797538176,0.809444594,0.303488513,0.781713694,0.000137145,0.466149988
0.532979086,0.578390754,0.592162321,0.639473039,0.639473039,0.999012765,0.797464994,0.809387307,0.30356489,0.78166008,0.000692084,0.469179605
0.465753425,0.534943306,0.518336099,0.605896597,0.605896597,0.999037376,0.797413116,0.809337962,0.303423012,0.781601554,0.000128703,0.450891187
0.613220884,0.647677715,0.650141871,0.630932991,0.630932991,0.999386213,0.797964265,0.809741704,0.303656252,0.782028221,0.000181318,0.484487054
0.483693268,0.536306149,0.530649392,0.600001441,0.600001441,0.998954991,0.797379915,0.809308017,0.303537094,0.781545694,0.000116562,0.466403295
0.567640033,0.616931967,0.607901922,0.623697372,0.623697372,0.999255876,0.797695331,0.809541461,0.303459026,0.781812501,0.000195773,0.479367236
0.548481451,0.564435238,0.583810697,0.622104671,0.622104671,0.999197871,0.79760707,0.809459566,0.303425913,0.781725905,0.000228151,0.467260512
0.464144689,0.533853031,0.516622946,0.598740253,0.598740253,0.998926335,0.797399006,0.809325073,0.30363039,0.781523097,0.000125003,0.461400904
0.528932872,0.584387266,0.580705605,0.61858055,0.61858055,0.999170486,0.797635568,0.809517895,0.303532985,0.78179201,0.000198895,0.50285096
0.5942573,0.58356956,0.632100219,0.607208233,0.607208233,0.999007449,0.797688414,0.809578697,0.303966352,0.781843659,0.000179583,0.468310645
0.512650514,0.575174444,0.575298464,0.608815348,0.608815348,0.999074467,0.797536931,0.809475971,0.303561506,0.781741203,0.000138417,0.472158896
0.447813582,0.510848234,0.494137802,0.591374912,0.591374912,0.998399209,0.796494674,0.808396114,0.303153035,0.78017755,0.000534356,0.461311995
0.481645786,0.546718273,0.531238289,0.628583577,0.628583577,0.999074813,0.797471634,0.809373766,0.303446941,0.781631869,0.000455261,0.461655889
0.520840443,0.572394243,0.562342738,0.611481861,0.611604376,0.999109131,0.797514658,0.809401889,0.303450324,0.781666255,0.000148477,0.476834168
0.432749963,0.498092019,0.494887307,0.592585653,0.592355035,0.998812406,0.797179321,0.809181725,0.303484646,0.78143229,0.000136567,0.457733827
0.563155072,0.611753162,0.601638203,0.615712247,0.615712247,0.999203071,0.797699619,0.809538726,0.303576491,0.781808291,0.000120262,0.478256712
0.643006874,0.690525512,0.673483591,0.606862307,0.606862307,0.999056788,0.797644422,0.809505526,0.303786286,0.781772782,0.000124772,0.468637763
0.599083508,0.590056694,0.620750576,0.619056199,0.619056199,0.999196485,0.797636951,0.80946855,0.30348102,0.781741905,0.000180624,0.478763326
0.558962609,0.584169211,0.605010975,0.615942865,0.615942865,0.999138711,0.79757456,0.809444203,0.303492863,0.781713835,0.000188603,0.473336521
0.535514064,0.613116005,0.59312597,0.613362833,0.613420487,0.999020391,0.798192803,0.810075009,0.304820516,0.782358608,0.000266426,0.465203862
0.53029786,0.604012211,0.589431982,0.605010162,0.605002955,0.999025937,0.797530152,0.809452145,0.303651176,0.781718466,0.000125813,0.468144569
0.46053722,0.528892281,0.510252155,0.61128007,0.611388172,0.998990811,0.797340764,0.809254506,0.303393767,0.781475799,0.00026342,0.462575174
0.552430166,0.593600087,0.597408855,0.630370861,0.630370861,0.999254836,0.797815687,0.809631557,0.303671237,0.781910888,0.000303777,0.47346569
0.510456784,0.561655037,0.561914449,0.614616815,0.614869053,0.999071925,0.797507049,0.809406446,0.303514616,0.781672571,0.000238096,0.46582287
0.535465315,0.608482338,0.592483538,0.604030038,0.60375618,0.99897914,0.797614678,0.809520759,0.303896742,0.781794536,0.00015264,0.46482474
0.5542339,0.600196249,0.594946196,0.608491042,0.608491042,0.999096998,0.797617999,0.8094886,0.30365601,0.781760431,0.000110664,0.478572088
0.529420368,0.590002181,0.574227742,0.633592297,0.633592297,0.999219132,0.797813612,0.809659029,0.303742538,0.781873554,0.000391314,0.471865328
0.468824648,0.526602704,0.517854275,0.601421179,0.601421179,0.998921944,0.797284045,0.80922417,0.303438481,0.781466395,0.000172298,0.462130629
0.466825915,0.517171827,0.519460357,0.596412459,0.596412459,0.998894213,0.797247108,0.809181465,0.303432197,0.781424711,0.000119799,0.46305327
0.52454541,0.57015918,0.566304406,0.610847663,0.610847663,0.999102891,0.797552563,0.809432355,0.303529118,0.78169587,0.00014258,0.465567885
0.494125676,0.572557785,0.556239627,0.61415558,0.614097926,0.999129236,0.797468037,0.809406055,0.303326816,0.781667799,0.000168367,0.470781644
0.507288061,0.568251199,0.555168906,0.609175687,0.610962972,0.999083942,0.797597939,0.809470503,0.303648276,0.781742185,0.000163394,0.463219345
0.539024034,0.590819887,0.590127951,0.615878003,0.615878003,0.999218207,0.797652584,0.80952792,0.303462893,0.781802256,0.000107889,0.479477953
0.616194608,0.655037069,0.642914503,0.616324825,0.616324825,0.999191863,0.797712208,0.809545106,0.303622172,0.781821203,0.000141423,0.471873716
0.49490567,0.552060619,0.542962685,0.649195001,0.649195001,0.999324164,0.797876419,0.809652649,0.303632324,0.78198794,0.000536438,0.461296897
0.586116121,0.626471871,0.620536431,0.614378991,0.614782571,0.999152577,0.797720232,0.809549403,0.303718369,0.781813063,0.000155994,0.471157411
0.5371228,0.558111644,0.585577386,0.635408409,0.635408409,0.999070769,0.797473986,0.809367907,0.303459267,0.781662185,0.000568816,0.478246647
0.507190562,0.576101177,0.561379089,0.611950302,0.613334006,0.998988846,0.797765331,0.80966619,0.30413965,0.78195187,0.000296608,0.459946487
0.45595476,0.536360663,0.509020826,0.608649591,0.600109543,0.998923793,0.797369401,0.809308147,0.303583984,0.781459799,0.000149402,0.466904876
0.48461951,0.534888792,0.532148402,0.604448032,0.604448032,0.99895788,0.79738033,0.809306715,0.303531777,0.78156436,0.000185018,0.464034624
0.478087067,0.53821413,0.525831147,0.616858127,0.617513945,0.999016809,0.797406753,0.809321948,0.303454917,0.781578396,0.000335808,0.469511755
0.537902793,0.569341474,0.57412067,0.642067484,0.642067484,0.999097461,0.797542741,0.809418164,0.303523559,0.781670045,0.000648952,0.48412974
0.526641642,0.558002617,0.574763103,0.617348189,0.615784315,0.998995201,0.79744369,0.809374287,0.303564406,0.781636922,0.000329564,0.462962683
0.551747672,0.561382468,0.597248247,0.6191643,0.619092233,0.999111904,0.79744784,0.809380797,0.303327783,0.781705834,0.000265964,0.469659378
0.592989811,0.616441343,0.625086996,0.633282405,0.633282405,0.999277021,0.797727564,0.809553699,0.303470869,0.781865554,0.000328292,0.478010115
0.513625506,0.573320977,0.555757803,0.646665417,0.646665417,0.999066147,0.797505943,0.80939577,0.303524768,0.781653062,0.000754066,0.478879075
0.45376103,0.501962495,0.505166229,0.619755257,0.619755257,0.997195784,0.79188932,0.804139312,0.297624172,0.778981617,0.002193971,0.461630726
0.536391557,0.582751853,0.573210557,0.611741305,0.611741305,0.999101274,0.797539559,0.809414779,0.303510024,0.781680571,0.000158538,0.450520453
0.595086043,0.637919756,0.629048664,0.607907292,0.607907292,0.999094456,0.797581477,0.809452275,0.303597519,0.781722396,0.000103842,0.450570779
0.531272851,0.590274749,0.578564163,0.615409562,0.615409562,0.999161589,0.79761786,0.809491725,0.303520659,0.781744852,0.000157034,0.458248828
0.484132014,0.556203663,0.538519193,0.58358437,0.58358437,0.997241194,0.805639809,0.817080408,0.32155309,0.789747118,0.001568262,0.469726479
0.53371033,0.590983428,0.585630922,0.607640641,0.607640641,0.999074236,0.797526002,0.809440167,0.303542895,0.78171187,0.000119799,0.462531559
0.555550139,0.593545573,0.614165641,0.639970308,0.639970308,0.999040727,0.797492385,0.809407878,0.303554255,0.781704431,0.000672079,0.471274838
0.599181007,0.635085041,0.634562878,0.632929273,0.632929273,0.999436823,0.798037308,0.809783758,0.303677763,0.782071028,0.000162701,0.498566552
0.443669868,0.488879198,0.488088227,0.60301388,0.60301388,0.998918131,0.797218886,0.809157899,0.303332859,0.781405764,0.000201786,0.460889258
0.555745137,0.584332752,0.59869372,0.607049684,0.607049684,0.999078049,0.797523097,0.809405014,0.303529843,0.781670606,0.000106501,0.469412781
0.576561205,0.623800698,0.612077734,0.623055968,0.623055968,0.999236579,0.797692564,0.809531826,0.303494314,0.781798607,0.000204677,0.481524538
0.522546678,0.533962058,0.562824562,0.620713761,0.620713761,0.998985149,0.797371199,0.809294867,0.303458784,0.78155201,0.00041872,0.475785712
0.431482475,0.475523332,0.485143744,0.589991208,0.589991208,0.998776239,0.796957838,0.808939428,0.303173338,0.781289412,0.000134832,0.459235215
0.537366548,0.585750109,0.578992451,0.619805705,0.619805705,0.999234846,0.797706121,0.809535471,0.303521626,0.781813203,0.000154259,0.460281993
0.598644762,0.567815089,0.631939611,0.606660517,0.606660517,0.999006294,0.797608591,0.809506437,0.303829308,0.781756221,0.000172067,0.467570855
0.490128211,0.541157872,0.535895926,0.601968895,0.601968895,0.999002365,0.797421417,0.809332103,0.303510507,0.78158808,0.000100719,0.464110113
0.505825574,0.556312691,0.554740618,0.608418974,0.608418974,0.9990762,0.797531812,0.809416471,0.303548696,0.781672852,0.000130322,0.469607374
0.350168186,0.408035325,0.386744472,0.619661569,0.619661569,0.998758676,0.789698837,0.801789771,0.29052765,0.773050093,0.000628369,0.470652475
0.502120606,0.561709551,0.546121313,0.630853717,0.630853717,0.999177766,0.797544955,0.809417773,0.303359446,0.781682396,0.00038877,0.46527264
0.425778774,0.47432403,0.46769099,0.60586777,0.606184869,0.998977754,0.797200764,0.809128605,0.30317648,0.781370395,0.000192997,0.462702666
0.454053527,0.496947231,0.49783179,0.597933092,0.597933092,0.998897564,0.79725112,0.809181335,0.303432197,0.78144436,0.000140845,0.460389354
0.495734412,0.549062364,0.545907168,0.605197538,0.605197538,0.99903934,0.797482702,0.809379495,0.303539995,0.781670466,0.000115521,0.450708336
0.58518988,0.641681204,0.62680015,0.606228109,0.606228109,0.999057828,0.797579263,0.80946178,0.303670029,0.781726466,0.000113555,0.471211092
0.609223419,0.605538596,0.637667969,0.618443621,0.618443621,0.999189205,0.797657841,0.80950839,0.303532744,0.781787238,0.00017808,0.479224646
0.544825233,0.548244658,0.604796831,0.612483605,0.612483605,0.999028941,0.797423215,0.809346555,0.303457817,0.781631168,0.000242837,0.465185409
0.516209233,0.578990406,0.570962043,0.606148835,0.606163248,0.999008836,0.797729778,0.809629214,0.304035719,0.781976993,0.000161429,0.46377293
0.530687856,0.604829917,0.587986509,0.605392122,0.605204745,0.999027901,0.797534579,0.809452666,0.303654802,0.781713975,0.000127085,0.475832683
0.49831814,0.559856084,0.546174849,0.611222416,0.611229623,0.999000979,0.797545923,0.809424023,0.303730937,0.781689975,0.0002507,0.466631439
0.552332667,0.595617096,0.597141175,0.630615892,0.630615892,0.999253796,0.797816379,0.80963351,0.303674621,0.781906537,0.000308865,0.475696803
0.513040511,0.563344963,0.56394882,0.613896136,0.613816861,0.99906141,0.797512445,0.809409571,0.303546279,0.781677905,0.000231851,0.46804224
0.52917662,0.600359791,0.584346057,0.603842661,0.603712939,0.999014151,0.797568473,0.80947519,0.30374278,0.781745975,0.000116908,0.462513106
0.52800663,0.585368513,0.573371165,0.633304026,0.633304026,0.999247556,0.79781707,0.809634812,0.30368864,0.781879028,0.000358011,0.472380329
0.445814849,0.474705626,0.484715456,0.597334928,0.597334928,0.998841524,0.796814794,0.808700516,0.302787103,0.781103447,0.000187331,0.463626985
0.559937601,0.601450065,0.594678516,0.61606538,0.61606538,0.9991966,0.797659501,0.809506047,0.303519934,0.781771098,0.000132519,0.475980306
0.558036367,0.601722634,0.584078377,0.610559391,0.610581012,0.999102083,0.797605963,0.809447588,0.303624348,0.781712431,0.000139111,0.480992761
0.513040511,0.576155691,0.561753841,0.608750486,0.608433388,0.999049393,0.797679698,0.809541591,0.303863388,0.781817554,0.000157266,0.46541523
0.635499439,0.670791539,0.659617753,0.61761484,0.61761484,0.999208733,0.797722722,0.809553829,0.303605253,0.781829905,0.000145239,0.464796222
0.496075659,0.55484082,0.545050592,0.650146298,0.650146298,0.999315036,0.797976715,0.809746001,0.30382665,0.782100081,0.000560837,0.459996813
0.585336128,0.630287833,0.633759837,0.614869053,0.614595195,0.99917222,0.797692979,0.809559949,0.303629665,0.781855309,0.000133329,0.477921206
0.538634037,0.568251199,0.58702286,0.633015754,0.633015754,0.99904558,0.797488789,0.809384443,0.303537819,0.781658115,0.000555633,0.48191708
0.494613172,0.562963367,0.54778093,0.611092694,0.612757463,0.999000516,0.797671951,0.809577265,0.303952091,0.781854747,0.000275677,0.465344774
0.475064593,0.539576973,0.526848332,0.602581473,0.604239035,0.998995086,0.797429025,0.809341608,0.303539028,0.781615027,0.00014443,0.457267474
0.492126944,0.540721762,0.53787676,0.603439081,0.603439081,0.99896227,0.797385448,0.8093101,0.303531294,0.78156801,0.000164435,0.460380967
0.577341198,0.615460096,0.612559559,0.644899754,0.644899754,0.99917118,0.797677485,0.809527139,0.30360477,0.781797905,0.000620621,0.485265427
0.556963877,0.561382468,0.591626961,0.620057943,0.620043529,0.999115602,0.79751618,0.809400196,0.303439448,0.781666255,0.000277412,0.47318051
0.580899917,0.608645879,0.609400932,0.633311233,0.633311233,0.999253103,0.797709857,0.809530003,0.303490205,0.781815028,0.000352807,0.477617574
0.510603032,0.559692543,0.560201296,0.603057121,0.603057121,0.999007103,0.797470389,0.809371813,0.303586159,0.781633133,0.000113324,0.467889585
0.498659387,0.562363716,0.54697789,0.603669698,0.603669698,0.998904381,0.797584382,0.809459046,0.304000189,0.781713133,0.000226069,0.469513433
0.496319407,0.5539686,0.546281921,0.604729097,0.604729097,0.999026746,0.797457385,0.809365173,0.303522351,0.781632571,0.000120493,0.453721178
0.490079462,0.548953336,0.550993094,0.609478372,0.609586474,0.999043962,0.797407583,0.809360747,0.303399326,0.781622887,0.000181318,0.466740478
0.470920879,0.53865024,0.525509931,0.615762695,0.615762695,0.998977869,0.797386693,0.80931687,0.30350084,0.781552431,0.000346563,0.466170118
0.519182957,0.572448757,0.571015579,0.609002724,0.609002724,0.999087639,0.797504421,0.809391213,0.303477153,0.781672571,0.000128241,0.471699253
0.487788232,0.54186655,0.533486803,0.608116289,0.608116289,0.999063605,0.797407859,0.809321297,0.303358479,0.781577273,0.000137954,0.465916811
0.550772681,0.580680331,0.588682478,0.611770132,0.611770132,0.999135591,0.797547583,0.809414128,0.303452258,0.781729554,0.000124656,0.471560018
0.50743431,0.553259922,0.560629584,0.607121752,0.607121752,0.999035758,0.797472188,0.809381448,0.30352936,0.781652501,0.000149981,0.463601822
0.522059182,0.552823812,0.565447829,0.623978437,0.624237882,0.999096305,0.797489342,0.809368038,0.30343268,0.781694185,0.000364024,0.471502982
0.509920538,0.562472743,0.553562825,0.629599735,0.629599735,0.999072271,0.797510923,0.809393166,0.303520659,0.781658957,0.00047411,0.467300773
0.564227563,0.626580898,0.614326249,0.606494761,0.606494761,0.999069614,0.797621319,0.809507479,0.303719094,0.781778817,0.000106154,0.464511042
0.462730951,0.534452682,0.514856256,0.617924732,0.617924732,0.999020853,0.797529599,0.809440167,0.303660844,0.781557764,0.000338237,0.491252527
0.512650514,0.569395988,0.5642165,0.606552415,0.606552415,0.998980296,0.797567919,0.809459176,0.303812631,0.781726747,0.000196351,0.493386343
0.495149417,0.561327955,0.552652712,0.631552775,0.631552775,0.999086599,0.797450192,0.809379625,0.303384341,0.781642817,0.000491108,0.461251604
0.5028031,0.559474488,0.555061834,0.6056876,0.6056876,0.999003405,0.797427089,0.809343561,0.303518242,0.78161222,0.000159347,0.460129337
0.507093063,0.5611099,0.549494084,0.629743871,0.629743871,0.999071694,0.797502069,0.809393817,0.303506399,0.781629203,0.000477001,0.464187279
0.442061132,0.490405582,0.503881364,0.597868231,0.597868231,0.998756019,0.797079716,0.809119751,0.303428813,0.781377693,0.000281459,0.436231264
0.437283674,0.495148277,0.487713475,0.600614019,0.600635639,0.998816912,0.796974024,0.808929793,0.30311678,0.78115664,0.000264923,0.458203535
0.430702481,0.484354557,0.482681086,0.617564393,0.617564393,0.998830893,0.797065328,0.809025749,0.303247056,0.781309342,0.000522561,0.461362321
0.519134208,0.563399477,0.568981209,0.606898341,0.606898341,0.999043038,0.797478275,0.809380406,0.303524768,0.781646747,0.000139226,0.470179412
0.485448252,0.548517226,0.539857594,0.60393635,0.60393635,0.998990579,0.797423354,0.809347467,0.303538786,0.781608852,0.000144083,0.466774029
0.531809097,0.584714348,0.580491461,0.609254962,0.608988311,0.999014729,0.797488512,0.809391734,0.303601628,0.781654045,0.000200861,0.471459366
0.491736947,0.548244658,0.532201938,0.605111057,0.605111057,0.999041882,0.797423769,0.809367387,0.303431955,0.781586536,0.000111474,0.464353355
0.546921464,0.598560837,0.593768403,0.610141397,0.610047709,0.999101736,0.797524204,0.809430793,0.303482229,0.781698536,0.000130901,0.462145727
0.518012967,0.573920628,0.569677178,0.609074792,0.609074792,0.999028594,0.797495014,0.809400196,0.303584226,0.781665975,0.000188487,0.462196053
0.525325403,0.575937636,0.579795492,0.612634947,0.612173713,0.999073427,0.797518532,0.809423892,0.303531535,0.781690817,0.000193344,0.462486265
0.517037976,0.568033144,0.565019541,0.604959714,0.604959714,0.999046851,0.79752365,0.809412044,0.303596069,0.781678887,0.000104188,0.468100954
0.47662458,0.544701265,0.528936239,0.608844175,0.608844175,0.999017617,0.797476338,0.80938913,0.303574558,0.781639448,0.000195773,0.472762806
0.482815775,0.541975578,0.535039349,0.601875207,0.601875207,0.998993237,0.797408966,0.80932976,0.303507849,0.781593553,0.000108467,0.46640665
0.513820504,0.561764065,0.571122651,0.608656798,0.608822554,0.999039571,0.797488927,0.80940931,0.303550388,0.781665975,0.000173455,0.469877457
0.49027446,0.553150894,0.543283902,0.612649361,0.612743049,0.998974518,0.797423907,0.809344342,0.303573349,0.781587378,0.000301464,0.464482524
0.479842051,0.561709551,0.525081642,0.606783032,0.606783032,0.999076084,0.797649402,0.809503703,0.303754382,0.781621062,0.000104188,0.477684675
0.454248525,0.522950283,0.506451095,0.595374681,0.595374681,0.998879192,0.797071692,0.809034863,0.303156902,0.781290114,0.00011818,0.445633812
0.516452981,0.570486263,0.567589271,0.605622739,0.605622739,0.999031483,0.797504559,0.809406446,0.30359486,0.781671869,0.000130207,0.463491105
0.404475211,0.434201919,0.447240216,0.610379221,0.610379221,0.999043616,0.796999063,0.808955052,0.302686314,0.781242816,0.000194385,0.469503368
0.551455175,0.593218491,0.594732052,0.610386428,0.610386428,0.99913536,0.797564737,0.809441729,0.303482712,0.7817478,0.000102801,0.46952182
0.52459416,0.56432621,0.57235398,0.606480347,0.606480347,0.999058406,0.797489895,0.809384573,0.303512924,0.781656291,0.000117024,0.466329483
0.49485692,0.556639773,0.549815301,0.623942403,0.623812681,0.999025244,0.797459599,0.809380276,0.30352936,0.781644501,0.000428318,0.464012816
0.437819919,0.501090275,0.497135821,0.622897419,0.622897419,0.998876419,0.797267029,0.809226643,0.303504223,0.781478044,0.000562456,0.463561561
0.520157949,0.584278238,0.566732694,0.630832096,0.630832096,0.999316423,0.797845015,0.809665799,0.303593894,0.7818838,0.000249544,0.474749
0.457465997,0.517444396,0.511162268,0.633253578,0.633253578,0.998915127,0.797310468,0.809248777,0.303499148,0.781502466,0.000690003,0.460927841
0.552186418,0.598942433,0.591948177,0.607078511,0.606970409,0.999080706,0.797537208,0.809418033,0.303548938,0.781685764,0.00010257,0.463400518
0.49261444,0.561382468,0.545853632,0.603806627,0.603828248,0.998976598,0.797466654,0.80938288,0.303643442,0.781619238,0.000156341,0.460510136
0.554380149,0.611208024,0.600299802,0.616901368,0.616894161,0.999133511,0.797604303,0.809482872,0.303555705,0.781751589,0.000208955,0.46394236
0.567055038,0.641790231,0.622303121,0.621621816,0.621621816,0.999104509,0.797568196,0.80947519,0.303553288,0.781739378,0.000313837,0.463747767
0.514113002,0.582370257,0.56625087,0.604714683,0.604714683,0.999040727,0.797473986,0.809390692,0.303522109,0.781651238,0.00010627,0.460570527
0.489591966,0.528129089,0.536270678,0.605629946,0.605629946,0.998959959,0.797336752,0.809272082,0.303451291,0.781539097,0.000201901,0.454043263
0.430994979,0.4531727,0.468654639,0.601068047,0.601010392,0.99878583,0.796964201,0.808851935,0.303164636,0.781251798,0.000302043,0.464237605
0.451518549,0.511284344,0.497938862,0.619056199,0.619056199,0.998835515,0.797295942,0.809205942,0.3036403,0.781455729,0.000541873,0.46159382
0.504460586,0.549934584,0.556935596,0.607914499,0.608044221,0.999041189,0.797448393,0.809359835,0.303476428,0.781631308,0.000159463,0.469763385
0.491493199,0.547645007,0.545104128,0.603972384,0.603972384,0.998996703,0.797422108,0.80934291,0.303523559,0.781603659,0.000138533,0.46084061
0.497928143,0.55936546,0.552063815,0.605939838,0.605983078,0.999015769,0.797427919,0.809349419,0.30349383,0.781611097,0.000151715,0.460008555
0.497684395,0.564053642,0.550029445,0.602473371,0.602473371,0.999007218,0.797437603,0.809361007,0.303528393,0.781615729,0.000103957,0.46087416
0.498513138,0.554132141,0.543819262,0.604001211,0.604001211,0.999018773,0.797440369,0.809350852,0.303509299,0.781603378,0.000116908,0.460109207
0.513284259,0.569668556,0.568981209,0.608498249,0.608498249,0.999066263,0.797465547,0.809383792,0.30345395,0.78164801,0.000141423,0.461852159
0.500365622,0.55031618,0.555971947,0.609182894,0.609427925,0.99901912,0.797439816,0.8097654,0.303507365,0.781642676,0.000203636,0.462271542
0.566275045,0.614587876,0.612452487,0.637260554,0.63527148,0.9992947,0.797714007,0.809568281,0.303410202,0.781845624,0.0003424,0.485839142
0.473992103,0.564435238,0.52797259,0.616476167,0.616476167,0.999013111,0.79754371,0.809464384,0.303701691,0.781569553,0.000322741,0.462856999
0.476868327,0.539467946,0.52647358,0.628107929,0.628100722,0.998987229,0.797442168,0.809344602,0.303578425,0.781599589,0.000535166,0.491614873
0.532199093,0.582043175,0.580705605,0.63491114,0.63488952,0.999179961,0.797690074,0.809573229,0.303608154,0.781850256,0.000451214,0.486949666
0.510505533,0.566888356,0.559023502,0.632042837,0.632042837,0.999208733,0.79761454,0.809482611,0.303416245,0.781751168,0.000376744,0.484844367
0.602398479,0.682839075,0.66074201,0.626486401,0.628569164,0.999419144,0.797961913,0.809827765,0.303583017,0.782088432,0.000110317,0.505389061
0.477892068,0.54769952,0.529150383,0.600361781,0.600361781,0.998975212,0.797412286,0.809332754,0.303551355,0.781583869,0.000102107,0.462997911
0.560717594,0.629742695,0.619144494,0.62509549,0.62509549,0.999245014,0.797765331,0.809656946,0.303603562,0.78193166,0.00022896,0.503183111
0.494174426,0.558002617,0.548316291,0.62626299,0.62626299,0.999110402,0.797489342,0.809404623,0.303403435,0.781667799,0.00038241,0.465005913
0.548188953,0.614860445,0.599657369,0.608829761,0.607892878,0.999048469,0.797625192,0.809514119,0.303770092,0.78178794,0.000149634,0.46391552
0.499585629,0.551951592,0.552438567,0.619315643,0.619315643,0.999071,0.797491832,0.809396942,0.303489963,0.781669343,0.000310368,0.46873506
0.487495734,0.543774531,0.535146421,0.612923219,0.612923219,0.999074236,0.797388077,0.809314396,0.303302163,0.781572641,0.000204561,0.4595573
0.520109199,0.587603576,0.577065153,0.625945891,0.625945891,0.9991691,0.797670983,0.809575833,0.303597519,0.781834958,0.000318579,0.479727905
0.458587237,0.518916267,0.509984475,0.609975641,0.607741536,0.998775199,0.797114163,0.809107903,0.303448874,0.781343728,0.000420686,0.421920267
0.448106079,0.503815962,0.504523797,0.624886493,0.624886493,0.998785368,0.797214598,0.80919813,0.303603078,0.78144829,0.000685609,0.449587747
0.382050407,0.475795901,0.463675786,0.636770493,0.636770493,0.998638738,0.797042087,0.809118449,0.303608396,0.781344851,0.001023036,0.46103017
0.425778774,0.46004143,0.464211146,0.60047709,0.60047709,0.996464255,0.793746264,0.805848413,0.302398693,0.777834105,0.002616854,0.44667388
0.43889241,0.502071522,0.484126559,0.620980412,0.620980412,0.998626606,0.797126198,0.809067933,0.303780969,0.781168851,0.000781818,0.412682117
0.528152879,0.597307021,0.596498742,0.644020525,0.644020525,0.999057019,0.797499164,0.809438344,0.303531777,0.781723238,0.000720762,0.463831643
0.60800468,0.659779765,0.653193426,0.621729918,0.621729918,0.999217399,0.797655074,0.809527269,0.303468694,0.781802958,0.00020248,0.460662792
0.577487447,0.613552115,0.617645484,0.637426311,0.637390277,0.999312494,0.797713315,0.809545236,0.303371531,0.781834116,0.000358704,0.475435109
0.302442354,0.359027475,0.342898442,0.625816169,0.625816169,0.998584778,0.796632323,0.808635417,0.303005357,0.780779657,0.000901271,0.428764584
0.467898406,0.532435674,0.527597837,0.615950071,0.615950071,0.998972439,0.79735944,0.80931049,0.303464826,0.781568431,0.000355004,0.465832935
0.432603715,0.457588312,0.462551528,0.641346805,0.637347036,0.997585179,0.795829395,0.807571705,0.303693474,0.779620917,0.002086776,0.424007113
0.449763565,0.484409071,0.491782215,0.665150838,0.665150838,0.996940772,0.794939589,0.807010424,0.303487063,0.778924915,0.003177691,0.442674652
0.352313167,0.386829481,0.393757696,0.639631589,0.635559752,0.99542745,0.792857841,0.805050824,0.303015025,0.776832138,0.004217379,0.393221107
0.566567543,0.572067161,0.613041383,0.622284841,0.622284841,0.999186894,0.797634461,0.809478185,0.303496489,0.781749203,0.000242027,0.480866947
0.484960757,0.538323157,0.5419455,0.615582525,0.615582525,0.998994508,0.797403986,0.809342259,0.303496489,0.781603518,0.00032702,0.473680414
0.526446644,0.595944178,0.56598319,0.622183946,0.621931708,0.999271359,0.797558235,0.809434699,0.303186873,0.781672571,0.000151831,0.474478918
0.481255789,0.587331007,0.534022164,0.605428155,0.605420949,0.998983531,0.797596279,0.809505396,0.30385517,0.781625554,0.000174958,0.46205514
0.538731536,0.607337549,0.589860271,0.642780957,0.64277375,0.999190823,0.797644145,0.80952818,0.303505432,0.781789063,0.00056685,0.474339683
0.548822698,0.608427824,0.608383746,0.618306692,0.618364347,0.999119761,0.797556852,0.809470633,0.303501323,0.781757484,0.000246306,0.477513567
0.495880661,0.55222416,0.551207238,0.608909036,0.608909036,0.999013804,0.797505113,0.809423372,0.303632807,0.781689975,0.000200629,0.467632923
0.40233023,0.446249455,0.44868569,0.665150838,0.665150838,0.99381441,0.792403393,0.804623126,0.305595402,0.776069189,0.006306467,0.412311383
0.547652708,0.608100741,0.584827882,0.611633203,0.611633203,0.999089141,0.797549243,0.809427798,0.303552321,0.781680431,0.000168945,0.480866947
0.488470726,0.55614915,0.540660635,0.614609608,0.614609608,0.999048353,0.797539421,0.809441729,0.303620481,0.78166008,0.000257522,0.469749964
0.477355823,0.544210641,0.5340757,0.630594272,0.630594272,0.99895788,0.797424599,0.809363481,0.303609121,0.781607589,0.000604548,0.461394194
0.509920538,0.534670737,0.559451791,0.616252757,0.616252757,0.99909619,0.797418235,0.809317521,0.303308689,0.78170022,0.000236014,0.463427359
0.444206113,0.495802442,0.494673162,0.624223468,0.624223468,0.998823729,0.797215289,0.80915178,0.303524043,0.781399027,0.000636463,0.455578202
0.559206357,0.589184474,0.605599872,0.618594964,0.618594964,0.999214741,0.797678453,0.809527399,0.303515341,0.781809835,0.000154953,0.50053597
0.491590699,0.554295683,0.54141014,0.61797518,0.61797518,0.999020968,0.797425014,0.809338613,0.303477878,0.781598606,0.000338931,0.458344447
0.582947399,0.631160052,0.615075754,0.618854408,0.619438159,0.999219594,0.797727149,0.809553048,0.303590268,0.781821765,0.000163626,0.485349303
0.554916394,0.613170519,0.603619037,0.635033656,0.635033656,0.999181695,0.7976512,0.809527399,0.303536611,0.781796501,0.000451792,0.478325491
0.502608102,0.554568251,0.552438567,0.61027112,0.61027112,0.999017271,0.797443828,0.809365694,0.303518484,0.781625413,0.000219131,0.467408134
0.454784771,0.474215002,0.508646073,0.612130472,0.611510688,0.998937774,0.797213906,0.80917196,0.303283069,0.781501764,0.000318463,0.468324065
0.532296592,0.578935892,0.577814658,0.614941121,0.614941121,0.999087755,0.79752116,0.80940931,0.303506157,0.781673975,0.00022341,0.471424138
0.496465656,0.559310946,0.544622303,0.641238703,0.641238703,0.999082671,0.79748616,0.809378974,0.303455642,0.781643238,0.000650455,0.462798286
0.420172573,0.46631051,0.468279887,0.65200565,0.65200565,0.995178792,0.793098831,0.805277628,0.303956442,0.777222735,0.004730111,0.391025222
0.515965485,0.562963367,0.565876118,0.624792805,0.624792805,0.999043962,0.797470251,0.809373636,0.303508816,0.781636361,0.000425427,0.468003657
0.472188368,0.532163105,0.521869479,0.616368065,0.616368065,0.998924833,0.797381021,0.809307756,0.30360187,0.781550045,0.000409353,0.462185988
0.386827865,0.419156127,0.431661224,0.636013779,0.636013779,0.995997675,0.794427176,0.806527783,0.304564315,0.778653616,0.003653998,0.427474564
0.617023351,0.659943306,0.656619733,0.634990415,0.635177792,0.999386098,0.797898415,0.8097059,0.303540962,0.7819958,0.000249544,0.487456279
0.496416906,0.553859573,0.544675839,0.610537771,0.610213465,0.99908475,0.797528769,0.809411133,0.303525735,0.781684361,0.000150559,0.465443748
0.517476722,0.574847362,0.561164945,0.647616714,0.647551853,0.999076547,0.797631279,0.809491595,0.303721994,0.781759168,0.000757882,0.476448336
0.537902793,0.581716092,0.576797473,0.635458856,0.635480477,0.999170371,0.797702248,0.809539117,0.303649726,0.781801273,0.000470178,0.479826879
0.52113294,0.578390754,0.566786231,0.629931247,0.629931247,0.999177419,0.79764871,0.809506698,0.303541445,0.781778256,0.0003742,0.479954371
0.631453225,0.682839075,0.670057284,0.62893671,0.62893671,0.999414407,0.797974087,0.80977178,0.303614196,0.782058116,0.000121071,0.490618421
0.491054453,0.549389446,0.543230366,0.623812681,0.623812681,0.999078049,0.797470389,0.809378844,0.303437756,0.781646887,0.000375587,0.466168441
0.517574221,0.573648059,0.55918411,0.624079332,0.622407357,0.999060832,0.797851102,0.809625698,0.304138925,0.781909203,0.000370152,0.46318244
0.514405499,0.573157436,0.569516569,0.625109904,0.625109904,0.999125539,0.797578018,0.809483262,0.30352646,0.7817558,0.000348875,0.471494594
0.495685663,0.541648495,0.543069757,0.616029346,0.615878003,0.99899601,0.797416436,0.80933679,0.3035151,0.781631168,0.000330373,0.4621776
0.520840443,0.589075447,0.579045987,0.619330057,0.619330057,0.999130392,0.797619382,0.809481309,0.303588576,0.781784572,0.000251162,0.483656677
0.461902208,0.515699956,0.510412763,0.609442338,0.609089206,0.998895946,0.797141277,0.809104388,0.303243672,0.781346255,0.000321469,0.459112755
0.500463121,0.546936328,0.539750522,0.605831736,0.605831736,0.999033447,0.797424737,0.809326375,0.303451291,0.781585273,0.00013171,0.464613372
0.518305465,0.577791103,0.567107447,0.64967065,0.64967065,0.999132009,0.797615508,0.809492637,0.303578425,0.781768571,0.000736373,0.487405954
0.527324136,0.584278238,0.567910488,0.606934375,0.606898341,0.99905413,0.797506773,0.809395509,0.303551355,0.781656992,0.00012801,0.464638535
0.504801833,0.574574793,0.571283259,0.641591836,0.641591836,0.99906245,0.797468591,0.809416732,0.303467243,0.781682957,0.000676358,0.469442977
0.571345001,0.62003925,0.607473633,0.631646464,0.631646464,0.999351896,0.797758137,0.809579348,0.303367663,0.781860923,0.00022711,0.495102455
0.568176278,0.607010467,0.615878794,0.626947635,0.626745845,0.999345772,0.797859956,0.809681553,0.303558364,0.781968432,0.000154606,0.487551899
0.522497928,0.57642826,0.568659993,0.620382248,0.620382248,0.999100349,0.797561279,0.809440427,0.303549904,0.781689554,0.000298227,0.471697575
0.529566616,0.593163977,0.586487499,0.646874414,0.647011343,0.999214626,0.797865628,0.809777899,0.303842602,0.782079309,0.000611023,0.493554096
0.581046166,0.687472743,0.659028856,0.664134681,0.664134681,0.999777572,0.798246894,0.810210935,0.303331167,0.782473696,0.000322395,0.449839377
0.349826939,0.377398604,0.384014134,0.625960305,0.646550109,0.990530558,0.78202274,0.787951355,0.294328124,0.766069163,0.009294399,0.428383785
0.553843904,0.581879634,0.600139194,0.625571138,0.625571138,0.999173606,0.797655904,0.809506828,0.303561989,0.781774747,0.000308056,0.460694665
0.489981963,0.53777802,0.546763745,0.611604376,0.611604376,0.998977176,0.797404124,0.809337962,0.303532985,0.781605483,0.000280534,0.462853644
0.549846439,0.611371566,0.586487499,0.612735842,0.613470935,0.999159741,0.797594619,0.809461259,0.303483921,0.781717624,0.000127778,0.475562601
0.515624238,0.702518535,0.554687082,0.609406305,0.60952882,0.99903495,0.798184918,0.809996891,0.304776043,0.781721975,0.000189297,0.466139923
0.546190221,0.593600087,0.588414797,0.642672855,0.642644028,0.999096998,0.797625469,0.809484825,0.303669062,0.781763098,0.000658665,0.478288585
0.531077853,0.593382032,0.58145511,0.615070843,0.614652849,0.999080244,0.7975545,0.809458134,0.303580117,0.781721273,0.000226301,0.471586858
0.610832155,0.648713476,0.640773061,0.612108851,0.612180919,0.999083826,0.798415393,0.810041288,0.305076716,0.782370538,0.000183168,0.477542085
0.432457466,0.47884867,0.481610365,0.600585191,0.600585191,0.993132682,0.790780798,0.803070783,0.304186539,0.775855574,0.005952735,0.389008832
0.500950617,0.558874836,0.548423363,0.617348189,0.617348189,0.999053668,0.797487405,0.809390432,0.303518484,0.781651799,0.000296145,0.462093724
0.484229513,0.543065853,0.535521174,0.611128728,0.611128728,0.999003867,0.797452543,0.809361137,0.303561748,0.781613624,0.00024619,0.487182842
0.476380832,0.549989097,0.537983832,0.625794549,0.625794549,0.999019582,0.797408274,0.809369079,0.303451533,0.781629624,0.000465784,0.460095787
0.514356749,0.567542521,0.568499384,0.619048992,0.619012958,0.999042922,0.797514658,0.809423111,0.303588335,0.781697273,0.000333611,0.467881197
0.458197241,0.506432621,0.510038011,0.625203592,0.625412589,0.998869139,0.797293037,0.809224951,0.30356489,0.78147622,0.000610214,0.466265737
0.579778677,0.616168775,0.628673912,0.616973436,0.616973436,0.999217976,0.797685647,0.809550835,0.303521142,0.781827379,0.000125697,0.477381042
0.527226637,0.582806367,0.56855292,0.617549979,0.617549979,0.999046504,0.797493907,0.809385745,0.303544829,0.781650396,0.000306668,0.459931389
0.535270316,0.597088966,0.583596552,0.605276813,0.605240779,0.999023048,0.797511753,0.809412565,0.303625073,0.781681273,0.000132519,0.474584602
0.520694194,0.650730484,0.569730714,0.630118624,0.630118624,0.999172104,0.797953059,0.809816047,0.304084301,0.781800852,0.000382526,0.47273932
0.539121533,0.587440035,0.586112747,0.607849637,0.607849637,0.999059446,0.797504283,0.809411003,0.303535886,0.781678326,0.000137954,0.472793001
0.545410228,0.608318796,0.605010975,0.613924963,0.613924963,0.999112597,0.797576635,0.809490033,0.303551113,0.781761414,0.000182243,0.470582019
0.471798372,0.538486699,0.524278602,0.647011343,0.646968103,0.999008374,0.797402602,0.809323771,0.303465068,0.781590325,0.000816741,0.465026044
0.424365037,0.478194505,0.472883987,0.620800242,0.621167789,0.998396436,0.796123091,0.808123872,0.302509632,0.780402252,0.001015173,0.449369669
0.462243455,0.510139555,0.508753145,0.626983669,0.62588103,0.999017849,0.797328314,0.809241746,0.303315456,0.781493904,0.000468906,0.465468911
0.477843319,0.533307894,0.528722094,0.616497788,0.616497788,0.998984802,0.797392919,0.809318953,0.303497456,0.781609132,0.000351419,0.468634408
0.464632184,0.511120802,0.511108732,0.644625895,0.644625895,0.998149973,0.796878569,0.80883488,0.304345094,0.781049271,0.001638222,0.457998876
0.501876859,0.54769952,0.562556882,0.64778247,0.64778247,0.999075622,0.797458907,0.80941556,0.303422771,0.781682115,0.000762507,0.458042492
0.448691074,0.502889228,0.495958028,0.618349933,0.618349933,0.99877208,0.797238531,0.809173132,0.303672687,0.781418114,0.00059414,0.430140158
0.49831814,0.55936546,0.55131431,0.633513023,0.639422592,0.999254951,0.797655212,0.809538206,0.303390625,0.781786536,0.000448901,0.457869706
0.626773266,0.65563672,0.649927726,0.622717249,0.622702835,0.999216821,0.797674995,0.809513598,0.303504948,0.781795519,0.000218784,0.463925585
0.574367474,0.618349324,0.606563521,0.611561135,0.611561135,0.999087061,0.79754952,0.809426496,0.303557155,0.781693484,0.00016987,0.458364577
0.460439721,0.520933275,0.517586595,0.618227418,0.618227418,0.998790798,0.797015526,0.809106992,0.303243914,0.781538115,0.000573326,0.465017656
0.396967777,0.430167902,0.428127844,0.633123856,0.633123856,0.99535477,0.793884743,0.805645826,0.304961426,0.777613052,0.004251029,0.415302416
0.534782821,0.543665504,0.57358531,0.614249269,0.614249269,0.998998783,0.797427504,0.809340175,0.303528635,0.781597343,0.000301349,0.458331027
0.239457905,0.233863934,0.257187216,0.61280791,0.61280791,0.99705863,0.795059115,0.807122524,0.303448874,0.779209828,0.002219874,0.430296168
0.395066543,0.465274749,0.460517158,0.657828738,0.657086438,0.998488758,0.796832501,0.808912347,0.303555705,0.781098114,0.001498996,0.440678393
0.427241262,0.468382032,0.493120617,0.642910679,0.642910679,0.998173198,0.795917241,0.808230503,0.302616947,0.781121131,0.001587342,0.492480478
0.479354556,0.520170083,0.533272659,0.621492094,0.621492094,0.998890516,0.797298155,0.809229768,0.303528877,0.781449693,0.000525799,0.454437483
0.483010774,0.536796773,0.525028106,0.60934865,0.609355857,0.999026515,0.797406891,0.809315829,0.303434614,0.781568431,0.000195079,0.463326707
0.62862575,0.685510249,0.677070507,0.628179997,0.628021447,0.999301055,0.797786221,0.809655513,0.303523076,0.781937133,0.000219825,0.470810162
0.499341881,0.550207152,0.548369827,0.622256014,0.622047017,0.999049162,0.797421002,0.809342649,0.303411894,0.781603097,0.000376166,0.4566384
0.630770731,0.665231138,0.648964077,0.623423514,0.623423514,0.999186316,0.797655904,0.809495631,0.303535402,0.781768571,0.000260876,0.459859255
0.456686004,0.514936764,0.503292467,0.614191614,0.614191614,0.998035004,0.796750604,0.808557689,0.304362254,0.78075692,0.001264948,0.459775379
0.434894945,0.496783689,0.487874083,0.618847202,0.618847202,0.99907204,0.797238946,0.809196828,0.303045962,0.781445904,0.000301811,0.465319611
0.464339687,0.544101614,0.519246212,0.601659003,0.601659003,0.998963657,0.797446041,0.809390822,0.303634499,0.781488571,0.000134485,0.463170697
0.383171647,0.437472743,0.430162214,0.587908445,0.588319232,0.998624988,0.795354887,0.807451533,0.300689398,0.779562671,0.000259373,0.464985783
0.505435577,0.545137375,0.561914449,0.605046196,0.605046196,0.998962964,0.79752531,0.809443292,0.303774443,0.781567167,0.000189528,0.483841205
0.580899917,0.56650676,0.613790888,0.616353652,0.616353652,0.999205844,0.79761288,0.80948157,0.303419387,0.78175201,0.000127778,0.512141114
0.432652464,0.446358482,0.481985117,0.589148013,0.589638075,0.998496037,0.796402539,0.80838687,0.30278952,0.780572077,0.000409584,0.462459425
0.487934481,0.505669429,0.547727394,0.606955995,0.606999236,0.998895831,0.797165625,0.809136547,0.303286211,0.781357062,0.000288051,0.478523439
0.486081997,0.532980811,0.542427325,0.603093155,0.603302152,0.99898954,0.797353492,0.809289789,0.303418662,0.781542466,0.000134948,0.465895003
0.482182031,0.472307021,0.53637775,0.608455008,0.608462215,0.998833089,0.797012759,0.808961171,0.303150618,0.781341342,0.000374315,0.46859247
0.478525813,0.493131269,0.532523154,0.598466395,0.598466395,0.998944823,0.797206297,0.809143968,0.30325479,0.781378395,0.000102107,0.471192639
0.574172476,0.648222852,0.63290326,0.628626818,0.628662852,0.999342883,0.797867565,0.809748214,0.303577458,0.78201966,0.000188141,0.493757077
0.471262126,0.539904056,0.525456395,0.616022139,0.615993312,0.999093301,0.797400389,0.809329629,0.303283311,0.78156015,0.000234742,0.469872424
0.531224102,0.613879198,0.58932491,0.619315643,0.619294023,0.999202262,0.79771539,0.809625698,0.303605979,0.781863028,0.000178658,0.493896312
0.542339005,0.554077628,0.58552385,0.609413511,0.609312616,0.999094572,0.797473433,0.809407748,0.303408752,0.781673133,0.000126275,0.472044824
0.527665383,0.602213258,0.590020879,0.623978437,0.623978437,0.999252872,0.797713177,0.809637807,0.303496247,0.781909344,0.000203173,0.479696032
0.474382099,0.507359355,0.517425986,0.595266579,0.595266579,0.998852963,0.797185408,0.809123657,0.303410686,0.781363377,0.00014258,0.460431293
0.510749281,0.529437418,0.578885379,0.597724095,0.597724095,0.998921482,0.797196613,0.809233023,0.303286936,0.781476922,0.000113555,0.470635699
0.53254034,0.588203227,0.592269393,0.619430952,0.619430952,0.999184583,0.797556852,0.80947493,0.30336573,0.781768852,0.000198548,0.503555522
0.521279189,0.611971217,0.575244927,0.661994263,0.661994263,0.999585763,0.798296697,0.810146357,0.303819399,0.78223145,0.000480007,0.42664251
0.532442841,0.583515046,0.5832218,0.617160812,0.61718964,0.999086137,0.797520469,0.809420637,0.303508332,0.781685063,0.000260992,0.475795778
0.539072783,0.565961622,0.598854328,0.60838294,0.60838294,0.999068574,0.797494461,0.809414518,0.303499389,0.781673413,0.000137376,0.474936883
0.569492517,0.648277366,0.634991167,0.611986336,0.612216953,0.999147493,0.797598631,0.809517504,0.303516792,0.78178808,0.000120031,0.471670735
0.58518988,0.652802006,0.642486214,0.625744101,0.625744101,0.999267431,0.79768039,0.80957388,0.303408511,0.781846186,0.000216818,0.478058764
0.524350412,0.575337985,0.583917769,0.621095721,0.621095721,0.999058521,0.797464579,0.809416992,0.303468452,0.781662185,0.000351419,0.478880753
0.614195876,0.674334932,0.660581402,0.618710273,0.618681445,0.999200413,0.797669738,0.809544325,0.303530085,0.781820361,0.000170679,0.468156312
0.587919856,0.593981683,0.63086889,0.612173713,0.612173713,0.999164362,0.797592267,0.809498756,0.303470144,0.781771519,0.000102338,0.475829328
0.543606493,0.552169647,0.603833182,0.609096412,0.609096412,0.999069498,0.797491694,0.809411914,0.303493105,0.781673975,0.000147899,0.495028644
0.502169356,0.567269952,0.554901226,0.623120829,0.623120829,0.999110402,0.797526832,0.809433006,0.303468694,0.781700501,0.000331992,0.4981673
0.423877541,0.443741823,0.469029391,0.445646377,0.445646377,0.995229402,0.792908197,0.805612495,0.303517517,0.777486876,0.001368327,0.447932027
0.368351777,0.390808984,0.388564698,0.604448032,0.604188587,0.998621522,0.796856434,0.80871614,0.303320049,0.780921973,0.000517589,0.39591354
0.315117243,0.364260794,0.352909685,0.619366091,0.619366091,0.997875318,0.795752477,0.807775073,0.302952183,0.779899654,0.001507784,0.346622715
0.211329401,0.196194941,0.225386798,0.641750386,0.641750386,0.994427157,0.791312578,0.803596519,0.302407877,0.775408836,0.005317775,0.375808359
0.493443182,0.568741823,0.552385031,0.620029115,0.620029115,0.999032985,0.797511615,0.809444333,0.303604045,0.781670887,0.000359861,0.458024039
0.48803198,0.541103358,0.545157664,0.60701365,0.60701365,0.998999361,0.797381575,0.809319734,0.303446941,0.781578396,0.000184671,0.460966424
0.510603032,0.55571304,0.564109428,0.603770593,0.603770593,0.998984802,0.797418235,0.809342779,0.303541928,0.781639589,0.000147321,0.460765121
0.536391557,0.611098997,0.603297821,0.621729918,0.621729918,0.999160896,0.797557405,0.809491465,0.303416487,0.781766186,0.000259141,0.467351098
0.511236777,0.561218927,0.570854971,0.614436645,0.614436645,0.999094572,0.797543018,0.809475451,0.303530085,0.781740361,0.000208493,0.46568028
0.509189295,0.571685565,0.566036726,0.617960766,0.617960766,0.99908683,0.797502623,0.8094222,0.303475461,0.781680431,0.000272786,0.45835619
0.479208307,0.541593982,0.538840409,0.630176278,0.630176278,0.998935001,0.797404401,0.80935632,0.303621931,0.78161222,0.000620737,0.471449301
0.436698679,0.481029219,0.487071042,0.617787803,0.617787803,0.998816796,0.797106831,0.809073661,0.303349294,0.781361974,0.000540254,0.410456036
0.622288305,0.705625818,0.688848439,0.622054224,0.622054224,0.999277252,0.797727426,0.809631167,0.303470144,0.78191173,0.000147899,0.502070909
0.495051918,0.54186655,0.560254832,0.600758154,0.600758154,0.998948982,0.797270764,0.809318172,0.303358962,0.781552571,0.000134717,0.467649698
0.518597962,0.561000872,0.57942074,0.616620303,0.616620303,0.999222136,0.797634738,0.809579478,0.303423496,0.781866958,0.000115868,0.469791903
0.489250719,0.55031618,0.536913111,0.601298664,0.601298664,0.998977985,0.797401219,0.809321036,0.303526218,0.781580501,0.000114249,0.460211536
0.502705601,0.587712604,0.574870175,0.614674469,0.614674469,0.999029172,0.797412563,0.809352414,0.303438965,0.781613624,0.000277759,0.444951058
0.658606737,0.720671609,0.708174956,0.625801756,0.625801756,0.999253334,0.797739185,0.809609163,0.303540478,0.781892642,0.000231967,0.445395603
0.589382343,0.68976232,0.673751271,0.618104902,0.618104902,0.999100696,0.797554085,0.809497063,0.303536611,0.781767589,0.000261223,0.468423039
0.56344757,0.626853467,0.610578725,0.608303665,0.608303665,0.999093416,0.797532504,0.809430272,0.303514133,0.781697554,0.000111242,0.450656333
0.495051918,0.548517226,0.54167782,0.608988311,0.608988311,0.999020968,0.797419342,0.809334968,0.303467727,0.781598887,0.000194616,0.468310645
0.500658119,0.522132577,0.556667916,0.59876908,0.59876908,0.998935117,0.797286673,0.809218962,0.303415762,0.781468641,0.000116677,0.463236121
0.339345781,0.364042739,0.379517105,0.502623272,0.502623272,0.997002705,0.794015474,0.806140315,0.301742722,0.778145545,0.000507875,0.445652265
0.342417004,0.392880506,0.381497939,0.603150809,0.603150809,0.998775546,0.796942482,0.808895031,0.303148201,0.78112057,0.000346678,0.453581943
0.397309024,0.447230702,0.442582579,0.595504403,0.595504403,0.998675829,0.797080269,0.809022754,0.303597519,0.781247588,0.000323782,0.456126754
0.511285526,0.542357174,0.568338776,0.609579268,0.609579268,0.998955915,0.797402741,0.809308538,0.303574799,0.78158036,0.000269317,0.460657759
0.514941744,0.614533362,0.599229081,0.619243575,0.619243575,0.999050895,0.797494184,0.809473888,0.303536128,0.781736571,0.000329333,0.463499493
0.391556574,0.443196686,0.432464265,0.66449502,0.66449502,0.99585613,0.794095574,0.8062157,0.304281044,0.777918035,0.004252648,0.43731327
0.417637596,0.486153511,0.465496012,0.604203001,0.604203001,0.997118599,0.795364709,0.80741013,0.303857587,0.779112986,0.002021788,0.436908986
0.509969288,0.566452246,0.56041544,0.604037245,0.604015624,0.999012302,0.797501516,0.809402931,0.303629665,0.781666536,0.000123615,0.466027528
0.460829718,0.511120802,0.512875422,0.613824068,0.613845688,0.999073196,0.797295942,0.809227685,0.303143367,0.781468641,0.000220403,0.469125924
0.460098474,0.496238552,0.511858237,0.5883913,0.5883913,0.998753708,0.797062838,0.809011297,0.30340416,0.781234535,0.00013171,0.460531944
0.453176035,0.46674662,0.504523797,0.578496375,0.578496375,0.998546185,0.796945802,0.808898155,0.303633774,0.781044499,0.000180624,0.466604598
0.442694876,0.499400349,0.499277263,0.596780005,0.596707938,0.998848803,0.797140862,0.809113372,0.30334156,0.781352991,0.000169986,0.458019006
0.4913957,0.562963367,0.548851652,0.60566598,0.605377708,0.999002943,0.797524619,0.809454228,0.303689606,0.781729554,0.000154837,0.471008111
0.483985765,0.503434365,0.522351304,0.594769311,0.594769311,0.998868677,0.797242681,0.809177168,0.303477878,0.781411518,0.00011899,0.452770019
0.458684737,0.454153947,0.508431929,0.576110927,0.576110927,0.998486909,0.796446255,0.808405228,0.302884991,0.780657832,0.000201554,0.471927397
0.373567981,0.398604448,0.417099416,0.583101515,0.583101515,0.998582467,0.796899043,0.808854149,0.303476186,0.781115938,0.000218206,0.455011198
0.614000877,0.694232447,0.671931046,0.629628562,0.629628562,0.999291811,0.797838098,0.809714623,0.303633049,0.781984151,0.000254747,0.495921089
0.511480525,0.576591801,0.566839767,0.622047017,0.62203981,0.999141369,0.79762035,0.809524665,0.303567307,0.78180001,0.000283656,0.482109996
0.600545995,0.669755778,0.658654104,0.629354704,0.629354704,0.999288576,0.797731714,0.8096201,0.30345395,0.781902186,0.000253706,0.476419818
0.63086823,0.69559529,0.691792923,0.623221724,0.623221724,0.999243512,0.797699758,0.80959354,0.303492138,0.781874537,0.000200398,0.484337754
0.544337737,0.629633668,0.627442583,0.614977154,0.614977154,0.999089603,0.797536101,0.809498886,0.303528635,0.781763098,0.000222253,0.465715508
0.470677132,0.503107283,0.526420044,0.598055608,0.598055608,0.998874454,0.797181673,0.809135245,0.303359204,0.781371518,0.000165938,0.476641252
0.476819578,0.517880506,0.530488784,0.600837429,0.600541951,0.998946671,0.797263985,0.809197609,0.303351953,0.781446746,0.00013356,0.460620853
0.569638766,0.612952464,0.596552278,0.635257066,0.635257066,0.999401465,0.797775153,0.809564245,0.303293462,0.781824572,0.00023532,0.483460406
0.520791693,0.598724379,0.584613737,0.612570086,0.612570086,0.999048584,0.797515903,0.809446937,0.303578908,0.78169601,0.000224566,0.466612986
0.600887242,0.670955081,0.65870764,0.626616123,0.626616123,0.999217861,0.797871715,0.809743787,0.303846469,0.782029204,0.000280534,0.470179412
0.603617218,0.660270388,0.665239038,0.637368656,0.637368656,0.999206422,0.797660054,0.809561251,0.303500598,0.781838747,0.000464512,0.471326841
0.663920441,0.692324466,0.709245677,0.630097003,0.630097003,0.999314458,0.79780794,0.809650957,0.303532985,0.781935449,0.000239599,0.493502093
0.525325403,0.600141736,0.581508646,0.624093746,0.624093746,0.999100234,0.797547445,0.809459436,0.303526218,0.781714256,0.000357779,0.453368897
0.559888851,0.585695595,0.616895979,0.615539284,0.615539284,0.999211506,0.797682327,0.809567891,0.303528877,0.781824431,0.000109045,0.477335749
0.61024716,0.665667248,0.677445259,0.623798267,0.623798267,0.999324858,0.79781624,0.809718789,0.303525735,0.78198794,0.000128241,0.477849073
0.525227904,0.562091147,0.570480218,0.614270889,0.614270889,0.999126001,0.797503314,0.809413346,0.303394975,0.781666817,0.00017438,0.479967791
0.536732804,0.608427824,0.605332191,0.629513253,0.630176278,0.999177304,0.797571101,0.809528831,0.303406094,0.781802256,0.000378247,0.469924427
0.59313606,0.672917575,0.665185502,0.617261707,0.617261707,0.999174877,0.797627682,0.809552267,0.303510024,0.781828501,0.000173455,0.478647576
0.50519183,0.589457043,0.576958081,0.610689113,0.610689113,0.999006525,0.79744618,0.809416471,0.30354507,0.781650957,0.000236477,0.465064627
0.575781212,0.646423899,0.639595267,0.619863359,0.619863359,0.999172797,0.797594204,0.809509172,0.303455884,0.781782607,0.000217397,0.464168826
0.454687271,0.515427388,0.513410782,0.609399098,0.609399098,0.998941819,0.797295112,0.809252813,0.303416487,0.78152015,0.000280534,0.463757832
0.348169454,0.2769843,0.389207131,0.617290535,0.617290535,0.998563055,0.796240404,0.808234279,0.302366063,0.780821481,0.000786213,0.451218305
0.510993029,0.543992586,0.576636865,0.62702691,0.62702691,0.999013111,0.797393195,0.809343561,0.303438723,0.781593975,0.000492033,0.475168382
0.521717935,0.556094636,0.573049949,0.6179968,0.6179968,0.999159625,0.797618552,0.809481309,0.303525976,0.781744712,0.000200514,0.48459106
0.488421976,0.556040122,0.547995075,0.616382479,0.616382479,0.999015307,0.797431516,0.809367126,0.30350084,0.781629062,0.000319041,0.458594399
0.406425194,0.429786306,0.446704856,0.536264576,0.536264576,0.993104026,0.790579236,0.802458595,0.303894325,0.774145114,0.004949242,0.447873313
0.531760347,0.562581771,0.575994432,0.611575549,0.611575549,0.999121263,0.797500547,0.809413086,0.303400293,0.781681273,0.000135873,0.465309546
0.442499878,0.48380942,0.4927994,0.582099771,0.582099771,0.998637929,0.796899458,0.808854539,0.303360654,0.781054745,0.000146511,0.455128625
0.417930093,0.475795901,0.473365812,0.612908805,0.612908805,0.998878152,0.797003352,0.809022754,0.30303992,0.781238746,0.000400565,0.44681647
0.477502072,0.485989969,0.5150704,0.597990746,0.597990746,0.99884083,0.797183748,0.809122095,0.303433164,0.781365342,0.000198548,0.466883068
0.466094672,0.531018317,0.523689705,0.599922167,0.599922167,0.998911083,0.797350586,0.809308538,0.3035777,0.78156001,0.000159347,0.485366079
0.469799639,0.532490188,0.521387655,0.599597861,0.599727583,0.998852616,0.797410211,0.809313485,0.303804172,0.781593553,0.000214737,0.468173087
0.53024911,0.543501962,0.568981209,0.601947275,0.601968895,0.998926566,0.79748699,0.809407487,0.303783627,0.781519729,0.000176577,0.48865068
0.449324818,0.453499782,0.49809947,0.592945992,0.592945992,0.998670167,0.796871098,0.808813918,0.303243914,0.781040289,0.000288397,0.469781837
0.502120606,0.520442652,0.542213181,0.605702014,0.605730841,0.99886937,0.797308531,0.809239533,0.303591477,0.78143229,0.000294179,0.473816294
0.490128211,0.557293938,0.545104128,0.617708529,0.617758976,0.999039225,0.797494599,0.809414518,0.303561506,0.781669484,0.000317191,0.468508593
0.508214303,0.582860881,0.564109428,0.625167558,0.625167558,0.999191169,0.797628097,0.809536513,0.30347667,0.781735028,0.000284003,0.483069542
0.443913616,0.534507196,0.494084266,0.610631459,0.610890904,0.998959266,0.797389875,0.809315308,0.303545554,0.781458536,0.00028701,0.465886616
0.53824404,0.598778892,0.593554259,0.616591476,0.616569855,0.99911953,0.797555054,0.809472977,0.303498906,0.781740501,0.000217744,0.480977664
0.541851509,0.547045355,0.578885379,0.603871488,0.603893109,0.998974287,0.797471219,0.809367647,0.303656252,0.781628782,0.000159694,0.474296067
0.417978843,0.470726123,0.460677766,0.601010392,0.601277043,0.998961577,0.797277128,0.809200994,0.303343494,0.781451658,0.000130322,0.471489562
0.492906937,0.559092891,0.545425344,0.608952277,0.608952277,0.999100927,0.797531121,0.80943535,0.303496006,0.781645203,0.000114133,0.479357171
0.488860722,0.546173136,0.543658654,0.61642572,0.61642572,0.999029865,0.797476338,0.809397072,0.303548938,0.781647729,0.000305165,0.484170001
0.629795739,0.71134976,0.6972536,0.632432004,0.632432004,0.999389333,0.797927328,0.809818521,0.303584951,0.782115239,0.000202248,0.500388348
0.510993029,0.573811601,0.559130574,0.619229162,0.618984131,0.999089719,0.79751701,0.809424543,0.303494555,0.781659799,0.0002862,0.478504986
0.550431434,0.630723942,0.607259489,0.660862797,0.660588939,0.999604597,0.798268199,0.810117844,0.303730212,0.782373345,0.000438609,0.54661265
0.544386487,0.608209769,0.604368542,0.618530103,0.618530103,0.99913016,0.797566674,0.8094817,0.303496972,0.781756501,0.000238558,0.471387232
0.504753083,0.549171391,0.561164945,0.607006443,0.607006443,0.999039803,0.797465547,0.809387307,0.303509299,0.781640712,0.000143967,0.474411817
0.593672305,0.664304405,0.66074201,0.624389224,0.624389224,0.999237735,0.797721754,0.80963338,0.303542895,0.781916782,0.000224913,0.479774876
0.541656511,0.606792412,0.601263451,0.610826042,0.610826042,0.999031368,0.797580785,0.80949472,0.303728278,0.781765343,0.000213812,0.483735521
0.360893092,0.401929786,0.402751753,0.602934606,0.602934606,0.998754516,0.796578508,0.808550008,0.30255628,0.780794674,0.000364255,0.470565243
0.545263979,0.558166158,0.604100862,0.609615301,0.609615301,0.999081746,0.797530014,0.809440297,0.303534194,0.781706677,0.000143852,0.494983351
0.484960757,0.539576973,0.538786873,0.618227418,0.618025627,0.99897706,0.797438571,0.809358013,0.30359341,0.781666536,0.000383682,0.469099083
0.448934822,0.482283035,0.49986616,0.607972153,0.607972153,0.998826849,0.7972294,0.80916506,0.30354217,0.781431027,0.000372696,0.461838739
0.530151611,0.586295246,0.589378446,0.620259733,0.620259733,0.999074236,0.797468037,0.809402931,0.303441623,0.78166808,0.000322279,0.493549064
0.505045581,0.565252944,0.555811339,0.623538823,0.623538823,0.999071925,0.797575251,0.809464254,0.303633774,0.781716361,0.000377091,0.490776109
0.472870862,0.497001744,0.504845013,0.600585191,0.600585191,0.998872375,0.797240744,0.80911858,0.30346676,0.781361553,0.000208608,0.463011332
0.450884805,0.479666376,0.49199636,0.595533231,0.595482783,0.998746544,0.797220408,0.80915816,0.30369444,0.78140422,0.000252666,0.462435939
0.549456442,0.573048408,0.607687778,0.616930195,0.616930195,0.999115602,0.797495152,0.809408659,0.303402468,0.781747519,0.000227573,0.482366657
0.598108517,0.670791539,0.657904599,0.620065149,0.620065149,0.999217976,0.797678038,0.809575963,0.303507607,0.781854607,0.000175189,0.479301813
0.481792034,0.532926297,0.535949462,0.621960536,0.621960536,0.998953489,0.797387938,0.809314266,0.303554497,0.781570115,0.000470409,0.471404008
0.542972749,0.593600087,0.599817977,0.621247063,0.621247063,0.999172451,0.797565429,0.809472456,0.303406335,0.781732642,0.000239946,0.48805348
0.576073709,0.640536415,0.645858986,0.618011214,0.618011214,0.999095843,0.797526002,0.809466337,0.303497697,0.78173587,0.000264576,0.478654287
0.520791693,0.596543829,0.600781626,0.614407818,0.614407818,0.999053437,0.797479796,0.809449671,0.303505674,0.781715098,0.000249081,0.464906939
0.515624238,0.588366768,0.571979228,0.615056429,0.615056429,0.999071694,0.797514105,0.809432876,0.303527668,0.781699519,0.000241333,0.466758931
0.496660654,0.556476232,0.550082981,0.605644359,0.605644359,0.999005254,0.797421002,0.809341608,0.30350374,0.781601975,0.000156919,0.465536012
0.477843319,0.494058003,0.524813962,0.603129189,0.603129189,0.998905306,0.797268274,0.809195136,0.303445974,0.781559167,0.000216472,0.473794486
0.507775557,0.544537724,0.56448418,0.606055146,0.606055146,0.999022817,0.797420448,0.809344863,0.303466277,0.781605483,0.000145818,0.466599566
0.380441671,0.428259922,0.437871406,0.592708168,0.592708168,0.998726323,0.79716521,0.809127563,0.3036403,0.781371658,0.000228382,0.453363864
0.46628967,0.522078064,0.518924996,0.601925655,0.601925655,0.998962501,0.797344361,0.809273254,0.303459267,0.781528009,0.000139805,0.46935239
0.701945108,0.799989097,0.786069918,0.623625304,0.623625304,0.999295509,0.797782347,0.809697828,0.30352791,0.781985976,0.000154837,0.494005351
0.526446644,0.574738334,0.591787569,0.614732124,0.614732124,0.999007103,0.797458215,0.809394077,0.303564648,0.781657273,0.000300655,0.464402003
0.56339882,0.61202573,0.611060549,0.622364116,0.622277634,0.999123228,0.797601398,0.809494329,0.303572141,0.781769554,0.000305627,0.494052322
0.574074977,0.61960314,0.627228438,0.621852434,0.621852434,0.999078164,0.79759116,0.809505526,0.303648518,0.781769975,0.000343903,0.481786233
0.443621118,0.48833406,0.49403073,0.596527768,0.596527768,0.998879192,0.797143491,0.809084207,0.303282585,0.7813245,0.000136682,0.45426973
0.606493443,0.68349324,0.673483591,0.625210799,0.625210799,0.999177419,0.797638058,0.809550705,0.303523076,0.781827659,0.000298458,0.473677059
0.557402623,0.622110772,0.61769902,0.652438058,0.652438058,0.999279216,0.797906438,0.809821385,0.303778793,0.782124362,0.000633457,0.506046652
0.620192073,0.702845617,0.691632314,0.620908344,0.620908344,0.999207346,0.797683434,0.809604476,0.303539753,0.781885344,0.000199589,0.472663832
0.649783064,0.725686873,0.717169013,0.629311463,0.629311463,0.999308103,0.797804205,0.80969926,0.303539753,0.781988362,0.00023347,0.472304841
0.550723931,0.627834714,0.609079715,0.610948558,0.610948558,0.999092608,0.797543848,0.809456832,0.303535644,0.781726185,0.00015449,0.468485108
0.478623312,0.534507196,0.532469618,0.622457804,0.622457804,0.999000401,0.797394579,0.809320516,0.303467485,0.781579238,0.00043144,0.464621759
0.509579291,0.569505015,0.56244981,0.617254501,0.617254501,0.999036683,0.797488512,0.80940892,0.303555947,0.781673273,0.00031164,0.46071144
0.65368303,0.666321413,0.697414208,0.633239165,0.633239165,0.999274826,0.797853039,0.809722956,0.30369444,0.782003098,0.00032968,0.494996771
0.536830303,0.487788923,0.568874137,0.611006212,0.611006212,0.99883332,0.797110566,0.809053221,0.303321016,0.781391167,0.000414788,0.495911024
0.529907863,0.55353249,0.575512608,0.609499993,0.609499993,0.999040611,0.797506634,0.809425976,0.303579392,0.781692922,0.000183284,0.471474464
0.361819334,0.358700392,0.388778843,0.61992822,0.61992822,0.998515565,0.796853252,0.808809491,0.303536128,0.781028359,0.000876062,0.447126813
0.864963682,0.942706062,0.932598105,0.622371323,0.622371323,0.999308219,0.797792723,0.80967335,0.30351945,0.78195959,0.000121997,0.465458846
0.439331156,0.498855212,0.487445795,0.614818605,0.614818605,0.998803162,0.797321673,0.809251902,0.303753173,0.781505273,0.000506257,0.4502034
0.495100668,0.535215874,0.550564805,0.618191384,0.618191384,0.9989231,0.797389045,0.809315308,0.303619755,0.781573624,0.000440228,0.457524135
0.597036026,0.655473179,0.655816693,0.618638205,0.618638205,0.999104509,0.797555469,0.809471935,0.303531052,0.781742466,0.00026608,0.467681572
0.398430264,0.404546446,0.444402805,0.592873924,0.592873924,0.99876376,0.797150684,0.809090978,0.303536369,0.781331798,0.000193575,0.450357733
0.081411788,0.091255997,0.091760801,0.602934606,0.602934606,0.973874888,0.767759008,0.781429379,0.304247689,0.751272214,0.025263105,0.411734313
0.384585385,0.387265591,0.429198565,0.556976895,0.556976895,0.997956432,0.796075226,0.808078824,0.303346636,0.780242252,0.000425542,0.453378962
0.38287915,0.40956171,0.419026714,0.609622508,0.609622508,0.998773928,0.797132839,0.809074182,0.303484162,0.781313693,0.000452139,0.455017908
0.496075659,0.55762102,0.551635527,0.613110595,0.613110595,0.998325952,0.798137882,0.810019936,0.30617693,0.782329696,0.000956429,0.46833413
0.487300736,0.539849542,0.541999036,0.60970899,0.60970899,0.998977638,0.797401081,0.809326635,0.303526701,0.78158808,0.000249775,0.463996041
0.500024375,0.527802006,0.555971947,0.591511841,0.591511841,0.998778897,0.7973178,0.809252162,0.303796921,0.781309483,0.000156572,0.444583679
0.515136743,0.569777584,0.571069115,0.605521844,0.605521844,0.999052166,0.79748948,0.809405665,0.303525251,0.781678747,0.000107889,0.469500013
0.489250719,0.541484954,0.541303068,0.607164992,0.607208233,0.999016231,0.797426259,0.809339785,0.303489963,0.781632711,0.000170911,0.464188957
0.481597036,0.442215438,0.506344023,0.604628202,0.604671442,0.998837364,0.796979281,0.808886308,0.303083426,0.781241833,0.000309212,0.467646343
0.35655438,0.323648059,0.359815836,0.593443261,0.593443261,0.998311162,0.795956253,0.807652948,0.302396517,0.780099795,0.000655659,0.446299791
0.571003754,0.657163105,0.640344772,0.627776416,0.627682728,0.999243743,0.797778612,0.809702384,0.303629423,0.781982467,0.000271746,0.49346351
0.508653049,0.576646315,0.561539697,0.607626227,0.607626227,0.999074582,0.797553809,0.809457093,0.303590993,0.781685905,0.000119221,0.463789705
0.482620777,0.551351941,0.538305048,0.62296228,0.622883005,0.999098963,0.797517563,0.809446156,0.303476428,0.78172408,0.000339624,0.477318974
0.499975625,0.55892935,0.552920392,0.619085026,0.619085026,0.999046158,0.797469144,0.80938262,0.303502531,0.781643097,0.00033153,0.468045595
0.535562814,0.58678587,0.582258151,0.615632973,0.615517664,0.999091221,0.797527801,0.809431704,0.303510507,0.78168801,0.000229192,0.474118249
0.530785356,0.598288269,0.589378446,0.61359345,0.61359345,0.99912057,0.797543156,0.809459306,0.303475945,0.781726185,0.000168945,0.467926491
0.425973773,0.487625382,0.481449756,0.623128036,0.623128036,0.998702174,0.797027285,0.80901963,0.303449841,0.7812445,0.000740652,0.460018621
0.585531127,0.662069341,0.643985224,0.624165814,0.624050505,0.999236002,0.797736695,0.809627912,0.303572866,0.781902326,0.000221328,0.489922247
0.553063911,0.6150785,0.610471653,0.628417821,0.628396201,0.999173144,0.797762288,0.809650957,0.303748823,0.781957484,0.000353848,0.478050376
0.51767172,0.566016136,0.570266074,0.628843022,0.628843022,0.99911641,0.797524619,0.809424804,0.3034525,0.781691659,0.000417795,0.468072436
0.656608005,0.694341474,0.688473687,0.647364476,0.647364476,0.999541624,0.798090846,0.809843909,0.30355208,0.782143029,0.000289438,0.504756633
0.551893921,0.620693415,0.613844424,0.61743467,0.61743467,0.99911953,0.797552563,0.809471805,0.303494555,0.781750747,0.00023162,0.463504525
0.607614683,0.634648932,0.655602548,0.628165583,0.628165583,0.999379396,0.797851932,0.809682074,0.303474011,0.781962256,0.000143736,0.484203551
0.521327938,0.559092891,0.567535735,0.60606956,0.60609118,0.999004907,0.797477583,0.809390171,0.303603562,0.781654326,0.000164319,0.465967137
0.603227222,0.671772787,0.659028856,0.630089797,0.630097003,0.999248134,0.797697821,0.809590285,0.303479328,0.781868502,0.000306205,0.483946889
0.609857164,0.681530746,0.676428074,0.620079563,0.620043529,0.999205497,0.797665311,0.809575051,0.303511716,0.7818518,0.000187447,0.478630801
0.561302589,0.609954208,0.612345415,0.612440364,0.612440364,0.999111095,0.797524204,0.809436391,0.303462651,0.781704852,0.000159925,0.472762806
0.614585872,0.68114915,0.669896675,0.615150117,0.615150117,0.999176957,0.797633216,0.809527139,0.303515341,0.781797624,0.000137492,0.477421303
0.538829035,0.578881378,0.604207934,0.622414563,0.622414563,0.999102776,0.797511476,0.809447198,0.303457817,0.781723519,0.000328408,0.475411624
0.548481451,0.581988661,0.609186787,0.617895905,0.617895905,0.999100465,0.797488512,0.80940892,0.303422529,0.781734045,0.000258101,0.474873137
0.632574465,0.691016136,0.696825312,0.625643206,0.625643206,0.99923034,0.797674441,0.809575833,0.303475703,0.781852782,0.000252434,0.473036243
0.54170526,0.572721326,0.598318968,0.61373038,0.61373038,0.999151075,0.797604995,0.80950136,0.303519934,0.781773624,0.000140498,0.468283804
0.691756447,0.777747492,0.761282724,0.620865103,0.620865103,0.999281412,0.797756062,0.8096533,0.303511474,0.781937835,0.000124656,0.475019082
0.520645444,0.558275185,0.587504684,0.60510385,0.60510385,0.999028363,0.79744867,0.809410222,0.30350374,0.781690817,0.000124887,0.468434782
0.501096865,0.457206716,0.476363831,0.607280301,0.607280301,0.99896227,0.797373413,0.809039159,0.303510266,0.781294886,0.000226069,0.487993089
0.493589431,0.543665504,0.542695005,0.609363064,0.609363064,0.999007218,0.79741367,0.809337572,0.303486821,0.781595799,0.000214506,0.473628411
0.509189295,0.546881814,0.556989132,0.609990055,0.609990055,0.99898954,0.797421278,0.809347987,0.303537094,0.781607168,0.000242374,0.476607702
0.352995661,0.402256869,0.390973821,0.60009513,0.600246472,0.998705178,0.794430081,0.806450576,0.29890566,0.778450949,0.000370499,0.46435
0.538975284,0.585532054,0.576047968,0.607402816,0.607410023,0.999028479,0.797871853,0.809714753,0.304242855,0.781649834,0.000161891,0.487078835
0.534002827,0.559638029,0.593340115,0.614753744,0.614688883,0.99905621,0.797503176,0.809422851,0.303540478,0.781680431,0.000250816,0.481371883
0.52912787,0.546990842,0.572675197,0.613651105,0.613636691,0.99908995,0.797474539,0.80939603,0.303420112,0.781654606,0.000200282,0.477731646
0.472139619,0.535379416,0.525188715,0.610523357,0.610595425,0.998909812,0.797409243,0.809333926,0.303682839,0.781598185,0.000331877,0.46745846
0.535855311,0.599160488,0.594410836,0.627098978,0.627098978,0.99921971,0.797685924,0.809590936,0.303518,0.781865273,0.000286547,0.496932639
0.45376103,0.50757741,0.498206542,0.611316104,0.611308898,0.998966546,0.797318353,0.809236538,0.303405368,0.781490255,0.000286432,0.46188571
0.555013894,0.611317052,0.607848386,0.61723288,0.617254501,0.999107744,0.797632663,0.809533388,0.303659152,0.781809133,0.000240524,0.488415826
0.58631112,0.613497601,0.626050645,0.615618559,0.615229392,0.999181695,0.797755232,0.809608252,0.30371861,0.78189194,0.000134023,0.486293752
0.490566958,0.547372438,0.542480861,0.610184638,0.610184638,0.999128312,0.797460429,0.809369079,0.303315215,0.781613624,0.000106501,0.465458846
0.485350753,0.555985608,0.539001017,0.612887185,0.612887185,0.999026746,0.797533888,0.809446677,0.30365601,0.781647168,0.000251509,0.469218188
0.639106908,0.70726123,0.694898014,0.634810245,0.634810245,0.999480269,0.798016557,0.809862006,0.30355063,0.782162397,0.000149402,0.504493261
0.507921806,0.561655037,0.556239627,0.61815535,0.61815535,0.999086253,0.797477168,0.80938952,0.303432439,0.781650536,0.000276487,0.479363881
0.54170526,0.611971217,0.588575406,0.660581732,0.6606538,0.999634871,0.798215076,0.809990251,0.303574074,0.782225976,0.000409353,0.51602627
0.507726807,0.560346707,0.557845709,0.603871488,0.605046196,0.999047544,0.797495982,0.80941556,0.303546037,0.781686466,0.000104767,0.473237546
0.537707795,0.600523332,0.591787569,0.621081307,0.621081307,0.999137671,0.797587425,0.809489772,0.303517275,0.781758185,0.000271977,0.480568347
0.574416224,0.620202791,0.629637561,0.620122804,0.620122804,0.99925784,0.797742367,0.809619188,0.303536853,0.781893905,0.000136335,0.476755324
0.571832496,0.642389882,0.63466995,0.626169302,0.626169302,0.999231842,0.79774873,0.80965317,0.303602111,0.781929274,0.000259257,0.477800424
0.517086725,0.621402093,0.574281278,0.618191384,0.618191384,0.999138827,0.797710963,0.809617366,0.303730937,0.781744291,0.00022445,0.458094495
0.44683859,0.496075011,0.494726698,0.603914729,0.603914729,0.998704138,0.797103787,0.809022885,0.303579392,0.781324079,0.000430399,0.453675885
0.552283918,0.576046664,0.614219177,0.61220254,0.61220254,0.999140906,0.79760541,0.809523103,0.303542412,0.781792431,0.000126275,0.484319301
0.528932872,0.590601832,0.5832218,0.626954842,0.626954842,0.999195791,0.79770294,0.809589894,0.303597761,0.781878186,0.000308171,0.478011793
0.524496661,0.58226123,0.58295412,0.610047709,0.610047709,0.999030328,0.797465824,0.809387697,0.303529602,0.781648992,0.00020248,0.474388331
0.489884464,0.531018317,0.539804058,0.613924963,0.613924963,0.998944592,0.797374243,0.809307496,0.303548696,0.781574045,0.000350263,0.466777384
0.510164286,0.571085914,0.555168906,0.6248937,0.6248937,0.999086137,0.79761371,0.809491986,0.303670996,0.781709905,0.000384723,0.488355435
0.496904402,0.55075229,0.55484769,0.606422693,0.606422693,0.999024897,0.797424599,0.809357101,0.303468694,0.781607168,0.000149634,0.464459039
0.483108273,0.517226341,0.51303603,0.607049684,0.607107338,0.998914549,0.797361654,0.809258021,0.303589785,0.781438465,0.000271052,0.463372
0.56690879,0.595562582,0.603672573,0.62511711,0.625052249,0.999227336,0.797587149,0.809461129,0.303329475,0.781730957,0.000245959,0.480767973
0.648369327,0.731247274,0.715670004,0.626183716,0.626183716,0.999347851,0.797892466,0.809781414,0.303610813,0.782076081,0.000143389,0.489692425
0.533466582,0.589129961,0.592697682,0.621189409,0.621189409,0.999078511,0.797525034,0.809443292,0.30353226,0.781709905,0.000332917,0.474987209
0.548822698,0.598397296,0.602120028,0.626003546,0.626003546,0.999197987,0.797621872,0.80953482,0.303451533,0.781810256,0.00029071,0.473069794
0.481743285,0.542629743,0.535895926,0.600650053,0.600650053,0.998969665,0.797396377,0.809334577,0.303535161,0.781582325,0.000112283,0.467641311
0.453614781,0.439380724,0.513999679,0.612490811,0.612490811,0.998875148,0.797092581,0.809089285,0.303202341,0.781464711,0.00039698,0.454969259
0.556476381,0.608482338,0.613737352,0.618299485,0.618299485,0.999125539,0.797553255,0.809461259,0.303483196,0.781730396,0.000239599,0.464636857
0.469458392,0.535324902,0.521119974,0.610083743,0.610083743,0.998981682,0.79739278,0.809318433,0.30350374,0.781577132,0.000251741,0.460904356
0.505240579,0.567051897,0.557256812,0.616555442,0.616555442,0.99904766,0.797527247,0.809444594,0.303600661,0.781705834,0.000289438,0.477872558
0.433676205,0.491604884,0.496975213,0.600152784,0.600152784,0.99890207,0.797305072,0.809253724,0.303517033,0.781507237,0.000171951,0.464239283
0.666747916,0.758013519,0.74029659,0.624374811,0.624374811,0.999349931,0.797863276,0.809764098,0.303555463,0.782057414,0.000112283,0.494451574
0.547603958,0.591637593,0.598479576,0.609809885,0.609809885,0.999036221,0.797479243,0.809398634,0.30354072,0.781662045,0.00019265,0.462699311
0.535904061,0.582751853,0.592269393,0.622630767,0.622457804,0.999102083,0.797506358,0.809431314,0.303450083,0.781729835,0.000329564,0.46188571
0.576658704,0.60341256,0.623159698,0.608289252,0.608289252,0.999043847,0.797477445,0.809392124,0.303521867,0.781661203,0.000160619,0.486260201
0.683030273,0.767389882,0.757963488,0.62682512,0.626731432,0.999274479,0.7977479,0.809654602,0.303511716,0.781940221,0.000225722,0.486820496
0.563203822,0.627671173,0.624872852,0.652654261,0.652654261,0.99933907,0.79786466,0.809774904,0.303580842,0.782110327,0.000577142,0.497751273
0.639350656,0.71849106,0.708442636,0.622306462,0.622306462,0.999223638,0.797717327,0.809629604,0.303564648,0.781912431,0.000205602,0.472158896
0.660897967,0.724269516,0.728572193,0.622919039,0.622919039,0.999234962,0.797723276,0.809623094,0.303551355,0.781905975,0.000204098,0.490777786
0.499975625,0.571522024,0.554419401,0.608541489,0.608541489,0.999072387,0.797469006,0.809387437,0.303446941,0.781651238,0.000136104,0.458304186
0.549553941,0.603467074,0.599122009,0.620166044,0.620166044,0.999119068,0.797568749,0.809469982,0.303523559,0.781740361,0.000275909,0.466143278
0.607029688,0.627834714,0.646233738,0.632511279,0.632511279,0.999362988,0.797808632,0.80962049,0.30343268,0.78189194,0.000229885,0.478805264
0.638083167,0.669755778,0.720006424,0.628590784,0.628590784,0.999353282,0.79786798,0.809812271,0.303556672,0.782113274,0.000176693,0.576169028
0.524740409,0.538159616,0.567214519,0.60820277,0.60820277,0.999002365,0.797420033,0.809344472,0.303508091,0.781605062,0.000200745,0.476480209
0.641495637,0.673953336,0.692703035,0.624122573,0.624122573,0.999117912,0.797564184,0.809473367,0.303518242,0.78174415,0.000340549,0.453813442
0.65485302,0.731465329,0.724342845,0.624648669,0.624648669,0.999285109,0.797757446,0.809659029,0.303505915,0.781940502,0.000181549,0.542079968
0.553210159,0.627671173,0.612827239,0.622270428,0.622270428,0.999081168,0.797549658,0.809466597,0.303569724,0.781736431,0.000347603,0.4627748
0.607614683,0.668229394,0.672466406,0.619106646,0.619106646,0.999158354,0.79762035,0.809530394,0.303532019,0.781805484,0.000219594,0.472408847
0.530785356,0.589238988,0.584131913,0.611597169,0.611597169,0.999038185,0.797472879,0.809392775,0.303525251,0.78165601,0.000219247,0.467590985
0.508360552,0.563126908,0.56475186,0.607229853,0.607229853,0.998998783,0.797432761,0.809355799,0.303537819,0.781617273,0.000188719,0.463269671
0.487544484,0.552823812,0.539536378,0.610544978,0.610544978,0.998978678,0.797407583,0.809332754,0.303535886,0.781587799,0.000262032,0.457401676
0.528494126,0.575501526,0.579367204,0.614969948,0.614969948,0.999042113,0.797446595,0.80936947,0.303471111,0.781630606,0.000269433,0.471511369
0.160581095,0.178805059,0.183200385,0.589731763,0.589731763,0.998584084,0.796857818,0.80881535,0.303400776,0.781034675,0.000322973,0.443362438
0.42168381,0.479502835,0.469939504,0.6156618,0.6156618,0.998536363,0.796208586,0.808204334,0.302366305,0.780392147,0.000786791,0.452926029
0.460878467,0.483700392,0.512982494,0.608937863,0.608937863,0.998947711,0.797234104,0.809246564,0.303297571,0.781488009,0.000267236,0.474317875
0.576951202,0.590220235,0.640451844,0.618090488,0.618090488,0.999172797,0.797705015,0.809612679,0.303649484,0.781890256,0.000188834,0.674556084
0.513528007,0.574411252,0.568606456,0.608109082,0.607885671,0.999080013,0.797531674,0.80944212,0.30354072,0.781726747,0.000117949,0.459486844
0.535904061,0.555058875,0.57968842,0.612822324,0.612858358,0.999056441,0.797445488,0.809368428,0.303439448,0.781633694,0.000221328,0.466532464
0.251694048,0.306476232,0.279244071,0.585602272,0.585602272,0.998139574,0.795844335,0.808006694,0.302559906,0.779810391,0.000701567,0.452931062
0.581533662,0.67035543,0.654050003,0.6241514,0.624201848,0.999259804,0.797724797,0.809652909,0.303502048,0.781933765,0.00019982,0.484243812
0.500804368,0.5710314,0.553562825,0.621859641,0.621931708,0.999144719,0.797658117,0.809557475,0.303626281,0.781811519,0.000278568,0.474468852
0.495636913,0.559583515,0.546496065,0.618220211,0.618220211,0.999030674,0.797468868,0.809387828,0.303534194,0.781633273,0.000333149,0.455475873
0.519767952,0.569341474,0.565394293,0.616202309,0.616238343,0.999029865,0.797488789,0.809402019,0.303570691,0.781642115,0.000302158,0.465168634
0.506995564,0.568142172,0.568178168,0.609492786,0.609492786,0.999044656,0.797456002,0.809388869,0.30348247,0.781664431,0.000179121,0.461956166
0.430458733,0.474869167,0.487017506,0.626219749,0.626219749,0.998668203,0.796980249,0.808974972,0.303438481,0.781298956,0.000824257,0.459309026
0.59196607,0.665503707,0.648482253,0.62608282,0.625981925,0.999272052,0.797777643,0.809660852,0.303568515,0.781937133,0.000216009,0.494314017
0.575488714,0.64337113,0.633706301,0.627516972,0.627466524,0.999212083,0.797768098,0.809655774,0.30367728,0.781940642,0.000299961,0.469998239
0.497928143,0.524912778,0.552063815,0.622126292,0.622126292,0.998984455,0.797359579,0.809281456,0.303439931,0.781593694,0.000442078,0.46889107
0.673719105,0.704099433,0.694362653,0.651659724,0.651659724,0.999595585,0.798157526,0.809867084,0.303555705,0.782165765,0.000304471,0.508812897
0.561497587,0.642280855,0.626693078,0.61664913,0.61664913,0.999139982,0.797584935,0.809505786,0.303508332,0.781773343,0.000198548,0.464391938
0.569443767,0.586186219,0.628406232,0.612519639,0.612519639,0.999164709,0.797647188,0.809541461,0.303565373,0.781811238,0.000107542,0.484196841
0.654706771,0.670573485,0.688634295,0.629455599,0.629455599,0.999426539,0.797956794,0.8097723,0.303558364,0.782062186,0.000117255,0.473443882
0.580851168,0.60750109,0.621018256,0.609247755,0.609247755,0.999102198,0.797599599,0.809480268,0.303612988,0.781763238,0.000117602,0.472217609
0.544288987,0.625272569,0.616253547,0.628309719,0.628259272,0.999137671,0.797581062,0.809532998,0.303506399,0.781807589,0.000387035,0.474103151
0.686637742,0.765972525,0.758124097,0.624158607,0.624173021,0.999315267,0.797784837,0.809683245,0.30349093,0.781968993,0.000143852,0.493176652
0.49256569,0.537123855,0.537180791,0.609240548,0.609240548,0.998981336,0.797401219,0.809318433,0.303519209,0.781573483,0.000238442,0.465561175
0.585921123,0.655745748,0.646233738,0.61395379,0.61395379,0.999147839,0.797603196,0.809513598,0.303523801,0.781781765,0.000147437,0.474535954
0.597572271,0.63126908,0.656459125,0.622991107,0.622991107,0.999199951,0.797664204,0.809557475,0.303521626,0.781838466,0.000240408,0.473623378
0.551162677,0.617804187,0.61213127,0.618681445,0.618681445,0.999111904,0.797562386,0.809478445,0.303527668,0.781749203,0.000259373,0.471732803
0.598693511,0.660979067,0.662026875,0.624403638,0.624403638,0.999208964,0.797637366,0.809544976,0.303455642,0.781812782,0.000253938,0.477671255
0.570516258,0.600904928,0.624605172,0.619250782,0.619250782,0.999264426,0.79774375,0.809609684,0.303525251,0.781891098,0.000115752,0.491151875
0.634768196,0.721870911,0.705605225,0.622191153,0.622191153,0.999295393,0.797765193,0.809672569,0.303497939,0.781958747,0.000131826,0.477191482
0.506556818,0.545573485,0.565501365,0.604253448,0.604253448,0.999000979,0.797420448,0.809353456,0.303511716,0.781620922,0.000138764,0.465455491
0.5428265,0.567215438,0.590984528,0.611582756,0.611582756,0.999070307,0.797488374,0.809406186,0.303485371,0.781697834,0.000186984,0.486077351
0.489835714,0.532272133,0.536913111,0.611849407,0.611849407,0.998981913,0.797384895,0.809310881,0.30348948,0.781567027,0.000279725,0.463001267
0.475795837,0.519679459,0.51913914,0.607518125,0.607518125,0.998899875,0.797349065,0.809271952,0.303598486,0.781505694,0.000292329,0.463673956
0.398089017,0.428314435,0.44311794,0.597313308,0.597976333,0.998615629,0.794804292,0.806860307,0.299747014,0.779496566,0.000423692,0.463516268
0.537610296,0.559529001,0.577172225,0.608260425,0.608274838,0.999034141,0.797633493,0.809513598,0.303814323,0.781698115,0.000170101,0.479625576
0.566275045,0.59261884,0.613255528,0.621009239,0.620915551,0.999157661,0.797659086,0.809556043,0.303600903,0.781846326,0.000249312,0.487464667
0.496416906,0.500599651,0.533593875,0.597543925,0.597543925,0.998827311,0.797129518,0.809071058,0.303366697,0.781297693,0.000205024,0.468087533
0.421293814,0.473124727,0.463515177,0.598134882,0.598214157,0.998754285,0.797003905,0.808930575,0.303299988,0.781154254,0.000288744,0.454559942
0.51772047,0.577409507,0.573157021,0.627077358,0.627077358,0.999222829,0.797553255,0.809462301,0.303279685,0.781731659,0.000282963,0.481437307
0.364354312,0.403129089,0.387172761,0.610047709,0.610033295,0.998895137,0.79697513,0.808868601,0.302955083,0.781058114,0.000337312,0.45600765
0.532199093,0.593327519,0.578082338,0.623654132,0.623682959,0.999161936,0.797724659,0.809597966,0.303706525,0.781802396,0.000289438,0.47869287
0.463169697,0.483482338,0.505648054,0.593659465,0.594358523,0.998764454,0.797054123,0.8090001,0.303366213,0.781314535,0.000216703,0.46551756
0.506556818,0.590056694,0.558488142,0.607885671,0.607885671,0.999062565,0.797600568,0.809499016,0.303697824,0.781700641,0.00013541,0.466364712
0.664407936,0.741223288,0.728839874,0.633779674,0.633779674,0.999446182,0.798024304,0.809891561,0.303635708,0.782196362,0.000166979,0.50225376
0.537074051,0.591037942,0.58295412,0.617571599,0.617506738,0.99911953,0.797580093,0.809467508,0.303542653,0.781737273,0.000232776,0.478655964
0.54394774,0.602431313,0.587665293,0.66083397,0.660841177,0.999644461,0.798177724,0.809925282,0.303488755,0.782226257,0.000402762,0.495736561
0.604348462,0.667520715,0.655602548,0.622234394,0.622234394,0.999234615,0.797699204,0.809577004,0.303509782,0.781859519,0.000193344,0.492319435
0.521912933,0.558329699,0.575780288,0.610263913,0.610263913,0.999055517,0.797535271,0.809431704,0.303598003,0.781740501,0.000180624,0.472752741
0.577536197,0.646641954,0.641201349,0.630089797,0.630089797,0.999244552,0.797840588,0.809740793,0.303736496,0.782033835,0.000309559,0.480588477
0.529371618,0.601068469,0.587397612,0.626479194,0.626479194,0.999278639,0.797626852,0.809545887,0.303291528,0.781811379,0.000217512,0.490490929
0.472822113,0.530418666,0.526098828,0.602869744,0.602869744,0.998980411,0.797378946,0.809305803,0.303482229,0.781571659,0.000137145,0.459317414
0.537220299,0.554132141,0.592162321,0.607633434,0.607633434,0.999067534,0.797516872,0.809413997,0.303540962,0.781674957,0.000126275,0.486560479
0.545751475,0.604829917,0.591894641,0.631336572,0.63127171,0.99930325,0.797841003,0.809669575,0.303614438,0.781955519,0.00026978,0.46542194
0.552235168,0.581879634,0.602548316,0.617340982,0.617340982,0.999197062,0.79761122,0.809524144,0.303434856,0.7818358,0.000152525,0.470575308
0.569200019,0.635303096,0.625140532,0.613737586,0.613737586,0.999105664,0.797565152,0.809470243,0.303545554,0.781737694,0.00018629,0.480870302
0.39662653,0.425370693,0.427057123,0.608447801,0.608447801,0.998729327,0.797054261,0.808970675,0.303440173,0.781196921,0.00047781,0.446241078
0.54633647,0.611426079,0.59082392,0.626248577,0.626248577,0.99918389,0.797736141,0.809599919,0.303680664,0.781818396,0.000308634,0.524029759
0.524447911,0.572830353,0.579849028,0.608238804,0.608238804,0.999068227,0.797511061,0.809420507,0.30352936,0.78168408,0.00013541,0.465556143
0.440744893,0.472361535,0.479683067,0.605795702,0.605795702,0.998936966,0.79722193,0.809158941,0.303298779,0.781386395,0.000227573,0.464885131
0.53829279,0.592727867,0.605385727,0.623704579,0.623445135,0.999163207,0.797507741,0.809443813,0.303324883,0.78171215,0.00028435,0.476339297
0.61253839,0.692433493,0.675999786,0.625917064,0.625917064,0.999352127,0.797869225,0.809757067,0.303561506,0.782049835,0.000134948,0.494168072
0.568566275,0.621947231,0.627763799,0.625917064,0.625917064,0.999154772,0.79761288,0.809517634,0.303526218,0.781794256,0.000332339,0.497845214
0.475942086,0.524912778,0.522618984,0.62354603,0.62354603,0.998943783,0.797387385,0.809275598,0.303573591,0.781490536,0.000505563,0.480138899
0.477502072,0.556748801,0.527437229,0.601839173,0.601839173,0.998958919,0.797437741,0.809353976,0.303629665,0.781573624,0.000142117,0.461416002
0.495929411,0.541048844,0.552866856,0.613636691,0.613636691,0.99900225,0.797370092,0.809321427,0.303421079,0.781581624,0.000288051,0.460372579
0.5485302,0.615405582,0.61919803,0.615726661,0.615726661,0.999114908,0.797510785,0.809446677,0.30343123,0.781715378,0.00020884,0.475007339
0.533564081,0.605375055,0.590502704,0.611373759,0.611373759,0.999090412,0.797524204,0.809440818,0.303505915,0.781708922,0.00016351,0.449948416
0.528932872,0.587058439,0.576636865,0.61606538,0.61606538,0.999126925,0.797581338,0.809472196,0.303529602,0.781742887,0.000202248,0.457061138
0.459220982,0.524749237,0.509663258,0.608274838,0.608274838,0.999062565,0.797368571,0.809294476,0.303292253,0.781551167,0.000141655,0.458292444
0.563935066,0.619821195,0.62299909,0.605500223,0.605500223,0.999037607,0.797465686,0.809392124,0.303514133,0.781656431,0.000122112,0.465676925
0.491834446,0.554949847,0.546549601,0.600722121,0.600722121,0.998968279,0.797414361,0.809338353,0.303569482,0.781600431,0.000114943,0.460676212
0.600789743,0.676788051,0.659992505,0.622364116,0.622364116,0.999309952,0.797804897,0.809689104,0.303537336,0.781976572,0.000120262,0.496040194
0.603080973,0.655091583,0.65951068,0.608346906,0.608346906,0.999081977,0.797526555,0.809443162,0.303527668,0.781710887,0.000123384,0.471937462
0.57256374,0.622383341,0.619358638,0.620764208,0.619582294,0.999201338,0.797637228,0.809520759,0.303471111,0.781802817,0.000184209,0.475255613
0.547701458,0.56023768,0.592483538,0.609788264,0.609788264,0.999012418,0.797437188,0.80935632,0.303517275,0.781637062,0.00021624,0.470362262
0.633354458,0.707915395,0.702393062,0.626601709,0.626529642,0.999270781,0.797769896,0.809673741,0.303557639,0.781961554,0.000226185,0.487343885
0.587578609,0.655527693,0.651855024,0.657763877,0.657763877,0.999357557,0.797934106,0.809840654,0.303663261,0.782172643,0.000640511,0.537121193
0.475844586,0.546554732,0.533379731,0.602776056,0.602776056,0.998969203,0.797406476,0.809340306,0.303553772,0.781600571,0.000146858,0.456000939
0.650124311,0.724433057,0.715937684,0.625362141,0.625362141,0.999285572,0.797800055,0.809700692,0.303579633,0.781989063,0.00019265,0.480410659
0.578072442,0.599869167,0.636650784,0.61779501,0.61779501,0.999144835,0.797557129,0.80946191,0.303449599,0.781801273,0.000212077,0.475386461
0.523619168,0.594635848,0.577332834,0.608037014,0.608037014,0.999072965,0.797500963,0.809412565,0.303501806,0.781676501,0.000127316,0.468907845
0.427046263,0.447830353,0.464907115,0.615928451,0.615928451,0.998951871,0.797226218,0.809162196,0.303275093,0.781408571,0.000375356,0.451283729
0.601618486,0.627889228,0.643449863,0.627697142,0.627697142,0.999291349,0.797757584,0.809590285,0.303493105,0.781864852,0.000224335,0.490928764
0.614244625,0.645824248,0.684779699,0.62756742,0.62756742,0.999348314,0.797874343,0.809786492,0.303578183,0.782062046,0.000165129,0.525479144
0.556866377,0.561764065,0.597837143,0.612116058,0.612116058,0.99909099,0.797536378,0.809445505,0.303525976,0.781713975,0.000174727,0.480554926
0.542144006,0.56885085,0.588040045,0.626976463,0.626976463,0.999088217,0.797455725,0.809374938,0.303390867,0.781637904,0.00041606,0.498432349
0.590503583,0.654382904,0.654799507,0.62873492,0.62873492,0.999275403,0.797735035,0.809639499,0.303487304,0.781919028,0.000256944,0.522031823
0.496855653,0.565961622,0.55131431,0.620778622,0.620778622,0.998997281,0.797482148,0.809402931,0.303627248,0.78166808,0.000407619,0.470976238
0.644030615,0.713366768,0.715134643,0.621398406,0.621398406,0.999215203,0.797684264,0.809594841,0.303524526,0.781874958,0.000199589,0.482858173
0.56222883,0.644025294,0.633224477,0.619517433,0.619517433,0.999173837,0.797624501,0.809564505,0.30350664,0.781842256,0.00021069,0.468053983
0.628966997,0.713475796,0.696289951,0.612094438,0.612094438,0.999150728,0.797578295,0.809493418,0.303474011,0.781765343,0.000114711,0.472603441
0.522449179,0.560019625,0.570747899,0.619755257,0.619755257,0.999032523,0.797447286,0.809370121,0.303492622,0.781631027,0.000355929,0.468855842
0.58743236,0.623582643,0.625086996,0.632179766,0.632179766,0.999162052,0.797635706,0.809504485,0.303550871,0.781776572,0.000425658,0.459938099
0.216984351,0.188126908,0.245141603,0.599201487,0.599201487,0.996180124,0.793951008,0.806079643,0.303350986,0.778083369,0.002880736,0.45545071
0.631453225,0.715165722,0.71069115,0.627163839,0.627163839,0.999250907,0.797691596,0.809627261,0.303462893,0.781912572,0.00025625,0.481693968
0.445961098,0.506650676,0.49660046,0.619351677,0.619351677,0.998614589,0.797017324,0.808965467,0.303615647,0.781168289,0.000767711,0.461702859
0.484229513,0.529437418,0.538626265,0.614818605,0.614818605,0.99898226,0.797368432,0.809295908,0.303459992,0.78161208,0.00032702,0.521078986
0.561546336,0.606192761,0.62353445,0.62702691,0.62702691,0.99934115,0.797867288,0.8097654,0.303580842,0.782058958,0.000163741,0.58682469
0.495490664,0.554568251,0.542962685,0.608397354,0.608815348,0.999085444,0.79750871,0.809394858,0.303489238,0.781659098,0.000127431,0.455277925
0.535075318,0.591365024,0.584720809,0.618227418,0.618422001,0.999103816,0.797565152,0.809480919,0.303549421,0.781710045,0.000263304,0.469362455
0.442499878,0.386284344,0.491300391,0.608303665,0.608303665,0.998614358,0.796292974,0.808272427,0.302350594,0.781319307,0.000590671,0.469744932
0.584263638,0.671609246,0.654424755,0.622191153,0.621888468,0.99923242,0.797693394,0.809615152,0.303504707,0.781892642,0.000190106,0.483601319
0.506703066,0.575501526,0.559773007,0.618796754,0.618933683,0.999135476,0.797641655,0.80953482,0.303616855,0.781812361,0.00023983,0.470781644
0.516647979,0.579808112,0.567535735,0.61837876,0.61837876,0.999070538,0.797518117,0.809427668,0.303536853,0.781686466,0.000295914,0.482630029
0.502413104,0.556094636,0.545532416,0.61451592,0.614472679,0.99900976,0.797465547,0.8093696,0.303572141,0.781602957,0.000293948,0.465655117
0.553502657,0.612134758,0.608490819,0.610263913,0.610263913,0.999098963,0.797538176,0.809444854,0.303512683,0.781713273,0.000137261,0.472306518
0.475649588,0.542248147,0.53557471,0.63084651,0.63084651,0.99892518,0.797404401,0.809362439,0.303642233,0.781619659,0.000641204,0.456831316
0.570857505,0.638028783,0.622570801,0.626147682,0.625931478,0.999234384,0.79774043,0.80961346,0.303582292,0.781888712,0.000253013,0.49261468
0.559157607,0.618839948,0.611060549,0.624814425,0.624836045,0.999156736,0.797742367,0.809627,0.303748339,0.781911028,0.000313144,0.469511755
0.50631307,0.557893589,0.560736656,0.623509996,0.623509996,0.999029172,0.797522544,0.809430923,0.303631115,0.781691659,0.000419414,0.457163467
0.602008482,0.639991278,0.635312383,0.653504663,0.653504663,0.999628053,0.798118791,0.809837529,0.303420112,0.782201134,0.000301464,0.487723006
0.598108517,0.660270388,0.644574121,0.621888468,0.621888468,0.999226065,0.7976862,0.809556824,0.303504948,0.781827659,0.000196466,0.494070775
0.580851168,0.578772351,0.620482895,0.612289021,0.612289021,0.999168291,0.797617999,0.809517765,0.303506882,0.781778256,0.000100372,0.485059091
0.598644762,0.638464893,0.65110552,0.62583779,0.62583779,0.999372579,0.797899383,0.809741313,0.303571174,0.782016993,0.000113324,0.489492799
0.683274021,0.76166594,0.750414904,0.623704579,0.623697372,0.999315036,0.797796181,0.809687151,0.303511233,0.781971239,0.000136335,0.491432022
0.500950617,0.550970345,0.54954762,0.610335981,0.610335981,0.998998437,0.797423354,0.809344472,0.303521867,0.781603238,0.000238905,0.475820941
0.569200019,0.635521151,0.627656727,0.611582756,0.611582756,0.999119068,0.79757207,0.809480268,0.303529602,0.781748501,0.000138186,0.468314
0.597084776,0.632795464,0.655763156,0.620317387,0.62031018,0.999190823,0.797668354,0.80956099,0.303547971,0.781837063,0.000206411,0.482146901
0.522790426,0.588857392,0.580973286,0.618090488,0.618090488,0.999085675,0.797539421,0.809456832,0.303542412,0.78172001,0.000275909,0.477939659
0.555647638,0.621892717,0.623159698,0.621989363,0.621989363,0.999136862,0.797571931,0.809500709,0.303492138,0.781767589,0.000287357,0.471477819
0.564715059,0.588857392,0.616628299,0.61817697,0.61817697,0.999246748,0.797713592,0.809571797,0.303510024,0.781862186,0.000116215,0.510475328
0.627212012,0.708733101,0.692114139,0.619416538,0.619416538,0.99926512,0.797753019,0.809650826,0.303539995,0.781933765,0.000117602,0.48210664
0.500901867,0.517335369,0.546496065,0.600405022,0.600405022,0.998937774,0.797288057,0.809231981,0.303412619,0.781538255,0.000140267,0.472210899
0.558523863,0.594581334,0.605706944,0.611416999,0.611416999,0.999125423,0.797565429,0.809469592,0.303504707,0.781739098,0.000129166,0.479732937
0.495344416,0.535542957,0.542373789,0.612325055,0.612325055,0.998977523,0.797393057,0.809318563,0.303512924,0.78157629,0.000291867,0.471301678
0.495588164,0.54857174,0.537716152,0.616324825,0.616324825,0.999011147,0.797453097,0.809355799,0.303547487,0.781578396,0.000322279,0.463160632
0.407302686,0.467346271,0.453236255,0.606083974,0.60629297,0.99892518,0.796337796,0.808328412,0.301778735,0.780510042,0.000247346,0.462539946
0.51538049,0.482010467,0.55077895,0.603049914,0.603071535,0.998954182,0.797060071,0.808992679,0.302979978,0.781404079,0.000166632,0.525972338
0.522546678,0.563508504,0.566625622,0.608757693,0.608757693,0.999091452,0.7975895,0.809472196,0.303618064,0.78173587,0.000120609,0.49247209
0.627602008,0.630723942,0.6671128,0.624028885,0.624028885,0.99934219,0.797856082,0.809711108,0.303559089,0.782004362,0.000114596,0.528341008
0.552235168,0.588203227,0.599443225,0.623106415,0.623286585,0.999192672,0.797666003,0.809559428,0.303539753,0.781835519,0.000252319,0.493666491
0.52566665,0.543447449,0.57005193,0.604166967,0.604166967,0.999033216,0.797456832,0.809375589,0.303507849,0.781679448,0.000105229,0.505202855
0.47311461,0.486916703,0.510626907,0.584874386,0.584874386,0.998619904,0.796913154,0.808867429,0.303422529,0.781058956,0.000209186,0.464296319
0.488519475,0.272405146,0.515873441,0.615214979,0.615733868,0.999077818,0.795922221,0.80778614,0.300733387,0.781530536,0.000245959,0.515390487
0.508263053,0.555385957,0.557256812,0.622760489,0.622760489,0.999111557,0.797456417,0.809375199,0.303343252,0.781639168,0.000325054,0.488461119
0.358796861,0.377180549,0.394293056,0.613254731,0.613434901,0.99887561,0.796691256,0.808647135,0.302499964,0.780955798,0.00041155,0.460379289
0.482815775,0.531672481,0.524332138,0.620346214,0.619812912,0.999039918,0.797416298,0.809308538,0.303423012,0.781503448,0.000349453,0.481677193
0.389557841,0.376907981,0.416938808,0.55669583,0.556609349,0.998110918,0.795980601,0.807989769,0.30285792,0.780199304,0.000265154,0.45530812
0.454589772,0.505178805,0.511965309,0.592564032,0.592564032,0.998846376,0.797122878,0.809132901,0.303315215,0.78145615,0.000106039,0.461483103
0.502559353,0.546718273,0.552545639,0.607806397,0.607806397,0.999051935,0.797450745,0.809359835,0.303458059,0.78168408,0.000144893,0.484965149
0.555745137,0.539740515,0.589485518,0.606984822,0.606984822,0.999081862,0.797458215,0.809345514,0.303408752,0.781625694,0.000101644,0.507767796
0.582118656,0.638628434,0.632849724,0.631098747,0.631098747,0.999250907,0.797806418,0.809674001,0.303663261,0.781972502,0.000319388,0.498985934
0.498220641,0.549716529,0.54901226,0.616742818,0.616951815,0.999062681,0.797460429,0.80937611,0.303452258,0.781668782,0.000280765,0.484532347
0.498854385,0.572612298,0.562556882,0.660826763,0.659190821,0.999353629,0.797721201,0.809729075,0.303299504,0.782045204,0.000667338,0.496518289
0.493833179,0.545246402,0.54017881,0.601550902,0.601478834,0.998979602,0.797454203,0.809362439,0.303615405,0.781609975,0.000115636,0.468939718
0.480378297,0.534180113,0.529096847,0.60052033,0.600513124,0.998950947,0.797397345,0.809318953,0.303576008,0.781578536,0.000128935,0.450317472
0.513820504,0.579862625,0.564377108,0.620562418,0.620562418,0.999163207,0.797635983,0.809521931,0.303549179,0.781796642,0.000238096,0.477082442
0.49490567,0.515209333,0.537662616,0.593306332,0.593306332,0.998783403,0.797271871,0.809205682,0.30370725,0.781478185,0.000180855,0.487164389
0.538536538,0.606574357,0.592965362,0.614112339,0.614097926,0.999120686,0.797573315,0.809482481,0.303528152,0.781752852,0.000176924,0.481700679
0.529615366,0.583296991,0.582365223,0.625643206,0.625643206,0.999101967,0.797579678,0.809494199,0.303578667,0.781765764,0.000380907,0.479951016
0.494564423,0.552932839,0.544515231,0.61855893,0.61855893,0.999094456,0.797491555,0.809399806,0.303440173,0.781672291,0.000274752,0.487266719
0.501584361,0.548898823,0.556721452,0.606134421,0.606134421,0.999034256,0.797426812,0.809369991,0.303452983,0.781657273,0.000135642,0.470905782
0.499195632,0.467782381,0.53230901,0.588441748,0.588441748,0.998772657,0.797061732,0.809016765,0.303362588,0.781293483,0.000113555,0.467064241
0.552771413,0.551460968,0.592269393,0.604930887,0.604930887,0.999049855,0.797499302,0.809398504,0.303547246,0.78169994,0.000100719,0.501190207
0.490566958,0.552932839,0.539482842,0.629664596,0.62952046,0.999108438,0.797607208,0.809483523,0.30361323,0.781754957,0.000436643,0.530666063
0.544922732,0.569559529,0.592697682,0.612779083,0.612779083,0.99916078,0.797564737,0.809478966,0.30342978,0.781777694,0.000115752,0.483413435
0.516940477,0.573320977,0.565394293,0.615870797,0.615870797,0.999041651,0.797484362,0.809392645,0.303538303,0.781659238,0.000284581,0.478317103
0.385852874,0.448430004,0.44895337,0.604613788,0.604613788,0.998601301,0.79699685,0.809029264,0.30360767,0.781262465,0.000544532,0.472668864
0.365134305,0.379034017,0.396809251,0.614292509,0.614292509,0.99871188,0.797099083,0.809042414,0.30355498,0.781278325,0.000589052,0.424508694
0.591381075,0.606301788,0.634830558,0.625852203,0.625852203,0.999235424,0.79765369,0.809519197,0.303428813,0.781887028,0.0002507,0.496456221
0.501145615,0.542357174,0.551100166,0.603338186,0.603338186,0.998949676,0.79738614,0.809333796,0.303559089,0.781592571,0.000175305,0.464517752
0.405401453,0.425207152,0.442636115,0.597594373,0.597594373,0.998786292,0.797082068,0.80902666,0.303369597,0.781288851,0.000246768,0.465175344
0.48003705,0.545028347,0.546121313,0.616504994,0.616742818,0.998961115,0.797349341,0.809349159,0.303470869,0.781563518,0.000379056,0.507319896
0.557890118,0.590656345,0.602869533,0.615157324,0.615157324,0.999187934,0.797654935,0.80954107,0.303530327,0.781814466,0.000126622,0.501349572
0.578023692,0.652802006,0.636383104,0.628086309,0.628086309,0.999274826,0.797784837,0.809675173,0.303575766,0.781961554,0.000247231,0.488632227
0.496709404,0.531236372,0.542641469,0.629830352,0.629830352,0.998953489,0.797382543,0.809308668,0.30354507,0.781568431,0.000596684,0.478503309
0.519036708,0.587876145,0.574870175,0.621131755,0.621131755,0.999087177,0.797556852,0.809473237,0.303569724,0.781744571,0.00032332,0.462451037
0.416223858,0.453772351,0.450827132,0.609089206,0.609089206,0.998592057,0.79690928,0.808800768,0.303474011,0.781036499,0.000625478,0.520399587
0.438697411,0.481410816,0.485839713,0.598740253,0.598740253,0.998883352,0.797237009,0.809172611,0.303437273,0.781458395,0.00016802,0.457713696
0.522546678,0.58138901,0.588040045,0.613420487,0.613420487,0.999015191,0.797448116,0.809400587,0.303530569,0.781665554,0.00027163,0.481809718
0.493004436,0.554786306,0.54167782,0.603835455,0.603835455,0.999011147,0.797433037,0.809348118,0.303512441,0.781608992,0.000121881,0.458758797
0.517964218,0.575228958,0.566090262,0.613557417,0.613557417,0.999073889,0.79751203,0.809415169,0.303519209,0.781683799,0.0002152,0.473111732
0.46975089,0.536851287,0.519032068,0.611698064,0.611698064,0.999105896,0.797405784,0.809322859,0.303266633,0.78157615,0.000153334,0.478003405
0.494369424,0.543774531,0.549601156,0.602855331,0.602855331,0.998961808,0.797385725,0.809321427,0.303532744,0.78158022,0.000155531,0.460721505
0.413298884,0.436436982,0.453611007,0.59706107,0.59706107,0.99883979,0.797078056,0.809018197,0.303250681,0.781327307,0.000184671,0.46204172
0.563740067,0.645987789,0.63060121,0.621780366,0.621780366,0.99919868,0.797699481,0.809625308,0.303585434,0.781906256,0.000222022,0.523179252
0.596694779,0.637156563,0.644788265,0.607835224,0.607835224,0.999051242,0.797499994,0.809411524,0.303545312,0.781676782,0.000145933,0.468718284
0.491493199,0.451101177,0.517640131,0.56476023,0.56476023,0.998378064,0.796577678,0.80855144,0.303342527,0.780770394,0.000128472,0.468540466
0.52912787,0.581716092,0.572782269,0.615625766,0.615359114,0.999127734,0.797538591,0.809427408,0.303452983,0.781694606,0.000190106,0.462662406
0.518451714,0.530963803,0.565447829,0.606365038,0.606365038,0.998978678,0.797381436,0.809307236,0.303490205,0.78160422,0.000194963,0.488704361
0.561985083,0.624836459,0.620161679,0.623084795,0.623106415,0.999163091,0.797652584,0.809563334,0.303578425,0.781850396,0.000279031,0.484782299
0.594744796,0.653674226,0.657048022,0.655976592,0.655976592,0.999346118,0.797860648,0.809759151,0.303558606,0.782109625,0.000623165,0.513907551
0.40915517,0.465819887,0.453289791,0.595987258,0.595987258,0.998742962,0.797137127,0.809072229,0.30355643,0.781311588,0.000264345,0.453602073
0.560815093,0.619003489,0.615718186,0.622911832,0.622911832,0.99915431,0.797628236,0.809536122,0.303554013,0.781811659,0.000284697,0.484213617
0.502754351,0.555822067,0.556828524,0.614472679,0.614472679,0.998956493,0.79744784,0.809381969,0.303652626,0.781649554,0.000347256,0.478308716
0.515282991,0.581334496,0.564109428,0.6064299,0.6064299,0.999027786,0.797472603,0.809382359,0.303546762,0.781642536,0.000146743,0.466903198
0.518354214,0.549334932,0.564912469,0.614393404,0.614393404,0.998980989,0.797400666,0.809326244,0.303518967,0.781585132,0.000321469,0.466560982
0.543362746,0.577082425,0.591894641,0.623272172,0.623272172,0.999067072,0.797596556,0.809508781,0.303681147,0.781781765,0.000377784,0.499157042
0.600155999,0.610335805,0.655923765,0.619784085,0.619784085,0.999208964,0.79768537,0.809645618,0.303539511,0.781924782,0.000179815,0.498741015
0.549310194,0.550425207,0.589217838,0.610184638,0.610184638,0.999041305,0.797491832,0.809403582,0.30355208,0.781665133,0.00019346,0.484451826
0.347828207,0.320213694,0.374377643,0.616634717,0.616634717,0.998489567,0.796682402,0.808649739,0.303292012,0.780941903,0.000849234,0.429177256
0.497879394,0.537723506,0.551635527,0.621809193,0.621809193,0.998959959,0.797380883,0.809337962,0.303528393,0.781624992,0.00046139,0.480169095
0.412226393,0.474651112,0.467583918,0.599561827,0.599561827,0.99888416,0.797224697,0.809186803,0.30341407,0.781431729,0.000180393,0.464578143
0.577438697,0.648549935,0.630172921,0.627135012,0.627135012,0.999381129,0.799372017,0.811034173,0.306126415,0.783406751,0.000125466,0.476939852
0.544288987,0.616059747,0.600085658,0.624684703,0.624684703,0.999087061,0.797613018,0.809517504,0.303668337,0.781791589,0.00038056,0.466688475
0.614342125,0.666648495,0.667862305,0.62201819,0.62201819,0.999183774,0.797646082,0.809545497,0.303523559,0.781821765,0.000240871,0.482071412
0.544093989,0.606192761,0.602120028,0.611035039,0.611035039,0.99906453,0.797507465,0.809426757,0.303530569,0.781710887,0.000183862,0.466136568
0.544093989,0.575937636,0.594678516,0.616836507,0.616836507,0.999043038,0.79745365,0.80937611,0.303481745,0.781652782,0.000298573,0.476537245
0.603860966,0.676679023,0.661705659,0.61125845,0.61125845,0.999110402,0.797567781,0.809476101,0.303540236,0.781746957,0.000141655,0.480362011
0.412128894,0.488715656,0.474329461,0.449761455,0.449761455,0.9954962,0.793080016,0.806369853,0.303259624,0.7783913,0.001167466,0.459413033
0.534636572,0.578445268,0.580437925,0.629996108,0.629996108,0.999094225,0.797537346,0.809436652,0.303520901,0.781706115,0.000458499,0.47947292
0.301126115,0.398877017,0.381605011,0.432652532,0.432652532,0.995781371,0.79344067,0.806556947,0.303292978,0.778481405,0.000607439,0.451367605
0.527762882,0.573757087,0.627228438,0.649728304,0.649728304,0.997581365,0.797100467,0.80962036,0.305921938,0.781902467,0.002289024,0.455053136
0.356310632,0.394134322,0.400503239,0.594639588,0.594639588,0.998856314,0.797244064,0.809184199,0.303506157,0.781442816,0.000129282,0.438157067
0.628479501,0.673953336,0.678890733,0.626154888,0.626154888,0.999204804,0.797667939,0.809559818,0.303517758,0.781838186,0.000286316,0.485136257
0.533905328,0.60750109,0.592055249,0.619005751,0.619005751,0.999090412,0.797560726,0.809476883,0.303569724,0.7817478,0.000286085,0.50286438
0.539365281,0.602267771,0.594999732,0.617809424,0.617809424,0.999102314,0.797520192,0.809437172,0.303474011,0.78170822,0.000254863,0.480751197
0.405011456,0.456116441,0.44868569,0.604051658,0.604051658,0.99882812,0.797202977,0.809142275,0.303493589,0.781387097,0.000308518,0.458453486
0.535757812,0.575228958,0.58525617,0.621765952,0.621765952,0.999047313,0.797478413,0.809398764,0.303516067,0.781663589,0.000373275,0.461207988
0.344805733,0.344908417,0.371754377,0.599655515,0.599655515,0.998364198,0.796543785,0.808519802,0.303311831,0.780715516,0.00070226,0.463070045
0.400380247,0.444668556,0.441993683,0.619113853,0.619113853,0.998344555,0.796003012,0.808010861,0.30240836,0.780167445,0.001034253,0.44154903
0.448642324,0.469526821,0.496225708,0.619769671,0.619769671,0.998922638,0.797011376,0.808959869,0.302960884,0.781396921,0.000466131,0.469471495
0.551503924,0.611208024,0.607420097,0.63318151,0.63318151,0.999433241,0.798010747,0.809900415,0.303639091,0.782204362,0.000170333,0.55230115
0.437186175,0.492313563,0.4849296,0.595086409,0.595086409,0.998847879,0.797225942,0.809176648,0.30349238,0.781397764,0.000144893,0.468916233
0.473699605,0.534997819,0.530328176,0.603345393,0.60339584,0.999003752,0.797351278,0.809311532,0.303384824,0.781601273,0.000122228,0.465336386
0.50972554,0.566016136,0.554901226,0.612375503,0.612375503,0.999002596,0.797474678,0.80939577,0.303603078,0.781591027,0.000267467,0.465874873
0.535221567,0.514609682,0.572514589,0.600815809,0.600815809,0.998909465,0.797210309,0.809149306,0.303336001,0.781495448,0.000175074,0.495412798
0.410471408,0.4559529,0.453075646,0.613586244,0.613586244,0.998421394,0.796782837,0.808744783,0.303610087,0.780955236,0.000868546,0.438433859
0.574513723,0.64571522,0.634348734,0.621391199,0.621513715,0.999192903,0.797648572,0.809556173,0.303508816,0.781840291,0.000223641,0.509844577
0.495685663,0.563344963,0.547727394,0.618018421,0.618018421,0.999114331,0.797563631,0.809465686,0.303524768,0.781737975,0.000246306,0.477053924
0.481304539,0.526929786,0.528668558,0.617643667,0.617643667,0.998984109,0.797376594,0.809296169,0.303470385,0.781573764,0.000370384,0.465750736
0.487544484,0.532653729,0.536752503,0.612447571,0.612454777,0.998996588,0.797383788,0.809310621,0.30345685,0.781585975,0.000274868,0.48309135
0.514015502,0.55936546,0.559237647,0.607532539,0.607532539,0.999011378,0.797449638,0.809360747,0.303540962,0.781622185,0.000180971,0.474702029
0.372982986,0.409507196,0.408533647,0.631278917,0.631278917,0.998608696,0.796477796,0.808432309,0.302685347,0.780630604,0.000964987,0.450049068
0.536196558,0.607283035,0.593393651,0.626219749,0.626176509,0.999165518,0.797629896,0.809541851,0.303533469,0.781812501,0.000325864,0.484934954
0.520986691,0.578063672,0.573478238,0.620612866,0.620634486,0.999079666,0.797562662,0.809479747,0.303595586,0.781745273,0.000322857,0.47607928
0.491931946,0.558765809,0.541035387,0.602711195,0.603064328,0.998993353,0.797458907,0.809367907,0.303595102,0.781630045,0.000127316,0.46658279
0.48003705,0.53150894,0.528454414,0.626306231,0.626306231,0.998920442,0.797389183,0.809312053,0.303625556,0.781565062,0.00057321,0.483527507
0.528591625,0.563017881,0.571765084,0.649072486,0.649072486,0.999351087,0.797663513,0.809487429,0.303204033,0.781930677,0.000507413,0.519887941
0.496173158,0.566234191,0.548316291,0.616613096,0.616613096,0.99904142,0.797478551,0.809399155,0.303528635,0.781638045,0.000296608,0.492574419
0.60117974,0.61829481,0.641254885,0.62258032,0.62258032,0.999282221,0.797804897,0.809661763,0.303595102,0.781940221,0.000151368,0.488199425
0.613220884,0.674334932,0.66454307,0.621009239,0.621023653,0.999212661,0.797674718,0.809563594,0.303513166,0.781835659,0.000196004,0.481990891
0.489543216,0.499018753,0.527169549,0.58933539,0.58933539,0.998776817,0.79708857,0.809030176,0.303401018,0.781269061,0.000123731,0.465482331
0.465509677,0.514282599,0.512768349,0.609118033,0.609118033,0.998915127,0.797337582,0.809267916,0.303546521,0.781519167,0.000302621,0.43834495
0.556281383,0.595344527,0.60752717,0.60952882,0.60952882,0.999060601,0.797486852,0.80940267,0.303503015,0.78168394,0.000163626,0.470478012
0.568420026,0.579262974,0.61159591,0.615841969,0.615856383,0.999077009,0.797538729,0.809446417,0.303559331,0.781722256,0.00024885,0.4822291
0.496124409,0.532272133,0.532630226,0.615510457,0.615510457,0.999036221,0.797427504,0.80931049,0.303450324,0.781581904,0.000284119,0.469674476
0.52576415,0.571412996,0.580919749,0.61642572,0.61642572,0.999060717,0.797464856,0.80939564,0.303464343,0.781674396,0.000274174,0.479409174
0.563593819,0.572394243,0.604100862,0.614184407,0.614184407,0.999174068,0.797625192,0.809509692,0.303507365,0.781795098,0.000124887,0.515112017
0.551016429,0.618131269,0.602601852,0.617470704,0.617470704,0.999173606,0.797625054,0.809519067,0.303508332,0.781787519,0.000178196,0.479498083
0.547652708,0.569177933,0.594036083,0.606235316,0.606235316,0.999058868,0.797499579,0.809420377,0.303528877,0.781686887,0.00011263,0.472192446
0.494515673,0.532163105,0.539964666,0.60665331,0.60665331,0.999018889,0.797391397,0.809311532,0.303423496,0.781572501,0.000159347,0.493258851
0.433773704,0.470453554,0.475935543,0.60800098,0.60800098,0.998841986,0.797203392,0.809140713,0.303465068,0.781384992,0.000357895,0.475321037
0.488958222,0.503924989,0.536484823,0.613384454,0.613384454,0.998959151,0.797301614,0.809230029,0.303391592,0.781578115,0.000327136,0.469042047
0.465509677,0.532326646,0.517158306,0.607107338,0.605637152,0.998900106,0.797403986,0.809329369,0.303693957,0.781591869,0.000261917,0.462331933
0.540486521,0.53995857,0.579474276,0.605990285,0.605997492,0.999003983,0.797449638,0.809363611,0.30355643,0.781616992,0.000163741,0.47740285
0.515867986,0.562690798,0.56218213,0.609608095,0.609608095,0.999106242,0.797609836,0.809497063,0.303622414,0.781762396,0.000119337,0.471085277
0.608248428,0.617804187,0.651480272,0.625023422,0.624980181,0.999342767,0.797839758,0.809713191,0.30352936,0.781999449,0.000129282,0.497419122
0.557256374,0.599651112,0.605385727,0.623733406,0.623697372,0.999238544,0.797701418,0.809587941,0.303505432,0.781865273,0.000212887,0.496295178
0.526251645,0.54143044,0.569516569,0.603186843,0.603186843,0.999008027,0.797448946,0.809367777,0.303546762,0.781651519,0.00011448,0.468064048
0.48798323,0.466801134,0.521708871,0.582157425,0.582207873,0.998605923,0.796769971,0.808732675,0.303201616,0.78105671,0.000180393,0.466260705
0.49144445,0.558166158,0.540500027,0.621708298,0.621708298,0.999191978,0.797639718,0.809516072,0.30349528,0.781754957,0.000227688,0.491415247
0.535660313,0.586513301,0.585630922,0.622702835,0.622702835,0.999145297,0.797530844,0.809441209,0.30340271,0.781705273,0.000290363,0.478404335
0.333105835,0.386120802,0.364312865,0.621311924,0.621326338,0.99884499,0.796605761,0.808552612,0.302414645,0.780662744,0.000568816,0.463041527
0.487641983,0.545846053,0.525349323,0.61685092,0.616959022,0.999052744,0.7975112,0.809374287,0.303561989,0.781542466,0.000290826,0.467792288
0.442694876,0.444450502,0.475667862,0.575894723,0.575815448,0.998527235,0.796703706,0.80867031,0.303250198,0.780876078,0.000156456,0.457581171
0.454541023,0.508722198,0.504684405,0.59050289,0.59052451,0.998796229,0.797177938,0.80914501,0.303516308,0.781385132,0.000123269,0.467782223
0.497343148,0.554786306,0.546121313,0.609182894,0.609182894,0.999044771,0.797490587,0.809392645,0.303542653,0.781671027,0.000173917,0.47652047
0.541266514,0.518698212,0.570159002,0.598480808,0.598480808,0.998928762,0.797310883,0.809180423,0.303471352,0.781425132,0.000118412,0.480363688
0.629454492,0.70508068,0.692649499,0.636071434,0.636071434,0.999281065,0.798046992,0.809924892,0.304020492,0.782229906,0.000368996,0.48793773
0.515867986,0.564162669,0.558541678,0.619957048,0.620000288,0.999122534,0.797546061,0.809425194,0.303476911,0.781690396,0.00026978,0.482156966
0.505484327,0.557893589,0.548155683,0.663940097,0.66602286,0.999284416,0.797888454,0.80964028,0.303736254,0.781945695,0.000846112,0.47343885
0.49027446,0.538541212,0.538947481,0.602920192,0.602898572,0.998997974,0.797404124,0.809328328,0.30348948,0.781609834,0.000120031,0.466341226
0.481987033,0.542902311,0.533486803,0.604404791,0.604404791,0.998996357,0.797422523,0.809348118,0.303524768,0.781605624,0.000145818,0.471268128
0.505776824,0.56972307,0.555543659,0.622392943,0.622392943,0.999095612,0.797571793,0.809469592,0.303578183,0.781723519,0.00033523,0.474988886
0.477989568,0.499400349,0.517586595,0.588528229,0.588528229,0.998672131,0.797162167,0.809101784,0.303748581,0.781303869,0.000215546,0.460892613
0.541900258,0.605647623,0.598104824,0.614998775,0.614998775,0.999134089,0.797590607,0.809500579,0.303530569,0.781788501,0.000177965,0.468077468
0.532004095,0.587930659,0.585577386,0.623935197,0.623935197,0.99910578,0.797585074,0.809499667,0.303580117,0.781771519,0.000349685,0.475945078
0.550577682,0.618131269,0.603779646,0.626702605,0.626702605,0.999301286,0.797686339,0.809577395,0.303348086,0.781851238,0.000198317,0.492547579
0.51308926,0.495529874,0.545853632,0.593335159,0.593335159,0.998855967,0.797213491,0.809144359,0.303453708,0.781384851,0.000108814,0.462756347
0.522156681,0.58356956,0.570266074,0.635213826,0.635242653,0.999258996,0.797775015,0.809627521,0.303591235,0.781910186,0.000377669,0.51470941
0.519231707,0.560564762,0.567642807,0.610530564,0.610530564,0.999121379,0.797545508,0.80946165,0.303478362,0.781719308,0.00011899,0.468428072
0.496758153,0.556912342,0.549065796,0.617903112,0.617903112,0.998993815,0.797456555,0.809379104,0.303589785,0.781642396,0.000364949,0.466931716
0.448106079,0.502180549,0.509074362,0.612490811,0.612490811,0.998844412,0.797247938,0.80923133,0.303537819,0.781482255,0.000427624,0.435623999
0.482669527,0.542084605,0.533700948,0.630183485,0.630183485,0.998983184,0.797403986,0.809329369,0.303520175,0.78158822,0.000572632,0.465161923
0.549212694,0.622546882,0.599550297,0.625218005,0.625218005,0.999203417,0.797723414,0.809605648,0.30361758,0.781839589,0.000272555,0.521686252
0.477843319,0.512756215,0.521976551,0.601471627,0.601471627,0.998903919,0.797238946,0.809182637,0.303397634,0.781416009,0.000191263,0.461323738
0.398917759,0.440361971,0.438781519,0.598430361,0.598430361,0.998690388,0.796951751,0.808903754,0.303342527,0.781129973,0.00035616,0.46234032
0.454102277,0.493621893,0.499544944,0.611157555,0.611164762,0.998876072,0.797251811,0.80919136,0.303478603,0.781440009,0.000374778,0.476116186
0.550528933,0.580462276,0.594999732,0.614883466,0.614883466,0.999179615,0.797645943,0.809532217,0.303532019,0.781807308,0.000130669,0.471808292
0.530980354,0.600359791,0.584720809,0.626630537,0.62662333,0.999239815,0.797711655,0.809600831,0.303520901,0.781881414,0.000258679,0.478744873
0.442597377,0.454808112,0.480057819,0.631891495,0.631891495,0.998672131,0.797015664,0.808963905,0.30349238,0.781208851,0.000911331,0.435115708
0.520450446,0.589457043,0.576422721,0.624389224,0.624389224,0.999122419,0.797583137,0.809497975,0.303541928,0.781770677,0.000340318,0.477921206
0.48686199,0.545464457,0.533326195,0.616533821,0.616533821,0.999007565,0.797455448,0.809357622,0.303559089,0.781613062,0.000329333,0.465076369
0.461122215,0.516354121,0.508110713,0.598898802,0.598898802,0.998928762,0.797342839,0.809268697,0.303526943,0.781523378,0.000125119,0.464975718
0.556330132,0.597197994,0.604743295,0.615128497,0.615128497,0.999072618,0.797511061,0.80942259,0.303520175,0.781689273,0.000241565,0.468431427
0.499731877,0.562636284,0.549708228,0.606480347,0.606480347,0.999021777,0.797446318,0.809362049,0.303513408,0.781623729,0.000153681,0.474581247
0.481840784,0.539413432,0.532201938,0.609723403,0.609723403,0.998986882,0.797401911,0.809328718,0.303508816,0.781586536,0.00024064,0.475270711
0.527519134,0.533198866,0.568392312,0.599857306,0.599857306,0.998959613,0.797385587,0.809312574,0.303537578,0.781573904,0.000109623,0.469573824
0.4571735,0.530418666,0.514856256,0.617261707,0.617261707,0.999172913,0.79735612,0.809305934,0.303039436,0.781563518,0.000175421,0.463590079
0.478184566,0.514773223,0.527437229,0.600354574,0.600354574,0.998936041,0.797355013,0.809289268,0.303533227,0.781545553,0.000141077,0.469152764
0.35767562,0.395824248,0.394132448,0.596059326,0.596059326,0.998726438,0.796744517,0.808708718,0.302905052,0.780929833,0.000282037,0.464527818
0.523716667,0.585259485,0.574067134,0.620576832,0.620576832,0.99913952,0.797598908,0.809494069,0.303533469,0.781766326,0.000261917,0.473923656
0.550041437,0.586295246,0.595963381,0.608411767,0.608411767,0.999016,0.797455864,0.809371683,0.303541928,0.781634255,0.000190453,0.468881005
0.572709989,0.61011775,0.608812035,0.614407818,0.615056429,0.999144951,0.797569441,0.809443552,0.303471111,0.781726747,0.00016802,0.472521242
0.451616048,0.472361535,0.491782215,0.615741074,0.615741074,0.998669243,0.797031297,0.808974712,0.303525735,0.781237061,0.000655081,0.440614647
0.538780286,0.596925425,0.59259061,0.622133499,0.62219836,0.999117912,0.797587425,0.809498626,0.303558847,0.781770536,0.00030979,0.481762747
0.578559938,0.606519843,0.638685154,0.652358783,0.652358783,0.999318849,0.797666279,0.809576223,0.303276301,0.782012502,0.000592637,0.497633846
0.407010189,0.464075447,0.452326142,0.600642846,0.600642846,0.998674673,0.797076257,0.809020932,0.303592685,0.781256289,0.000407272,0.453716145
0.522985424,0.576101177,0.575298464,0.620800242,0.620800242,0.999112366,0.797515488,0.809434308,0.303444765,0.781701624,0.000292792,0.479045151
0.495929411,0.536742259,0.542695005,0.618227418,0.618227418,0.99900768,0.797400527,0.80932338,0.303463135,0.781583027,0.000356276,0.476339297
0.522107932,0.58547754,0.573049949,0.606948789,0.606948789,0.999049046,0.797482425,0.809394207,0.30351945,0.781660922,0.000133907,0.470739706
0.526202896,0.545409943,0.567482199,0.621304718,0.621304718,0.998986882,0.797408689,0.809327937,0.303520659,0.781587238,0.000426467,0.466109727
0.536537805,0.589729612,0.591145136,0.632403177,0.632403177,0.999181695,0.797707781,0.809625438,0.303635708,0.78190794,0.000409584,0.476495307
0.578364939,0.563781073,0.619626318,0.612389916,0.612389916,0.999109478,0.797554915,0.80948183,0.303519692,0.781759729,0.000160619,0.516730832
0.568127529,0.56519843,0.606456448,0.614119546,0.614119546,0.999104625,0.79755865,0.809458525,0.303536369,0.781718606,0.000193344,0.474005855
0.376785453,0.398822503,0.409229616,0.62392799,0.62392799,0.998663812,0.796966968,0.808909483,0.303424463,0.781135587,0.000791763,0.445484512
0.501584361,0.549607501,0.554044649,0.623718993,0.623718993,0.999006063,0.797443966,0.80938262,0.30354217,0.781646185,0.000445894,0.484448471
0.46975089,0.555331444,0.513517854,0.607928912,0.607928912,0.999070538,0.798273456,0.809937781,0.304856529,0.781466816,0.000128125,0.464076562
0.606493443,0.695377235,0.678783661,0.631350985,0.631350985,0.999249983,0.797733098,0.809654602,0.303537094,0.781939379,0.00032436,0.485659646
0.58631112,0.652638465,0.646233738,0.622061431,0.622061431,0.999210466,0.797682327,0.809591326,0.303531052,0.781871028,0.000214853,0.476478532
0.661872959,0.71353031,0.710048718,0.613752,0.613752,0.999179268,0.797641378,0.809530915,0.303524768,0.781804642,0.000112746,0.465552788
0.532881587,0.602158744,0.589539055,0.606545208,0.606545208,0.999034718,0.797467346,0.809388999,0.303522834,0.781653062,0.00014177,0.460580593
0.558377614,0.614151766,0.613790888,0.616814886,0.616814886,0.999093416,0.797498749,0.809418554,0.3034554,0.781684922,0.000247809,0.47064241
0.488958222,0.546500218,0.537769688,0.606581242,0.606581242,0.999003059,0.797430132,0.809346295,0.303524284,0.781607589,0.000174033,0.447304631
0.533466582,0.582370257,0.584720809,0.627250321,0.627250321,0.99912785,0.797557959,0.80946881,0.303486821,0.781749905,0.000380791,0.463157277
0.535221567,0.585695595,0.587129932,0.620627279,0.620598452,0.999176264,0.797464994,0.809386786,0.303222886,0.781647589,0.000225607,0.485043993
0.699897626,0.713475796,0.740403662,0.639638796,0.639638796,0.99931261,0.797764916,0.809635072,0.303461684,0.781918747,0.000394667,0.501300923
0.512601765,0.563126908,0.559612399,0.604584961,0.604584961,0.998975327,0.797424322,0.809342519,0.303572141,0.781602957,0.000169639,0.463918875
0.56690879,0.611480593,0.615825258,0.625009008,0.625009008,0.999163785,0.797590469,0.809491335,0.30346821,0.781763378,0.000308749,0.490831467
0.548432701,0.624236808,0.608544355,0.622277634,0.622277634,0.999152692,0.79761288,0.809527399,0.303530569,0.781802256,0.000276024,0.479318588
0.549115195,0.598506324,0.596605814,0.619921014,0.619921014,0.999121494,0.797535409,0.809438214,0.303460476,0.781705554,0.000269549,0.474260839
0.47423585,0.538813781,0.528668558,0.607373989,0.607373989,0.998987113,0.797384203,0.809318563,0.303477636,0.781577132,0.000202826,0.457868029
0.503826842,0.601068469,0.6100969,0.622976693,0.622976693,0.99898538,0.797404954,0.809478315,0.303517275,0.781749343,0.000454798,0.472459173
0.53371033,0.570268208,0.582900584,0.632806757,0.632806757,0.999011262,0.797510508,0.809429621,0.303647792,0.781700782,0.000586624,0.470843713
0.494954419,0.523822503,0.539001017,0.621600196,0.621600196,0.99894644,0.797366357,0.809293435,0.303531052,0.78154836,0.000471566,0.468842421
0.587919856,0.557675534,0.624230419,0.620958792,0.620973205,0.999006063,0.797407444,0.809332624,0.303478362,0.78159229,0.000401952,0.4751969
0.435284941,0.402638465,0.445955351,0.625917064,0.625917064,0.998781786,0.797122048,0.809022234,0.303448874,0.781257693,0.00070573,0.462695956
0.504265588,0.53821413,0.550618341,0.631235677,0.631235677,0.9989781,0.797403017,0.809328458,0.30352936,0.781587799,0.000594718,0.464764349
0.443036123,0.489478849,0.487767011,0.621376785,0.621376785,0.998645093,0.796872758,0.808829411,0.303299263,0.781039166,0.000769677,0.457586204
0.464437186,0.53952246,0.51330371,0.637166866,0.637166866,0.998833089,0.797484362,0.809405014,0.303974811,0.781432992,0.000835011,0.476381235
0.532052845,0.592291758,0.58675518,0.629988902,0.629988902,0.99938864,0.797956103,0.809848987,0.303636433,0.782148923,0.000163741,0.526049504
0.48686199,0.536851287,0.534664597,0.605031782,0.605031782,0.998986189,0.797397761,0.809320906,0.303503015,0.78157629,0.000165938,0.464579821
0.474089602,0.544210641,0.520798758,0.600102336,0.600008648,0.998925757,0.797447148,0.80935645,0.30371571,0.781547238,0.000145933,0.475529051
0.377760445,0.398222852,0.406445741,0.583396993,0.583396993,0.997951117,0.795945324,0.807956568,0.303130557,0.780012778,0.000854785,0.4566384
0.507629308,0.501798953,0.54344451,0.572471497,0.572471497,0.998487371,0.796988411,0.808966509,0.303831242,0.781082535,0.000142811,0.47036394
0.398625262,0.445649804,0.44081589,0.612483605,0.612483605,0.998312664,0.796684062,0.808651822,0.303664953,0.780856569,0.000959667,0.403643592
0.56339882,0.641027039,0.626318325,0.623192897,0.623120829,0.999199142,0.797662129,0.809578437,0.30351945,0.781856712,0.000243184,0.486117612
0.50402184,0.570976886,0.554526474,0.618321106,0.618313899,0.999130854,0.797597801,0.809487949,0.303549904,0.781759028,0.000234395,0.471108763
0.471700873,0.509430877,0.516034049,0.619690396,0.619690396,0.998953027,0.797316555,0.809235367,0.303430505,0.781515238,0.000434446,0.465738993
0.496611905,0.553041867,0.542266717,0.615618559,0.615841969,0.999006525,0.797490587,0.80938952,0.303622656,0.781630887,0.000319157,0.475721966
0.516111734,0.562799826,0.5642165,0.60973061,0.60973061,0.999019697,0.797461674,0.809377412,0.303544587,0.78164015,0.000207914,0.468142892
0.467167162,0.519079808,0.51480272,0.598127676,0.599410484,0.998960537,0.797265369,0.809192922,0.303325124,0.781454325,0.000101529,0.456016037
0.400721494,0.450447013,0.442636115,0.634932761,0.634932761,0.998349986,0.796624022,0.808588025,0.303481745,0.780768429,0.001282524,0.436380564
0.543313996,0.610226777,0.597997751,0.629217775,0.629102466,0.999200644,0.7976779,0.809576093,0.30354362,0.781853484,0.000337659,0.478879075
0.479013309,0.529382904,0.526580652,0.616375272,0.616389686,0.998911661,0.797368017,0.809291221,0.303606945,0.781544431,0.000422883,0.46394236
0.470043387,0.545246402,0.52824027,0.600347367,0.600268093,0.998970705,0.797399974,0.809337311,0.303539511,0.781597343,0.000105229,0.466178506
0.472334617,0.516081553,0.520691686,0.627235907,0.627235907,0.998903226,0.797280309,0.80921141,0.303471352,0.781518746,0.000605357,0.488680875
0.509286794,0.540231138,0.55538305,0.648113983,0.648113983,0.99930637,0.797472741,0.809339915,0.302964268,0.781814326,0.0005369,0.46745846
0.524155414,0.582751853,0.572514589,0.620158838,0.620158838,0.999091337,0.797535133,0.809436391,0.303523318,0.781697694,0.000303546,0.468374391
0.566957539,0.566615787,0.605439263,0.61357183,0.61357183,0.999174993,0.797608868,0.809496673,0.303477153,0.781768571,0.000114133,0.480861914
0.576804953,0.58356956,0.610792869,0.619740844,0.619740844,0.999248134,0.797722446,0.809556824,0.303522351,0.78184787,0.00013992,0.476733516
0.532686589,0.588748365,0.580330853,0.610941351,0.610941351,0.999136516,0.797604856,0.809496022,0.303550388,0.781753835,0.000110433,0.473509306
0.611027154,0.669210641,0.661812731,0.621340752,0.621340752,0.999211852,0.797669185,0.809557996,0.303505432,0.781832712,0.000201901,0.477870881
0.418173841,0.45813345,0.457840355,0.6099324,0.6099324,0.99878583,0.79716853,0.80909918,0.303521626,0.781340641,0.000445201,0.464101725
0.540047775,0.594690362,0.590716848,0.611244036,0.611244036,0.999075276,0.797514243,0.809424283,0.303520175,0.781693905,0.000176577,0.474675189
0.546092722,0.569668556,0.590449168,0.617420257,0.617420257,0.999091568,0.797521437,0.809430012,0.303498664,0.781697273,0.000259373,0.473569697
0.48340077,0.531181858,0.533326195,0.613694346,0.613694346,0.999004792,0.797380745,0.809307496,0.303434372,0.781581343,0.000286432,0.467901328
0.522741676,0.579535543,0.575566144,0.619113853,0.619113853,0.99907516,0.797524895,0.809443422,0.303539028,0.781705694,0.000303083,0.483886498
0.583483645,0.596380288,0.626425398,0.619221955,0.619221955,0.99925888,0.797725212,0.809605778,0.303504707,0.781896993,0.000120724,0.496488094
0.549943938,0.614478849,0.602280636,0.617067124,0.617067124,0.999172104,0.797623532,0.809520889,0.303508574,0.781791308,0.000173108,0.481012892
0.517476722,0.541212386,0.565019541,0.604469652,0.604469652,0.998997974,0.797412425,0.809348508,0.303503982,0.78162822,0.000145239,0.467802354
0.421586311,0.459169211,0.466995021,0.595951224,0.595951224,0.99880709,0.797044854,0.80901312,0.303261074,0.781247868,0.000199589,0.468678024
0.425973773,0.452518535,0.456769634,0.610991799,0.610991799,0.998790105,0.797137404,0.809040071,0.303458301,0.781276781,0.000457921,0.467089404
0.438209916,0.489369821,0.479950747,0.615647386,0.615647386,0.998784328,0.797207819,0.809133162,0.30359341,0.781340781,0.000538519,0.466586145
0.425730025,0.55980157,0.474382997,0.600491503,0.600541951,0.998904266,0.7974845,0.809405144,0.303825925,0.781271447,0.000175999,0.459969972
0.499829376,0.575610554,0.551207238,0.604750717,0.604757924,0.999023973,0.797459875,0.809381839,0.303532502,0.781619378,0.000123847,0.468211671
0.447228587,0.50452464,0.492906473,0.596167428,0.596830453,0.998889938,0.797278649,0.80921141,0.303496247,0.781451237,0.000130901,0.462716087
0.405986448,0.460586568,0.452165533,0.594171147,0.594149527,0.998863131,0.797138926,0.809093582,0.303308206,0.781330255,0.000114596,0.455074944
0.520401696,0.577954645,0.568178168,0.607280301,0.607691088,0.999037261,0.797498472,0.809397592,0.303572141,0.78165994,0.000157613,0.466146633
0.608930922,0.66234191,0.645644842,0.620793035,0.619430952,0.999222367,0.79767209,0.809532607,0.303488271,0.78180394,0.000160735,0.469724801
0.431287476,0.497764937,0.483912415,0.595799882,0.595799882,0.998899413,0.797303412,0.809240574,0.303519934,0.781486185,0.000104767,0.45733793
0.509043046,0.579372002,0.558862894,0.615726661,0.616404099,0.999105202,0.797637643,0.809517634,0.303673171,0.781758185,0.000229423,0.468844099
0.535660313,0.604175752,0.5832218,0.612901598,0.612851151,0.99907724,0.797570133,0.809469071,0.303613713,0.781706677,0.000200398,0.465834612
0.556768878,0.59583515,0.604903903,0.624475706,0.624475706,0.999311339,0.79773711,0.809583384,0.303415762,0.781933765,0.00015264,0.480992761
0.565056306,0.617368077,0.599710905,0.6068551,0.60683348,0.99905078,0.797774047,0.809586509,0.304025326,0.781865414,0.000130207,0.467793966
0.544727734,0.600741387,0.590770384,0.6149195,0.6149195,0.999124614,0.797569579,0.809454359,0.303513408,0.781725905,0.000186059,0.477433046
0.620045825,0.70055604,0.686171637,0.62316407,0.624547774,0.999232882,0.797765054,0.809665669,0.303628698,0.781952853,0.000232314,0.477758486
0.519231707,0.568305713,0.570426682,0.60454172,0.60454172,0.999004561,0.797439816,0.809353846,0.303538061,0.781615168,0.000139805,0.45517895
0.520499196,0.57730048,0.571336795,0.61224578,0.61224578,0.999058752,0.797459737,0.809369209,0.303459267,0.781631729,0.000209071,0.460352449
0.51767172,0.585695595,0.575566144,0.611777339,0.611654824,0.999010107,0.797477306,0.809398764,0.30359196,0.781660922,0.000248503,0.476154769
0.530346609,0.584223724,0.578885379,0.610804422,0.610018882,0.999075853,0.797504559,0.809401889,0.303502048,0.781680571,0.000156456,0.466777384
0.754643397,0.809256433,0.810268216,0.640654953,0.640654953,0.999375814,0.797873098,0.809731028,0.303518484,0.782021765,0.000347719,0.49013697
0.555940136,0.618785434,0.603672573,0.630306,0.630306,0.999299091,0.797846122,0.809682464,0.30363184,0.781975309,0.000258448,0.469560404
0.491346951,0.555331444,0.540660635,0.604779544,0.604599374,0.999009298,0.797429717,0.809342389,0.303510507,0.781602817,0.000135989,0.459676405
0.497440647,0.552387702,0.54574656,0.612015163,0.612757463,0.999015075,0.797411595,0.809333535,0.303467002,0.781596641,0.000261107,0.45718863
0.55657388,0.607392063,0.596605814,0.612764669,0.612793497,0.999159625,0.797665588,0.809515031,0.303608154,0.781786396,0.000117024,0.465057917
0.529274119,0.577627562,0.580973286,0.607611813,0.607611813,0.999014844,0.797446456,0.809366215,0.303528152,0.781641133,0.000178774,0.46496062
0.605810949,0.681803314,0.66887949,0.616742818,0.616742818,0.999193827,0.797729363,0.809628432,0.303648034,0.781912712,0.000146165,0.477082442
0.598547263,0.643752726,0.631993147,0.618479655,0.617355396,0.999122188,0.797591576,0.809459697,0.303557155,0.781729273,0.000227573,0.469516788
0.526544143,0.59349106,0.571015579,0.610559391,0.610458496,0.999095959,0.79755284,0.809436912,0.303544345,0.781688291,0.000143158,0.450523808
0.634036952,0.667139119,0.663151132,0.62700529,0.629570908,0.999311339,0.797788434,0.809601872,0.303505432,0.78187173,0.000234511,0.480351946
0.53829279,0.56563454,0.596873494,0.625001802,0.625001802,0.999144604,0.797480211,0.809397462,0.303315456,0.781769975,0.000327945,0.467131342
0.546482718,0.611753162,0.598265432,0.6248937,0.623214517,0.999121032,0.797608176,0.809499277,0.303588576,0.781771238,0.000322857,0.45676757
0.487008239,0.558002617,0.533219123,0.607633434,0.607446057,0.999009414,0.797437879,0.809351633,0.303524526,0.781584852,0.000181665,0.457881449
0.427923756,0.525294374,0.510626907,0.60397959,0.60397959,0.998874339,0.797296495,0.809291742,0.303560056,0.781536852,0.000261107,0.433964923
0.579681178,0.620148277,0.613094919,0.61298808,0.61298808,0.999103354,0.797560034,0.809431314,0.303541445,0.781698677,0.000176461,0.460318898
0.519670453,0.586840384,0.577225762,0.609658542,0.609658542,0.999031368,0.797457939,0.809379625,0.30351365,0.781648712,0.000194963,0.452822023
0.475552089,0.598506324,0.587932973,0.614378991,0.613297972,0.998843141,0.797381575,0.80948183,0.303773959,0.781753133,0.000441847,0.455903643
0.451664798,0.519952028,0.513839071,0.601291457,0.601291457,0.998886702,0.797308531,0.80927729,0.303555222,0.781531518,0.000205717,0.458950035
0.599327256,0.645933275,0.630761818,0.62453336,0.62453336,0.999282798,0.797693671,0.809531696,0.303399568,0.781803379,0.000182127,0.474376588
0.439526154,0.493185783,0.49049735,0.594077459,0.594077459,0.998800851,0.797273669,0.809209197,0.303673896,0.781455308,0.000175767,0.461902485
0.562082582,0.614315307,0.594999732,0.600599605,0.600599605,0.998976252,0.797543018,0.809419986,0.303777585,0.781685484,0.000104882,0.461503233
0.493833179,0.54143044,0.543819262,0.610667493,0.610667493,0.998983184,0.797416021,0.809324161,0.303541203,0.78161222,0.000259488,0.463509558
0.396919027,0.439980375,0.44285026,0.592852304,0.592852304,0.998548611,0.7966676,0.808636849,0.303142642,0.780842253,0.000408659,0.450074231
0.499195632,0.533907545,0.543390974,0.605932631,0.605932631,0.998983184,0.797392089,0.809311923,0.303499389,0.781574466,0.000183515,0.4627748
0.557110125,0.627725687,0.611756518,0.628425028,0.62646478,0.99911537,0.797596971,0.809497193,0.303580842,0.781762396,0.00038056,0.45445258
0.471018379,0.530963803,0.523207881,0.604664236,0.604498479,0.998948636,0.797335646,0.809278592,0.303473044,0.781534606,0.000195079,0.461847127
0.395651538,0.463693851,0.45098774,0.594372937,0.594372937,0.998880925,0.797073075,0.80905296,0.303156177,0.781290816,0.000100488,0.459062429
0.43313996,0.503870475,0.479201242,0.598898802,0.598754666,0.998836208,0.79722691,0.8091454,0.303518,0.781314395,0.000215315,0.4629241
0.373957978,0.450337985,0.41624284,0.595446749,0.596001672,0.998903457,0.797184855,0.809123136,0.303304097,0.781316219,0.000103957,0.459505297
0.442499878,0.507195813,0.494940843,0.598906009,0.598812321,0.998926797,0.797298294,0.809235757,0.303453467,0.78148408,0.000125813,0.454061716
0.436406181,0.490133014,0.481182076,0.596434079,0.596383632,0.998909234,0.797295527,0.809217399,0.303485371,0.781464992,0.00010442,0.462095401
0.529859114,0.58722198,0.574816639,0.604030038,0.603914729,0.999032292,0.797503868,0.809399676,0.30359196,0.78166808,0.000101991,0.466089597
0.543557744,0.608972961,0.597569463,0.611553928,0.611719685,0.999118144,0.797593789,0.809502532,0.30356924,0.781762256,0.000141192,0.479417562
0.5600351,0.638192324,0.615022217,0.615712247,0.615308667,0.999169909,0.797796319,0.809678428,0.303815048,0.781938396,0.00014709,0.474299422
0.478964559,0.54448321,0.532255474,0.603273325,0.603266118,0.999000401,0.797419342,0.809342259,0.303510991,0.781602676,0.000123615,0.465660149
0.527421635,0.60210423,0.58878955,0.622508252,0.622356909,0.999171873,0.797621872,0.809543674,0.303505915,0.781812501,0.000258101,0.471013143
0.500073124,0.561655037,0.551956743,0.616324825,0.616101414,0.999081862,0.79747786,0.809396551,0.303442832,0.781660641,0.00024804,0.473185543
0.63881441,0.722034453,0.706461802,0.615164531,0.615164531,0.999153501,0.802452168,0.814031577,0.311983505,0.786694198,0.000161197,0.475000629
0.538439039,0.598615351,0.578350019,0.610653079,0.610638666,0.999109246,0.797776122,0.80959419,0.303906894,0.781856151,0.000132866,0.468188185
0.47311461,0.532490188,0.523261417,0.600671673,0.600736534,0.998960075,0.797380053,0.809306845,0.303526701,0.781566185,0.000123269,0.45996494
0.55204017,0.628815962,0.60806253,0.615387942,0.614220441,0.999165171,0.797667663,0.809564115,0.303600419,0.781810958,0.000134485,0.497063486
0.472919612,0.537014828,0.533272659,0.623841508,0.621982156,0.999060139,0.797376594,0.809325724,0.303311589,0.781587097,0.000364024,0.465044496
0.496611905,0.558329699,0.549975909,0.606307384,0.606307384,0.998992544,0.797436358,0.809355278,0.303557155,0.781613624,0.000180162,0.464762672
0.539365281,0.608264283,0.594946196,0.615964485,0.616533821,0.999110864,0.797566121,0.809472847,0.303536369,0.781743449,0.000225838,0.470060307
0.488763223,0.540231138,0.533861556,0.610011675,0.609254962,0.99900768,0.797412978,0.809324031,0.303484646,0.781583168,0.000212309,0.462486265
0.607419685,0.664249891,0.665453183,0.636525462,0.636273224,0.999265466,0.797692149,0.809582863,0.303433164,0.78186387,0.000387845,0.508200599
0.512601765,0.586676843,0.569088281,0.619539054,0.619539054,0.999174068,0.797658256,0.809565417,0.303565131,0.781825694,0.000210805,0.486058898
0.684882757,0.715220235,0.702071845,0.613096182,0.612822324,0.999173491,0.797649817,0.809502532,0.303551596,0.781774045,0.00010361,0.482490795
0.495393165,0.542575229,0.533540339,0.614069099,0.614069099,0.998979949,0.797449915,0.809334577,0.303607187,0.781594396,0.000317307,0.456421999
0.533417833,0.613606629,0.596445206,0.613939376,0.612743049,0.999142408,0.797526694,0.809451624,0.30340126,0.781720431,0.000133445,0.468213348
0.490615707,0.551569996,0.550511269,0.606638896,0.606638896,0.998993353,0.797409243,0.80934304,0.303508091,0.781601132,0.000184671,0.468359293
0.512894262,0.579426515,0.562663954,0.612663774,0.612238574,0.999051473,0.797487267,0.809397462,0.303522834,0.781653764,0.00021624,0.470009981
0.610539658,0.664304405,0.653193426,0.612779083,0.612779083,0.999116526,0.797578156,0.809464254,0.303545554,0.781734887,0.000159925,0.479014955
0.506849315,0.573484518,0.56271749,0.611467447,0.611352138,0.999038647,0.797436773,0.809363741,0.303461684,0.781625834,0.000214968,0.458302509
0.56681129,0.626362843,0.621553616,0.613881722,0.613607864,0.999084404,0.797529322,0.809436131,0.303527185,0.78170387,0.000205255,0.461362321
0.542923999,0.605266027,0.594143155,0.603266118,0.603316566,0.999017155,0.797485053,0.809394728,0.303590993,0.781661905,0.000107658,0.457854609
0.554623897,0.637265591,0.620589967,0.622263221,0.62127589,0.999032292,0.797725212,0.80964679,0.303978678,0.781930958,0.00038056,0.473663639
0.549505192,0.618567379,0.609775684,0.606970409,0.606970409,0.999067303,0.797512721,0.809430923,0.303534194,0.781698256,0.000115868,0.463169019
0.507190562,0.564871348,0.56041544,0.610703527,0.610703527,0.999021199,0.797460705,0.809375459,0.303539511,0.78164422,0.000222022,0.462565109
0.537366548,0.595126472,0.592269393,0.608865795,0.608865795,0.998907963,0.797625607,0.809536253,0.304064723,0.781833835,0.000305859,0.459354319
0.495246917,0.567106411,0.550725414,0.61878234,0.61878234,0.999011609,0.797434974,0.809358533,0.303514858,0.78162022,0.000361248,0.469875779
0.514649247,0.579971653,0.56598319,0.614112339,0.613989824,0.999064414,0.797501516,0.809414258,0.303520659,0.781680291,0.000231504,0.465769189
0.340028275,0.409943306,0.403447722,0.590740714,0.590740714,0.998515911,0.796718647,0.808798294,0.303300229,0.781011938,0.000407387,0.451932932
0.399259006,0.453663323,0.441190642,0.594740483,0.594776517,0.998871681,0.797263155,0.809194485,0.303507124,0.781442816,0.000116099,0.467970106
0.550431434,0.612843437,0.596231062,0.614292509,0.614292509,0.999139751,0.797592544,0.809474409,0.303522109,0.781731659,0.000160966,0.469243351
0.460927217,0.531617968,0.51303603,0.606689344,0.606689344,0.998938352,0.797380883,0.809307626,0.303573591,0.781551308,0.000240524,0.471217802
0.558280115,0.624727431,0.61186359,0.615308667,0.615308667,0.999170255,0.797655212,0.809544976,0.30356779,0.781822747,0.000146743,0.485956569
0.579924926,0.648495421,0.635580063,0.61817697,0.618025627,0.999214741,0.79771871,0.809604476,0.303585676,0.781885344,0.000145818,0.475310972
0.487641983,0.549062364,0.537769688,0.602091411,0.602386889,0.998994046,0.797445073,0.809354758,0.30356924,0.781615589,0.000115752,0.468329098
0.490615707,0.559692543,0.545104128,0.60566598,0.605673186,0.999028594,0.797435112,0.809357492,0.30347957,0.781621904,0.000133907,0.461788413
0.508750548,0.559092891,0.556507308,0.621347958,0.621420026,0.999147724,0.797513967,0.809396811,0.303367905,0.781656431,0.000267236,0.488081998
0.677375323,0.711458788,0.699395043,0.634694937,0.633116649,0.999455657,0.797976992,0.809742615,0.303532744,0.782037625,0.000146743,0.491832952
0.554965144,0.623473615,0.610953477,0.624050505,0.623718993,0.999199489,0.797642346,0.809539768,0.303484404,0.781814186,0.000252434,0.473532791
0.452883537,0.517280855,0.504041972,0.601911241,0.601911241,0.99893789,0.797328314,0.80925763,0.303482712,0.781476501,0.000164319,0.460261862
0.573441232,0.640263846,0.630172921,0.61507805,0.61507805,0.999164362,0.797627821,0.809526878,0.303532502,0.781802958,0.00014894,0.483022571
0.431531224,0.492586132,0.481824509,0.597104311,0.597118725,0.998890978,0.797274499,0.809209978,0.303486821,0.781460079,0.00013437,0.462117209
0.411836396,0.453390754,0.454895872,0.614501506,0.620764208,0.998598874,0.796653904,0.808583729,0.303013575,0.780915376,0.000806102,0.468119406
0.512358017,0.576210205,0.56218213,0.60317243,0.60317243,0.998986997,0.797485192,0.809394207,0.303654077,0.781659519,0.00013541,0.463274704
0.500658119,0.558166158,0.55077895,0.60663169,0.609067585,0.999057481,0.797634046,0.809502011,0.303766708,0.781760993,0.000159463,0.471450978
0.601862234,0.651384649,0.63847101,0.624778391,0.624569394,0.999269048,0.797778058,0.80960708,0.303575766,0.781880431,0.000196466,0.478466403
0.571783747,0.642662451,0.627549655,0.617535566,0.617139192,0.999173375,0.7976162,0.809515291,0.303493105,0.781789343,0.000173108,0.48263674
0.598986009,0.662123855,0.648428717,0.615690627,0.615604145,0.999194405,0.797662267,0.809542632,0.303529602,0.78182387,0.000127316,0.478452983
0.679179057,0.71892717,0.704909256,0.621744332,0.621225443,0.999294815,0.797821774,0.809637156,0.303598244,0.781921554,0.000117024,0.4788623
0.514941744,0.574738334,0.580919749,0.606610069,0.606739792,0.999028826,0.797446456,0.809384963,0.303498906,0.781646326,0.00015079,0.47504089
0.51776922,0.578772351,0.569355961,0.612714222,0.612663774,0.999064761,0.79748948,0.809397462,0.303498664,0.781661905,0.00020988,0.463873581
0.500658119,0.556367205,0.545585952,0.607028063,0.607042477,0.999025359,0.797442168,0.809350201,0.303498906,0.781611238,0.000159231,0.462492975
0.474479598,0.537232883,0.525295787,0.60375618,0.603929143,0.998797731,0.797422247,0.809324031,0.303940006,0.781582887,0.000336965,0.459782089
0.523277921,0.576646315,0.567964024,0.604109313,0.604109313,0.999016693,0.797463749,0.809369991,0.303554497,0.781637624,0.000120724,0.464079917
0.398381514,0.462440035,0.443332084,0.596873694,0.597688061,0.998838866,0.797028253,0.80897393,0.303165361,0.781182044,0.000195657,0.459850868
0.441524887,0.538486699,0.488784196,0.597529512,0.597572753,0.998913163,0.79738946,0.809339264,0.303641025,0.78145236,0.000119452,0.462585239
0.405450202,0.440743567,0.442903796,0.594935067,0.595028755,0.998869024,0.797205744,0.809124438,0.303412619,0.781390044,0.000122806,0.457596269
0.530346609,0.590547318,0.575352,0.603691319,0.603741766,0.999029403,0.797512583,0.809409831,0.30361323,0.781673133,0.000101991,0.46657608
0.467849656,0.534888792,0.521548263,0.601428386,0.601428386,0.998981682,0.797384618,0.809312574,0.303489238,0.781569834,0.00011263,0.465411875
0.506508068,0.569505015,0.563895283,0.607128958,0.606999236,0.999035296,0.797486575,0.80940918,0.303555463,0.781677764,0.000148477,0.469342325
0.565348803,0.634703445,0.614808073,0.614883466,0.614811398,0.999177535,0.797803928,0.809663976,0.303812389,0.781936572,0.000131594,0.487627387
0.47316336,0.532272133,0.52497457,0.60510385,0.606948789,0.998975674,0.797385587,0.809315438,0.30350374,0.78159622,0.000207452,0.474683576
0.532101594,0.604775403,0.592911826,0.622025397,0.621852434,0.999171411,0.797624362,0.809542632,0.303511474,0.781812501,0.0002507,0.469285289
0.411690148,0.455189708,0.466834413,0.596398046,0.596398046,0.998905537,0.797130072,0.809093191,0.303204033,0.781365483,0.000108236,0.46145123
0.536245308,0.593000436,0.58172279,0.618667032,0.618256245,0.999147724,0.797572761,0.80946204,0.303470869,0.781732221,0.000216703,0.474183673
0.387949105,0.425207152,0.434338027,0.596225083,0.596607042,0.998890516,0.797213214,0.80915191,0.303380715,0.78141222,0.000126622,0.466092952
0.533417833,0.594962931,0.574013598,0.610804422,0.610905317,0.999128774,0.79777626,0.809595102,0.303866047,0.781854887,0.000117602,0.469801968
0.449666065,0.514609682,0.499223727,0.599828478,0.599857306,0.998967932,0.797341456,0.809272733,0.303442832,0.781520992,0.000101298,0.463499493
0.558231365,0.622764937,0.610578725,0.614804191,0.614818605,0.999146684,0.79772037,0.809597185,0.303730937,0.781875519,0.000162469,0.474903332
0.409252669,0.444559529,0.458643396,0.597133138,0.596794419,0.998855851,0.797138095,0.80909254,0.303321982,0.781399307,0.000164204,0.457601302
0.474967094,0.533798517,0.529096847,0.627776416,0.629837559,0.999220865,0.797390567,0.809319734,0.302999556,0.781576992,0.000329217,0.458131401
0.487544484,0.548898823,0.54317683,0.60512547,0.605139884,0.9989833,0.797408413,0.809335488,0.303527668,0.781599027,0.000170679,0.460864095
0.594842295,0.652256869,0.636918465,0.616483374,0.61642572,0.999158007,0.797693394,0.809553829,0.303660119,0.781829484,0.000176924,0.478983082
0.493881929,0.551515482,0.544515231,0.609492786,0.609557647,0.999053206,0.797425705,0.809349029,0.303411653,0.781615168,0.000171605,0.460969779
0.493833179,0.5468273,0.544729375,0.633260785,0.6333833,0.999034256,0.797439816,0.809350721,0.303476186,0.781593975,0.000572863,0.477355879
0.490128211,0.558820323,0.540928315,0.617355396,0.617355396,0.999098269,0.797558097,0.809452406,0.303548938,0.781703589,0.000251625,0.460109207
0.679764052,0.719472307,0.704052679,0.616072587,0.615971692,0.999202377,0.797674303,0.809525576,0.303533711,0.781798466,0.000125119,0.4823784
0.487739482,0.561164413,0.547727394,0.60856311,0.609024345,0.999035296,0.797432346,0.809366736,0.303460476,0.781629483,0.000180971,0.46422754
0.441281139,0.47797645,0.484876064,0.601277043,0.601277043,0.998900222,0.79728612,0.809205682,0.303487788,0.781455448,0.000191725,0.45971331
0.500024375,0.579153947,0.549065796,0.615669006,0.615712247,0.999030097,0.797508295,0.80941543,0.303604287,0.781640712,0.000293485,0.469298709
0.627699508,0.680549498,0.666898656,0.615265426,0.615265426,0.999159741,0.797624916,0.809499016,0.303536611,0.781771659,0.000156572,0.484314268
0.487300736,0.557730048,0.545907168,0.613860102,0.613687139,0.999033332,0.797416575,0.809353456,0.303437273,0.781614606,0.000257754,0.454907191
0.514649247,0.579426515,0.56448418,0.602581473,0.602804883,0.999006178,0.797441338,0.809357882,0.303537094,0.781619518,0.000110202,0.46481132
0.574708721,0.641027039,0.629958777,0.609139653,0.607683881,0.999049393,0.79755284,0.809457744,0.30364175,0.781726045,0.000145355,0.461194568
0.541169015,0.595344527,0.582900584,0.602127445,0.602134652,0.999000054,0.797483255,0.809381969,0.303623381,0.781646747,0.000105692,0.465282706
0.56227758,0.63126908,0.614433321,0.621520921,0.620324594,0.999123112,0.797753296,0.809626089,0.303837526,0.781908502,0.00027429,0.460458133
0.573246234,0.64527911,0.634295198,0.610242292,0.610242292,0.999118837,0.797559065,0.809472196,0.303507365,0.781742747,0.000117024,0.469234963
0.596646029,0.68523768,0.656244981,0.610141397,0.610400842,0.998998668,0.798053494,0.809923199,0.304622806,0.782171941,0.00023983,0.462704344
0.542436504,0.613170519,0.596177526,0.619315643,0.619315643,0.999056788,0.797493492,0.809405795,0.303522592,0.781671168,0.000324592,0.458908097
0.529322868,0.604012211,0.595856309,0.631949149,0.631848254,0.999162745,0.797580923,0.809519327,0.303453708,0.781795519,0.000419645,0.467231994
0.51318676,0.57730048,0.562021521,0.61359345,0.61359345,0.999085675,0.797496259,0.80940254,0.303467002,0.781667659,0.000203867,0.460409485
0.510798031,0.556748801,0.54574656,0.613449315,0.613449315,0.999069498,0.79745946,0.809347987,0.303436548,0.781608992,0.000217744,0.461972941
0.564227563,0.625109027,0.6100969,0.614378991,0.614378991,0.999152577,0.797619244,0.809497714,0.303541928,0.781764501,0.000149518,0.466849517
0.614975869,0.665394679,0.648589325,0.611179175,0.611179175,0.999138364,0.797592406,0.809466076,0.303524768,0.78173615,0.000112399,0.476369492
0.561692585,0.623364588,0.608758499,0.610826042,0.610826042,0.999128658,0.797602366,0.809486387,0.303562473,0.781758045,0.000116446,0.458835963
0.617023351,0.680331444,0.667273409,0.618789547,0.618191384,0.999232535,0.797745687,0.809615152,0.303595586,0.781896712,0.000130669,0.487553576
0.486423244,0.548244658,0.537502008,0.602120238,0.602141858,0.998991504,0.797433591,0.809348118,0.303554497,0.781609132,0.000114249,0.460193084
0.508165554,0.576373746,0.563145779,0.605255192,0.605096643,0.999013804,0.797482563,0.809399415,0.30359341,0.781664852,0.000139342,0.46130193
0.58631112,0.622982992,0.622463729,0.622414563,0.622457804,0.999247672,0.797731991,0.809559167,0.303539995,0.781830747,0.000183978,0.487741459
0.621264564,0.671336677,0.654103539,0.633426541,0.63354185,0.999395919,0.797890944,0.809697437,0.303507607,0.78196773,0.000213465,0.466165086
0.550138936,0.614751417,0.603619037,0.621081307,0.621362372,0.999171411,0.797600153,0.809496803,0.303469177,0.781769554,0.000242721,0.473871652
0.436942427,0.48833406,0.47962953,0.599396071,0.599388864,0.99894644,0.797275329,0.809200344,0.303372256,0.781446044,0.00011529,0.464714023
0.467752157,0.530527693,0.521119974,0.601788726,0.601788726,0.998925526,0.797372721,0.809306845,0.303585918,0.781522816,0.000174727,0.474465497
0.601959733,0.671718273,0.66074201,0.616512201,0.616259963,0.999210928,0.797680528,0.809575702,0.303526943,0.781854747,0.000121303,0.483037669
0.417247599,0.483100741,0.471973874,0.601723865,0.601839173,0.998843372,0.7972294,0.809181465,0.303507365,0.781429343,0.000257754,0.4621776
0.496173158,0.56476232,0.551742599,0.617182433,0.61662751,0.99909723,0.797531812,0.809449671,0.303504948,0.781718466,0.000241102,0.467579242
0.496465656,0.556258177,0.546763745,0.598682598,0.598682598,0.998950253,0.797453788,0.809366475,0.303676071,0.781641413,0.000100141,0.465588016
0.486569493,0.542956825,0.537448472,0.603057121,0.602689575,0.998960653,0.797508018,0.809398634,0.303749306,0.781653483,0.000154028,0.475587764
0.613123385,0.681530746,0.666042079,0.628432235,0.627394457,0.999286843,0.797821221,0.80968611,0.303613955,0.781958186,0.000223988,0.504543586
0.485886998,0.544592237,0.541195996,0.601558108,0.60148604,0.998967354,0.797403017,0.80932976,0.303551596,0.781604361,0.000128125,0.470904104
0.590552333,0.660761012,0.64607313,0.619459779,0.619243575,0.999222021,0.797675271,0.809565677,0.303494314,0.78184394,0.000158075,0.484851077
0.636035685,0.743948975,0.685475668,0.616872541,0.615524871,0.999219478,0.79780379,0.809670616,0.303724169,0.781881414,0.000100951,0.468563952
0.654609272,0.69428696,0.681995824,0.620987619,0.620418282,0.999288922,0.797800193,0.809617626,0.303572866,0.781901063,0.00010997,0.480247939
0.608102179,0.654001308,0.656887414,0.613362833,0.613362833,0.999165287,0.797615647,0.809500058,0.303509057,0.781772782,0.000120609,0.477166319
0.550382684,0.613225033,0.601424059,0.613305179,0.613110595,0.999111442,0.797530152,0.809432485,0.303472319,0.781699799,0.000170333,0.469349035
0.478769561,0.540776276,0.530595856,0.605557878,0.605384915,0.998992659,0.797390013,0.809319604,0.303475945,0.781578396,0.000165245,0.463502848
0.50056062,0.561273441,0.549333476,0.599324003,0.599439312,0.998960191,0.797634323,0.809496542,0.303970702,0.781778677,0.000102338,0.462566787
0.469994638,0.534507196,0.522083623,0.602458957,0.602740022,0.998855505,0.79739195,0.809311272,0.303766225,0.781573904,0.000260066,0.459845835
0.377614196,0.423953336,0.417420633,0.596153015,0.596520561,0.998811943,0.796982324,0.808924065,0.303141675,0.781173342,0.000203867,0.461221409
0.47316336,0.538323157,0.515712833,0.599136626,0.59915104,0.998918247,0.797413808,0.809313745,0.303673171,0.781545132,0.000139689,0.463689053
0.56232633,0.619657654,0.600781626,0.60510385,0.605067816,0.999044424,0.79758037,0.809456832,0.303700241,0.781720571,0.000108236,0.46861931
0.507044313,0.57468382,0.552492103,0.607431644,0.607748742,0.999038647,0.797516872,0.809417252,0.303601145,0.781639448,0.00015715,0.457334575
0.556378882,0.629579154,0.602173564,0.61431413,0.614501506,0.999157776,0.797795213,0.80964666,0.303838493,0.781887589,0.00014628,0.485949859
0.479354556,0.53952246,0.528829166,0.608808141,0.606336211,0.99898122,0.797431101,0.809345253,0.303571657,0.781606606,0.000191957,0.465832935
0.56222883,0.641517662,0.629637561,0.624122573,0.622558699,0.999216821,0.797682742,0.809606559,0.303518484,0.781884361,0.000216472,0.476607702
0.370399259,0.345071958,0.386155576,0.600066302,0.600066302,0.998712457,0.795725639,0.807480306,0.301154185,0.779932216,0.000360323,0.520325776
0.592697314,0.642716965,0.635205311,0.620634486,0.61988498,0.999200298,0.797668493,0.809535081,0.303528152,0.781825694,0.000190106,0.482054637
0.458684737,0.555167902,0.511108732,0.601579729,0.601594142,0.99895684,0.797402049,0.809328197,0.303571899,0.781543588,0.000140267,0.469775127
0.527567884,0.587167466,0.570854971,0.613045734,0.613045734,0.999076778,0.797766715,0.809591847,0.303958134,0.781878045,0.000203867,0.457953583
0.517330473,0.587494549,0.568927673,0.605774081,0.605730841,0.999045233,0.79755699,0.809456832,0.303657702,0.78171594,0.000118296,0.469050435
0.56232633,0.630451374,0.618609133,0.612325055,0.612526845,0.999110517,0.797690766,0.809590936,0.303754865,0.781867098,0.000161891,0.472789646
0.405011456,0.566561273,0.460945447,0.603186843,0.602898572,0.998858625,0.797446871,0.809396681,0.303855654,0.781371097,0.000259488,0.461300252
0.483547019,0.547754034,0.544194015,0.621203822,0.620605659,0.999080475,0.797424322,0.809374027,0.303352195,0.781640992,0.000321701,0.472608473
0.368693024,0.41948321,0.417688313,0.603972384,0.603950763,0.998947711,0.797096732,0.809053351,0.303057564,0.781295307,0.000187215,0.462427552
0.580753668,0.634267335,0.622677874,0.616930195,0.616793266,0.999150959,0.797665449,0.80952779,0.303625798,0.781803659,0.000189875,0.489719266
0.454443524,0.513355866,0.508271321,0.610926938,0.610429669,0.999057597,0.797328867,0.809263489,0.303233279,0.781527027,0.000181202,0.459028879
0.434456199,0.489260794,0.481717437,0.628857435,0.62817279,0.998917091,0.797265645,0.809192922,0.303416728,0.781414044,0.000606513,0.46278822
0.475357091,0.544537724,0.527811981,0.616216723,0.616216723,0.999071809,0.797465962,0.809390301,0.303443074,0.781633273,0.000259835,0.486773525
0.685175255,0.717019189,0.70308903,0.61664913,0.617312155,0.999224216,0.797685924,0.809527009,0.303508574,0.781800431,0.000124887,0.481772812
0.526007897,0.57555604,0.566786231,0.602934606,0.602934606,0.998966661,0.797544678,0.809424283,0.303800788,0.781687308,0.000152062,0.477859138
0.496124409,0.564598779,0.551956743,0.613514176,0.612447571,0.999034372,0.797449085,0.809377021,0.303491897,0.781639168,0.000236939,0.462529881
0.525617901,0.564871348,0.573960062,0.607496505,0.607496505,0.999025821,0.797445488,0.809367257,0.303503498,0.781629483,0.000165938,0.467500398
0.510944279,0.603521587,0.557738637,0.61819859,0.618162556,0.999055748,0.79757622,0.809471284,0.303669304,0.781664291,0.000307015,0.469833841
0.606200946,0.656563454,0.641950854,0.616886954,0.616886954,0.999182272,0.797668354,0.809524275,0.303565615,0.781798887,0.000160157,0.472907073
0.578901185,0.640209333,0.627549655,0.612879978,0.612764669,0.999117219,0.797551733,0.809451755,0.303497939,0.781720571,0.000159,0.480299942
0.588992346,0.648113825,0.627389047,0.610235086,0.610004468,0.999103816,0.797673058,0.809530654,0.303737946,0.781793133,0.000128125,0.466480461
0.514064252,0.573048408,0.55661438,0.619250782,0.619892186,0.999076778,0.79758867,0.809453447,0.303647309,0.781721554,0.000313837,0.47869958
0.521717935,0.58722198,0.57765405,0.611568342,0.611568342,0.999082555,0.797514382,0.809428449,0.30350519,0.781695589,0.000174495,0.483208777
0.518305465,0.614424335,0.559344719,0.608800934,0.608678419,0.99899809,0.797857189,0.809684678,0.304280802,0.781774887,0.000212771,0.459142951
0.536830303,0.619548626,0.608704963,0.616814886,0.616814886,0.999079551,0.797475785,0.809411784,0.30344404,0.781677624,0.000261801,0.455376899
0.568273778,0.634594418,0.624605172,0.631567189,0.631538362,0.999202377,0.797660746,0.809555522,0.303510507,0.781835098,0.000375009,0.479805071
0.50748306,0.573648059,0.558702286,0.614587988,0.613788034,0.999098154,0.797477583,0.809387047,0.303408511,0.781650957,0.000194616,0.464464072
0.533856579,0.593327519,0.579902564,0.608354113,0.608354113,0.999047775,0.797507049,0.809405014,0.303565131,0.781670326,0.000157613,0.4684633
0.526397894,0.576264719,0.574495423,0.614472679,0.614177201,0.999041305,0.797504283,0.809409571,0.303574074,0.781689133,0.000257638,0.463544786
0.626432019,0.660270388,0.658386423,0.613946583,0.611935888,0.999136516,0.797628651,0.809493808,0.303592202,0.781773484,0.000126506,0.457141659
0.457368498,0.527692979,0.510198619,0.597788956,0.597788956,0.99470863,0.795171586,0.807775073,0.30856129,0.779913269,0.004330702,0.462066883
0.546775216,0.626635412,0.598586648,0.614443852,0.614443852,0.999109478,0.79760624,0.80950162,0.303609362,0.781743729,0.000193691,0.47770816
0.55652513,0.610880942,0.594732052,0.617247294,0.617247294,0.999172566,0.797657287,0.80950813,0.303566582,0.781781203,0.000175536,0.466019141
0.55311266,0.614424335,0.597890679,0.611784546,0.611784546,0.999155003,0.797626299,0.809499667,0.303548938,0.781770957,0.000105345,0.50446642
0.575732462,0.631323594,0.620804112,0.615251013,0.615618559,0.999180077,0.797672643,0.809539247,0.3035777,0.781817975,0.000141886,0.471212769
0.509043046,0.585204972,0.574388351,0.605579498,0.605644359,0.999012765,0.797477583,0.809417122,0.303586884,0.781683238,0.000149287,0.465361549
0.532832838,0.58182512,0.580973286,0.620360628,0.620057943,0.999203764,0.79758037,0.809461259,0.303366697,0.781727589,0.000189413,0.481093413
0.62628577,0.675207152,0.657315702,0.634183254,0.633642745,0.999398115,0.797869363,0.809671398,0.30346531,0.781948081,0.000213002,0.492129874
0.562862575,0.628706934,0.61716366,0.622746076,0.622436184,0.999176379,0.797659362,0.809549923,0.303562231,0.781826256,0.000254978,0.477146188
0.431579974,0.490787178,0.476470903,0.601457213,0.601413973,0.998954298,0.79725278,0.809186282,0.303316423,0.781413483,0.00013992,0.45879067
0.48691074,0.533035325,0.534289844,0.604282276,0.604282276,0.999010569,0.797385725,0.809311141,0.303430989,0.781566185,0.000129629,0.472568213
0.626822015,0.691234191,0.68028267,0.617636461,0.617730149,0.999244783,0.797729363,0.80960708,0.303541445,0.781894747,0.000111011,0.483158451
0.458489738,0.520497165,0.509342042,0.597997953,0.597846611,0.998919865,0.797318491,0.809257761,0.303503257,0.781512992,0.00011714,0.462155792
0.487056988,0.551406454,0.538679801,0.621355165,0.62262356,0.99908891,0.79752531,0.809425455,0.303510749,0.781692361,0.000345522,0.472336714
0.474040852,0.532054078,0.526901868,0.600599605,0.60182476,0.998902995,0.797398176,0.809319083,0.303677521,0.781567729,0.000197738,0.472398782
0.571247502,0.636011775,0.628085015,0.628129549,0.626760259,0.999204688,0.797697129,0.809588722,0.30356924,0.781872291,0.000296029,0.48235156
0.505435577,0.565416485,0.556507308,0.601745485,0.601759899,0.998982838,0.797456694,0.809373376,0.303612988,0.781639589,0.000116908,0.464125211
0.624335787,0.68567379,0.673001767,0.620937171,0.621016446,0.999274017,0.797740707,0.809610726,0.303499873,0.781897554,0.000134485,0.48062706
0.730073612,0.82015918,0.798222603,0.615568111,0.613845688,0.999165287,0.798149779,0.810005484,0.304442257,0.78231538,0.000128241,0.473358329
0.649539317,0.682075883,0.671502757,0.62221998,0.621420026,0.99931261,0.797810292,0.809616584,0.303540962,0.78189994,0.000102338,0.480595187
0.618632087,0.673626254,0.674393704,0.61624555,0.61624555,0.999191516,0.797664481,0.809553699,0.303539511,0.781831168,0.000140614,0.482029474
0.593769805,0.650512429,0.639541731,0.612822324,0.612541259,0.999129121,0.797587149,0.809474149,0.303534919,0.781744291,0.000143389,0.472989272
0.475259591,0.533634976,0.525670539,0.603121982,0.603287738,0.998958342,0.79738033,0.809307105,0.30353081,0.781571378,0.000165938,0.463898744
0.533320333,0.552006106,0.57738637,0.608620764,0.608620764,0.999035065,0.797440231,0.809360096,0.303474978,0.781639308,0.000174727,0.463110306
0.455906011,0.503216311,0.513357246,0.606588449,0.606739792,0.998893751,0.797100744,0.809084598,0.303177446,0.781378395,0.000285969,0.462810028
0.490128211,0.543774531,0.543283902,0.61606538,0.615020395,0.999167944,0.797477583,0.809374808,0.303262524,0.781641694,0.00014443,0.476861008
0.495051918,0.55614915,0.549975909,0.603136396,0.604066072,0.99900872,0.797472879,0.809392254,0.303587126,0.78165208,0.000127894,0.46248291
0.54623897,0.607228522,0.595213877,0.613449315,0.613319592,0.999183543,0.797682189,0.809553309,0.303587368,0.781805063,0.000101529,0.46961744
0.521425438,0.553205408,0.567053911,0.611798959,0.611741305,0.999079666,0.79749031,0.809413867,0.303469419,0.781655027,0.000180162,0.474965401
0.512114269,0.55031618,0.563895283,0.603316566,0.603302152,0.998999708,0.797466792,0.809366736,0.303595344,0.781623589,0.000124772,0.467346066
0.543801492,0.603249019,0.606991809,0.622515459,0.622515459,0.999258649,0.797727841,0.809648743,0.303509782,0.781929835,0.000173917,0.470778289
0.475357091,0.524258613,0.530381712,0.601089667,0.601089667,0.998913856,0.797318215,0.809256719,0.3035151,0.781503027,0.000175074,0.464786157
0.498854385,0.545137375,0.549172868,0.608296459,0.608274838,0.999040727,0.797462781,0.809352805,0.303502531,0.78161208,0.000163626,0.463761187
0.502510603,0.562036633,0.551421382,0.60991078,0.608440594,0.999104278,0.797563631,0.809444854,0.303545796,0.781708922,0.00010257,0.463549818
0.55311266,0.612243785,0.607848386,0.608815348,0.608656798,0.999103354,0.797543433,0.80944889,0.303512441,0.781712291,0.000106964,0.478597251
0.535026569,0.575501526,0.584292521,0.619690396,0.619690396,0.999183081,0.797658532,0.809517634,0.303546762,0.781782466,0.000204214,0.463115338
0.5543314,0.595944178,0.611435302,0.622155119,0.622155119,0.99923993,0.797744442,0.809628563,0.303578183,0.781901765,0.000186869,0.481933855
0.523862916,0.56607065,0.568713529,0.612216953,0.61202237,0.999149457,0.797551042,0.809438084,0.303429538,0.781723238,0.000114943,0.470855456
0.488616975,0.552006106,0.546228385,0.604887646,0.604887646,0.999004445,0.797399697,0.809331062,0.30346821,0.781590606,0.000145471,0.46174312
0.485009506,0.562963367,0.549815301,0.632713069,0.632713069,0.998984802,0.797438571,0.809403842,0.303577216,0.78165194,0.000611601,0.457238956
0.47087213,0.52202355,0.52267252,0.604109313,0.604109313,0.998952911,0.797360962,0.809286274,0.303508332,0.781542466,0.000184556,0.461682729
0.437429922,0.494385085,0.495101451,0.563859381,0.563859381,0.997411973,0.795300934,0.807900453,0.30313249,0.780014462,0.00108097,0.451261921
0.459659728,0.50408853,0.511055196,0.603604837,0.603532769,0.998903457,0.797245448,0.809177559,0.303409961,0.781442255,0.000224797,0.463838353
0.565153805,0.611862189,0.598586648,0.612159299,0.612159299,0.999143795,0.797582998,0.809446026,0.303496731,0.781720992,0.00012269,0.467871132
0.610198411,0.653674226,0.643182183,0.613557417,0.613557417,0.999159856,0.797635014,0.809494199,0.303554255,0.781761975,0.00012905,0.45357691
0.570857505,0.597688618,0.629369881,0.624929734,0.624929734,0.99924097,0.797721339,0.809606559,0.303535161,0.78188394,0.000230348,0.46613489
0.552966412,0.598833406,0.58348948,0.609874746,0.609874746,0.999119761,0.797496397,0.80938262,0.303395942,0.781646185,0.000110086,0.432579284
0.775264466,0.816016136,0.796455913,0.639963101,0.638644258,0.999441098,0.797936597,0.809736106,0.303492863,0.782029344,0.000250122,0.496251562
0.557207624,0.623201047,0.618769741,0.615085256,0.615085256,0.999073196,0.797592267,0.809506568,0.303661086,0.781780361,0.000240293,0.472450786
0.375371715,0.46936328,0.464050538,0.581213335,0.581213335,0.997025814,0.794945122,0.807994716,0.303318599,0.780138532,0.001745764,0.452224822
0.48461951,0.54273877,0.538679801,0.616598683,0.616598683,0.999062565,0.797427642,0.809418815,0.303395459,0.781676501,0.000275215,0.450221853
0.495539414,0.558656782,0.552277959,0.608808141,0.608808141,0.999009876,0.797419895,0.809346816,0.30349238,0.781607869,0.000203058,0.461350578
0.547652708,0.590928914,0.591787569,0.61433575,0.61433575,0.999060601,0.797534026,0.809432616,0.303585676,0.78170008,0.000240871,0.4632227
0.393262809,0.463693851,0.502275282,0.547990026,0.547990026,0.996289894,0.794135969,0.807749034,0.303444282,0.779883935,0.001949169,0.448034356
0.545995223,0.658634976,0.660420793,0.62837458,0.62837458,0.999038878,0.797543018,0.809598617,0.303646584,0.781893905,0.00048787,0.455655369
0.510554283,0.575283471,0.563574067,0.626976463,0.626976463,0.999053899,0.797496259,0.809406316,0.303533469,0.781671729,0.000450404,0.464863323
0.491200702,0.556094636,0.548691043,0.60433993,0.60433993,0.999025013,0.797448255,0.809398243,0.303510024,0.781663308,0.000116099,0.460917776
0.446058597,0.508231574,0.500936881,0.602538232,0.602538232,0.998862206,0.797230369,0.809200083,0.303469902,0.781455729,0.000250122,0.464534528
0.480719544,0.530255124,0.528882703,0.611164762,0.611164762,0.999019351,0.797385725,0.809292523,0.303412619,0.781575308,0.000231273,0.464479169
0.506751816,0.567488007,0.574013598,0.605428155,0.605428155,0.999006756,0.797413531,0.809352154,0.303487788,0.781613203,0.000151831,0.460109207
0.473602106,0.51035761,0.525991755,0.595655746,0.595843123,0.998886818,0.797238669,0.809170008,0.303432922,0.781446746,0.000118065,0.458040814
0.443572369,0.492749673,0.508164249,0.614299716,0.614306923,0.99894748,0.797034202,0.80906611,0.302948799,0.781473834,0.000353616,0.460924486
0.558182616,0.624291321,0.610525189,0.616029346,0.61570504,0.999187703,0.797662959,0.809548621,0.303544829,0.78183187,0.000135642,0.469709704
0.499975625,0.53952246,0.555918411,0.603028294,0.603035501,0.998994046,0.797415745,0.809340436,0.303518,0.781595939,0.000126159,0.468805516
0.614975869,0.673626254,0.655763156,0.617247294,0.617038297,0.999236117,0.797718019,0.80957375,0.303539753,0.781850537,0.000108583,0.474200448
0.470969629,0.54361099,0.522351304,0.606847893,0.6075974,0.999001441,0.797438294,0.809354497,0.303541687,0.781592431,0.000191957,0.459797187
0.565348803,0.631105539,0.615504042,0.606682137,0.606696551,0.999058637,0.797560449,0.809460087,0.303635708,0.781729975,0.000120262,0.459097657
0.484765758,0.544755778,0.535307029,0.609067585,0.609197308,0.998993584,0.797424737,0.809337441,0.303534677,0.781597483,0.000225491,0.459726731
0.610052162,0.650512429,0.650998447,0.620382248,0.620382248,0.999278639,0.797775845,0.809610465,0.303551838,0.7818918,0.000119684,0.47795308
0.577633696,0.650130833,0.640987205,0.613110595,0.613110595,0.999167598,0.797648157,0.809558647,0.303561023,0.781833835,0.000114133,0.467725187
0.536196558,0.604611862,0.595106804,0.602740022,0.603165223,0.998988037,0.797603058,0.809515031,0.303857829,0.781792291,0.000134254,0.472588343
0.377809194,0.454208461,0.422453022,0.602343649,0.602343649,0.998788256,0.797009439,0.808976013,0.303238596,0.781090114,0.000321007,0.46392223
0.480524545,0.536851287,0.534932277,0.614378991,0.61415558,0.998970359,0.797384895,0.809313615,0.30351365,0.781571378,0.000328292,0.464145341
0.515770487,0.567051897,0.560576048,0.606783032,0.606775826,0.99901808,0.797468868,0.809374287,0.303560539,0.781638185,0.000162007,0.459486844
0.536684054,0.62456389,0.592697682,0.626046786,0.626046786,0.999213586,0.797662821,0.809563073,0.303490446,0.781778396,0.000275677,0.458008941
0.554526398,0.589620584,0.613737352,0.617535566,0.617535566,0.999140906,0.797579263,0.809487298,0.303496489,0.781758887,0.000211846,0.469971398
0.440842393,0.481737898,0.48316291,0.589371424,0.589371424,0.998532088,0.796590129,0.808563418,0.303041853,0.780763095,0.000369227,0.458337737
0.547067713,0.584496293,0.605225119,0.617730149,0.617730149,0.999224216,0.79762201,0.809523493,0.303396909,0.781800712,0.000131594,0.471457689
0.484765758,0.541921064,0.539215161,0.600837429,0.600988772,0.998983531,0.797402879,0.809328328,0.303517517,0.781586255,0.000103842,0.460035396
0.565885049,0.619984736,0.60399379,0.611647617,0.611647617,0.999154425,0.797641931,0.809499537,0.3035777,0.781771659,0.000103842,0.470566921
0.564715059,0.605593109,0.620429359,0.62008677,0.62008677,0.999220518,0.79767126,0.809605908,0.303490688,0.781888712,0.000173108,0.465663505
0.510505533,0.543447449,0.558809358,0.60609118,0.60609118,0.999011031,0.797437741,0.809372464,0.303520901,0.781639027,0.000158191,0.480006375
0.570565008,0.598342782,0.603886718,0.612512432,0.612699808,0.999149919,0.797730608,0.809556824,0.303742055,0.781831308,0.000125234,0.469463107
0.490469458,0.528510685,0.53991113,0.609874746,0.610206258,0.999130392,0.797330942,0.809270129,0.303084634,0.781616571,0.000104767,0.470566921
0.445863599,0.491604884,0.49660046,0.600570778,0.601161735,0.998870873,0.797079024,0.809024187,0.303187356,0.781259097,0.000219362,0.461791768
0.470920879,0.491550371,0.518175491,0.603748973,0.604851612,0.998976367,0.796915644,0.808870814,0.302681239,0.781361272,0.000172992,0.470664217
0.504655584,0.522241605,0.548423363,0.603885902,0.603943556,0.998910274,0.797297325,0.809228987,0.303486096,0.781543027,0.000224566,0.462695956
0.484180763,0.5710314,0.537127255,0.602855331,0.602855331,0.999012649,0.797549935,0.809460478,0.303713535,0.781595378,0.000104651,0.465765834
0.480329547,0.513301352,0.530167568,0.597940299,0.597961919,0.998917438,0.797287642,0.809198911,0.303454433,0.781438606,0.000121418,0.464875066
0.540632769,0.590547318,0.600513946,0.620209285,0.620209285,0.999216359,0.797664758,0.809574661,0.303488029,0.781877624,0.000179237,0.466602921
0.503924341,0.550425207,0.556935596,0.605788495,0.605788495,0.999047775,0.797458907,0.809369991,0.303480779,0.781631869,0.000116446,0.467265544
0.507824307,0.554186655,0.558166925,0.608325286,0.608397354,0.99908475,0.797512998,0.809400847,0.303498181,0.781673834,0.000121534,0.462526526
0.552966412,0.638410379,0.617752556,0.612714222,0.611993543,0.999135245,0.798046162,0.809956009,0.304324308,0.782181064,0.000128588,0.478449628
0.522059182,0.580843873,0.580437925,0.607244267,0.607136165,0.999078511,0.797512445,0.809432095,0.303510266,0.781700922,0.000107426,0.464472459
0.512163019,0.558111644,0.566036726,0.622270428,0.621989363,0.999117797,0.797552425,0.809450322,0.303497939,0.78171987,0.000306437,0.479707775
0.541461512,0.589511557,0.608597891,0.622457804,0.622457804,0.999193711,0.79764705,0.809594321,0.303504465,0.781870326,0.00023798,0.472261225
0.547847706,0.594199738,0.591466353,0.617989593,0.617535566,0.999252063,0.797597247,0.809476492,0.303295395,0.781757063,0.000100719,0.463974233
0.500170624,0.566561273,0.558755822,0.606055146,0.606055146,0.999033101,0.797428749,0.809357362,0.303459026,0.781618957,0.000135526,0.459933067
0.432457466,0.445704317,0.451951389,0.588131855,0.588131855,0.998752899,0.796987304,0.808817694,0.303274126,0.781033412,0.000128357,0.459681437
0.498756886,0.552878325,0.552385031,0.600959945,0.600959945,0.998986535,0.797409934,0.809332233,0.303523559,0.781593553,0.000100372,0.458619562
0.465655926,0.494875709,0.513464318,0.588160683,0.588160683,0.998724705,0.797018293,0.809027572,0.303386999,0.781257272,0.000156919,0.459768669
0.524009165,0.581988661,0.580705605,0.608505456,0.60818115,0.999031137,0.797610251,0.809516463,0.303780243,0.781795659,0.000171605,0.4656937
0.60225223,0.65825338,0.641469029,0.611885441,0.611885441,0.999161358,0.79761537,0.809489251,0.303516792,0.781761694,0.000100719,0.465463879
0.539852776,0.585750109,0.580330853,0.614775364,0.614249269,0.999120801,0.797507049,0.809394858,0.303412136,0.781658676,0.000179121,0.485652936
0.570077512,0.616005233,0.641950854,0.627516972,0.627516972,0.999267893,0.79773379,0.809681553,0.30350084,0.781963519,0.000244918,0.478446273
0.512845513,0.565580026,0.553884041,0.610681907,0.610660286,0.999097345,0.797481456,0.809372985,0.303416728,0.781641554,0.000145008,0.465980557
0.719641203,0.788432185,0.767492906,0.639703657,0.638392021,0.999498641,0.797975055,0.809808105,0.30343969,0.782105134,0.000188603,0.556635884
0.54745771,0.620093764,0.608437283,0.614573574,0.614573574,0.999011262,0.79764871,0.80956086,0.30388925,0.781830045,0.000294179,0.483400015
0.469263394,0.507359355,0.522190695,0.608462215,0.608462215,0.998643938,0.797107246,0.809050096,0.303711359,0.781293904,0.000563612,0.455658724
0.396187783,0.455789359,0.455859521,0.596599836,0.596599836,0.998466342,0.79551384,0.807911129,0.301298962,0.780086322,0.000551008,0.463392131
0.523082923,0.5809529,0.57915306,0.608296459,0.608296459,0.999058637,0.797457939,0.809376501,0.303456367,0.781647589,0.000145933,0.464747574
0.572076244,0.628379852,0.632100219,0.616432926,0.616432926,0.999148879,0.797561417,0.809485866,0.303448633,0.781769975,0.000186059,0.467408134
0.611953395,0.678696031,0.670164356,0.619647155,0.619647155,0.999180192,0.797659916,0.809560209,0.303555222,0.781843238,0.000206411,0.471341939
0.617754595,0.694341474,0.679319021,0.627718762,0.627718762,0.99917118,0.797628236,0.809531956,0.303518725,0.781807168,0.000344944,0.465841323
0.44113489,0.496674662,0.487767011,0.597104311,0.597104311,0.998875957,0.797126752,0.809065199,0.303260349,0.781304009,0.000149287,0.460053849
0.580704919,0.626471871,0.615825258,0.622032604,0.622032604,0.999205151,0.797630726,0.809490553,0.303452016,0.781768712,0.000219709,0.474903332
0.537074051,0.576210205,0.581348038,0.619416538,0.619416538,0.999166905,0.797576358,0.809442901,0.303437031,0.781740501,0.000216125,0.469441299
0.391702823,0.417248147,0.437014829,0.59955462,0.59955462,0.998821996,0.797154973,0.809095014,0.303422287,0.781336149,0.00024249,0.454435805
0.731828596,0.805876581,0.803897425,0.644625895,0.644625895,0.999554219,0.798069127,0.809939734,0.303487788,0.782248713,0.000232776,0.465462201
0.463169697,0.546445704,0.540285883,0.612498018,0.612498018,0.998939045,0.797349895,0.809339394,0.303518,0.781597483,0.000333033,0.449376379
0.362111832,0.393861753,0.404518443,0.591057813,0.591057813,0.997891263,0.795210459,0.80726496,0.301971852,0.779363372,0.001037722,0.422458754
0.380002925,0.411197122,0.41624284,0.597558339,0.597558339,0.998664852,0.796945387,0.808897765,0.303385066,0.781122815,0.00036784,0.455366834
0.636230683,0.672645007,0.680603887,0.623574857,0.623574857,0.999245014,0.797712623,0.809589634,0.303511474,0.781868361,0.000204561,0.474391686
0.508165554,0.569777584,0.557417421,0.619301229,0.619301229,0.999116064,0.797543986,0.809434959,0.303486579,0.781702747,0.000265039,0.461768283
0.579632428,0.653401657,0.635794207,0.615056429,0.614234855,0.999190476,0.797682327,0.8095744,0.303572866,0.781851238,0.000109276,0.462543301
0.49602691,0.545573485,0.55158199,0.604239035,0.604239035,0.999038878,0.797469144,0.809390692,0.303517758,0.781646326,0.000100719,0.463397163
0.498123141,0.5638901,0.552277959,0.607885671,0.607885671,0.999071809,0.797491417,0.809406576,0.303487788,0.781670887,0.000126159,0.465738993
0.460878467,0.550098125,0.516783554,0.610148604,0.610523357,0.999085559,0.797436219,0.809373636,0.303362104,0.781567308,0.000154722,0.470714543
0.53605031,0.582642826,0.586433963,0.609341443,0.60934865,0.999103354,0.797599184,0.8094817,0.303609846,0.78175201,0.000118065,0.476901269
0.461073466,0.526602704,0.512232989,0.601558108,0.601421179,0.998936388,0.797356812,0.809288617,0.303535402,0.781541483,0.000157959,0.454392189
0.472773363,0.536524204,0.525349323,0.608094668,0.608346906,0.999013689,0.79739029,0.809314396,0.303432439,0.781572641,0.000191725,0.462447682
0.491541949,0.549334932,0.539804058,0.600549158,0.600743741,0.998945285,0.797445903,0.809351372,0.303672446,0.781617133,0.000138186,0.465651762
0.485545751,0.51122983,0.531827186,0.607424437,0.607424437,0.998986073,0.797335231,0.809254115,0.303394009,0.781582045,0.000204677,0.46586313
0.576512456,0.605702137,0.642914503,0.611582756,0.611582756,0.999157083,0.797595726,0.809518676,0.303491413,0.781798887,0.000100141,0.474326263
0.491200702,0.547535979,0.548476899,0.609478372,0.609961227,0.999002712,0.79741533,0.809347857,0.303499148,0.781616711,0.000228498,0.462098756
0.501876859,0.561055386,0.552492103,0.604606581,0.604613788,0.999039456,0.797436911,0.809351242,0.303459992,0.781613062,0.000106039,0.453875511
0.585774874,0.645987789,0.624123347,0.625405382,0.625405382,0.999269626,0.797699758,0.809551225,0.303437756,0.781804501,0.000209302,0.45720205
0.541949008,0.582043175,0.608919107,0.61262774,0.61262774,0.99909411,0.797532089,0.809474539,0.303511958,0.781747378,0.000179815,0.474554406
0.491639448,0.542466201,0.540018202,0.618767927,0.618767927,0.999129352,0.797457662,0.809379886,0.303308447,0.781643238,0.000243184,0.459379482
0.533369083,0.578608809,0.595374485,0.615200565,0.615200565,0.999187356,0.797605548,0.809533779,0.303445249,0.781812642,0.000127894,0.474066246
0.542485253,0.5980157,0.585095562,0.611071073,0.611071073,0.999143795,0.797597524,0.80946829,0.303522351,0.781735729,0.000105345,0.462201085
0.540486521,0.574738334,0.59135928,0.616951815,0.61548163,0.999190476,0.797543848,0.809474409,0.303331167,0.781745133,0.000129282,0.465886616
0.591088578,0.623637157,0.642164998,0.625715274,0.625715274,0.999338492,0.797716774,0.809618017,0.303323433,0.781905695,0.000145355,0.483498989
0.50509433,0.553914086,0.560576048,0.604512893,0.604779544,0.999024088,0.797437464,0.8093959,0.303493347,0.781657834,0.000124078,0.474336328
0.475015844,0.482010467,0.529739279,0.60492368,0.605543464,0.998925873,0.797047206,0.808996585,0.303016958,0.781442115,0.000234626,0.46716657
0.56569005,0.617095508,0.613255528,0.615294253,0.615294253,0.999210697,0.79773462,0.809590936,0.303621931,0.781873835,0.000106039,0.474722159
0.456442256,0.477758395,0.494833771,0.584031191,0.58436991,0.998558664,0.796876494,0.808832927,0.303486821,0.781025271,0.000262495,0.462471167
0.468678399,0.497928478,0.521548263,0.587713862,0.587713862,0.998757405,0.797178629,0.809117278,0.303598728,0.781362956,0.00011714,0.463138824
0.516989226,0.573375491,0.578296483,0.613521383,0.613521383,0.999148301,0.797620627,0.809555652,0.303553288,0.781844502,0.000140036,0.468778675
0.489640716,0.550534235,0.554740618,0.607337955,0.607337955,0.999065107,0.79741118,0.8093696,0.303361379,0.781632852,0.000124078,0.478765003
0.535904061,0.581498038,0.579527812,0.606264143,0.606321798,0.999065223,0.797641931,0.809491074,0.303764291,0.781742747,0.000107658,0.466587823
0.495198167,0.55849324,0.542855613,0.607842431,0.608166736,0.999063605,0.797533196,0.809430142,0.3035777,0.781663168,0.000138879,0.455858349
0.600740994,0.673626254,0.670432036,0.615524871,0.614977154,0.99920723,0.798059305,0.809964211,0.304196449,0.782285625,0.00010442,0.475477047
0.528104129,0.578499782,0.585577386,0.605067816,0.605118263,0.999049855,0.797484777,0.809424543,0.303521867,0.781696291,0.00010361,0.464019526
0.475893336,0.51122983,0.522779592,0.595273786,0.595273786,0.998867291,0.797223452,0.809095274,0.303447182,0.781330255,0.000128472,0.468966558
0.460439721,0.497982992,0.523903849,0.599720376,0.599893339,0.998704022,0.796861968,0.808940339,0.303157144,0.78135622,0.00036599,0.476582539
0.478184566,0.50757741,0.531934258,0.605745254,0.605745254,0.9988577,0.797184578,0.809122616,0.303399326,0.781344991,0.00030609,0.462524848
0.591478575,0.635521151,0.631029498,0.616706784,0.61646896,0.999219478,0.797797426,0.809632729,0.303713293,0.781923519,0.000116215,0.47566493
0.521717935,0.580407763,0.571925692,0.607590193,0.607590193,0.999050086,0.797478551,0.809385484,0.303510749,0.781649273,0.000143158,0.467522206
0.473699605,0.477649368,0.492317576,0.601046426,0.601046426,0.99895268,0.797175032,0.808981221,0.303183972,0.78120871,0.000135642,0.46393565
0.49251694,0.547481465,0.547834467,0.601687831,0.601687831,0.998987922,0.797408136,0.809333535,0.303517517,0.781600852,0.000110664,0.472754418
0.477599571,0.494657654,0.519032068,0.589054325,0.589054325,0.998770346,0.797105309,0.80906598,0.303443557,0.781306676,0.000125697,0.462784865
0.554380149,0.618512865,0.60956154,0.607856844,0.607885671,0.999043269,0.797757584,0.809638197,0.304012274,0.781921695,0.000154722,0.467674861
0.570711256,0.646478413,0.630226458,0.61128007,0.610941351,0.999135013,0.797604441,0.809511906,0.303552805,0.781786536,0.000112052,0.47390017
0.51542924,0.565470999,0.560736656,0.613852895,0.613045734,0.999081168,0.797453373,0.809357622,0.303401501,0.781618957,0.000199589,0.471927397
0.542436504,0.562636284,0.599014937,0.619394918,0.619394918,0.999136516,0.797548413,0.8094485,0.303451775,0.781714256,0.000246074,0.485151355
0.471603373,0.526657218,0.52037047,0.605615532,0.605622739,0.998975212,0.797350725,0.809281326,0.303443799,0.781538115,0.000186522,0.46117276
0.696290157,0.760030528,0.738958188,0.639941481,0.640128857,0.99951008,0.798052803,0.809860053,0.303551596,0.782159871,0.000204908,0.521635926
0.526641642,0.590547318,0.578350019,0.612865565,0.612865565,0.999035758,0.797589639,0.809483523,0.303734562,0.781749203,0.000242143,0.471407363
0.504070589,0.539140863,0.56041544,0.615625766,0.615625766,0.999024088,0.797397069,0.809322859,0.303422771,0.781594676,0.000298111,0.462851966
0.345634476,0.38988225,0.394989025,0.599165454,0.599165454,0.99773123,0.794828363,0.807148954,0.301639033,0.779237197,0.001327854,0.450788858
0.513918003,0.573866114,0.567482199,0.606329004,0.606170455,0.999027555,0.79744618,0.80936322,0.303501081,0.781625554,0.000142927,0.459790477
0.517476722,0.555058875,0.564270036,0.607611813,0.607525332,0.999027208,0.797427227,0.809347987,0.303468694,0.781614325,0.000165013,0.464645245
0.644859357,0.694068905,0.681888752,0.620360628,0.620360628,0.999249521,0.79773545,0.809587941,0.30354217,0.781868221,0.000148477,0.475270711
0.553307659,0.623964239,0.60982922,0.625001802,0.625001802,0.999141715,0.797578295,0.809484174,0.303493347,0.781758045,0.000330836,0.460832222
0.595914786,0.657490188,0.645644842,0.623243345,0.623243345,0.999237966,0.797722861,0.809598747,0.303544345,0.781880993,0.00020618,0.46917625
0.511578024,0.560946358,0.558220461,0.617304948,0.617304948,0.999133049,0.797555607,0.809427538,0.303471594,0.781694606,0.000216009,0.467448395
0.531077853,0.591419538,0.585577386,0.603460701,0.603518356,0.998976252,0.797453235,0.809370642,0.303620722,0.781636501,0.000151715,0.453283343
0.588992346,0.636883995,0.641094277,0.611150348,0.611150348,0.999144257,0.797691181,0.80956724,0.303685014,0.781862466,0.000106039,0.463319997
0.780139424,0.875599651,0.869157878,0.640071203,0.640071203,0.999592118,0.798052249,0.80995002,0.303379023,0.782272713,0.000121881,0.472761128
0.59659728,0.670518971,0.652925745,0.604866026,0.604779544,0.998987575,0.798152546,0.809988688,0.304818824,0.78229952,0.000160503,0.462806673
0.378101692,0.435346707,0.428716741,0.607892878,0.607892878,0.998325027,0.796626374,0.808670961,0.303538545,0.780878745,0.000873634,0.447950479
0.438989909,0.475741387,0.481449756,0.597197999,0.597197999,0.998544452,0.796853114,0.808810923,0.303475461,0.781029622,0.000482551,0.454422385
0.542631502,0.610226777,0.596498742,0.607366782,0.606992029,0.999050664,0.797555469,0.809459176,0.303643684,0.781728712,0.000132982,0.458591044
0.528104129,0.586676843,0.580652069,0.610537771,0.610537771,0.999075969,0.7975112,0.809430272,0.303513408,0.781697413,0.000164551,0.459669695
0.596889777,0.642989533,0.648749933,0.617946353,0.617946353,0.999177997,0.79764705,0.809548101,0.303537578,0.781823449,0.000181318,0.469110826
0.510944279,0.583842128,0.566679158,0.604534513,0.60454172,0.998940432,0.797497642,0.809414909,0.303773476,0.781680992,0.000203983,0.462355418
0.526349144,0.58313345,0.569088281,0.608029807,0.608029807,0.999064183,0.797493354,0.809386786,0.30350664,0.781650676,0.000135989,0.463232765
0.490128211,0.536142608,0.538197976,0.619935427,0.619935427,0.998915705,0.797409381,0.809334447,0.303670754,0.78159622,0.000475613,0.45105894
0.511870521,0.537668993,0.555008298,0.600686087,0.600686087,0.998971861,0.79738116,0.809307887,0.30350374,0.78156422,0.000110548,0.462484588
0.466630917,0.477594854,0.504577333,0.596614249,0.596614249,0.998877805,0.797241297,0.809176257,0.303456609,0.781423729,0.000139458,0.45238251
0.526641642,0.571576537,0.576315649,0.611669237,0.611669237,0.999063028,0.797505389,0.80942246,0.303530327,0.781689133,0.000195657,0.465770866
0.521815434,0.599487571,0.586594571,0.605392122,0.605392122,0.999054593,0.797471219,0.809402149,0.303488271,0.781666676,0.000103379,0.461501556
0.487398235,0.559310946,0.551689063,0.607554159,0.607554159,0.999038069,0.7974928,0.809518936,0.303560539,0.781782186,0.000154606,0.445667363
0.432993711,0.484027475,0.481931581,0.591461393,0.591461393,0.998549651,0.796878154,0.808830323,0.303508332,0.781050815,0.000385185,0.443380891
0.507726807,0.571631051,0.557310349,0.605615532,0.605615532,0.999049509,0.797477168,0.809383271,0.303509299,0.781646887,0.000112167,0.457950228
0.475357091,0.524585696,0.530435248,0.601349111,0.60126263,0.998975327,0.797335646,0.809271431,0.303417212,0.78152436,0.000116446,0.465482331
0.520547945,0.593163977,0.576529793,0.614249269,0.614256475,0.999078164,0.797559065,0.809469982,0.303592443,0.781734747,0.000222022,0.467701702
0.542095257,0.6150785,0.596338134,0.6149195,0.614789778,0.999175917,0.797633078,0.809529222,0.303517517,0.781795519,0.000132866,0.485659646
0.492370692,0.557130397,0.535628246,0.610415255,0.61049453,0.999092839,0.797521714,0.809399936,0.303496731,0.781642115,0.00014709,0.469640925
0.521522937,0.559583515,0.568124632,0.61204399,0.612029577,0.99912369,0.797516595,0.809398113,0.303423012,0.781662606,0.00014073,0.468758545
0.351045678,0.39745966,0.388189946,0.593472088,0.593551363,0.998720892,0.796887699,0.808842171,0.303166812,0.781063868,0.000247346,0.463563239
0.48798323,0.54813563,0.537716152,0.606408279,0.606278557,0.998990002,0.797441753,0.809349419,0.303571899,0.781610396,0.000182243,0.464089983
0.409496417,0.420137375,0.465174795,0.598178123,0.59802678,0.998919865,0.797033648,0.809004397,0.303005598,0.781396641,0.000120031,0.453451096
0.440793643,0.492040994,0.485893249,0.610386428,0.610386428,0.998909812,0.797220131,0.809156337,0.303352195,0.781387518,0.000328408,0.466044304
0.530834105,0.559474488,0.588093581,0.604296689,0.604296689,0.999014382,0.79748284,0.809397462,0.303592685,0.78161994,0.000126044,0.478110767
0.495393165,0.54988007,0.54751325,0.605060609,0.605233572,0.998966083,0.797438156,0.809350721,0.303615647,0.781611799,0.000189413,0.462850289
0.465753425,0.52654819,0.517907811,0.601695037,0.601695037,0.998980642,0.797365666,0.809292393,0.303458542,0.781549483,0.000118065,0.483874756
0.576999951,0.630178805,0.620804112,0.621773159,0.621773159,0.999207693,0.797662821,0.80952792,0.303502773,0.78180408,0.000212887,0.471695898
0.470384634,0.476068469,0.514053215,0.596542181,0.596542181,0.998807322,0.797183194,0.809084468,0.30350229,0.781324921,0.00020884,0.464521108
0.399161507,0.349105975,0.428341988,0.552753715,0.552753715,0.998065739,0.795273404,0.807233582,0.30171686,0.780216848,0.000248387,0.46088758
0.485497002,0.520824248,0.543230366,0.59780337,0.59780337,0.998896177,0.797237424,0.809196698,0.303410928,0.781446185,0.000140036,0.474088053
0.543313996,0.599869167,0.58552385,0.612735842,0.612735842,0.999158816,0.797640825,0.809500579,0.30356634,0.781765484,0.000116908,0.470915847
0.528299127,0.561709551,0.572728733,0.608238804,0.609197308,0.999085906,0.797546892,0.809444984,0.303554738,0.781713413,0.000133098,0.471066824
0.523667918,0.546936328,0.565233685,0.608310872,0.608310872,0.998995317,0.797481041,0.809380537,0.303629423,0.78164408,0.000209649,0.476399688
0.421635061,0.44237898,0.45832218,0.588679572,0.589320976,0.998770231,0.79695936,0.808910915,0.303188565,0.781137552,0.000130091,0.458455164
0.48344952,0.520442652,0.535092885,0.602012136,0.602235547,0.998985958,0.797287642,0.809198521,0.303311106,0.7814445,0.000121418,0.470949397
0.532345342,0.581934147,0.589967343,0.614487093,0.614436645,0.999142755,0.797566674,0.809483913,0.303470627,0.781765343,0.000160272,0.467337678
0.550723931,0.612679895,0.59869372,0.615265426,0.615265426,0.999202493,0.797726042,0.809598747,0.303624106,0.781857273,0.000113786,0.472553115
0.365378053,0.363715656,0.393115263,0.595626919,0.595626919,0.998200352,0.796362144,0.808343775,0.303337209,0.780560007,0.000801592,0.46230006
0.537707795,0.586240733,0.594036083,0.615251013,0.615251013,0.99918597,0.797681497,0.80957375,0.303580842,0.781822607,0.000130091,0.459352642
0.511334276,0.565852595,0.557738637,0.608094668,0.608094668,0.999062796,0.79761039,0.809472065,0.30371426,0.781733203,0.000138533,0.462704344
0.515867986,0.575937636,0.561593233,0.601716658,0.601716658,0.998998783,0.797428472,0.809342259,0.303530327,0.781603238,0.000100257,0.455574847
0.477404573,0.540449193,0.533219123,0.604239035,0.604303896,0.999033216,0.797407583,0.809341738,0.303421804,0.78160015,0.000107311,0.462758025
0.532296592,0.595344527,0.585898603,0.602307615,0.602120238,0.998981913,0.79797796,0.809849377,0.304525401,0.782146958,0.0001235,0.467384649
0.495734412,0.546118622,0.547673858,0.618667032,0.618703066,0.999087524,0.797511476,0.809403451,0.303489721,0.781665694,0.000284003,0.469456397
0.515672988,0.55353249,0.576315649,0.609420718,0.609298203,0.999042922,0.797490034,0.809428579,0.303545312,0.781694466,0.000177618,0.472579955
0.440306147,0.502507632,0.491086247,0.606963202,0.606963202,0.999054593,0.79722442,0.809183808,0.30305708,0.781397483,0.000128588,0.47083197
0.541315263,0.598833406,0.588521869,0.608289252,0.608289252,0.999076893,0.797519085,0.809416341,0.303525493,0.781682536,0.000127547,0.469006819
0.514064252,0.572666812,0.565876118,0.610523357,0.610523357,0.99912785,0.797585627,0.809500318,0.303534677,0.781755378,0.000112399,0.464715701
0.539170282,0.593273005,0.586273355,0.606948789,0.606948789,0.999077355,0.797485192,0.809393947,0.303464826,0.781657273,0.000105576,0.463071723
0.489543216,0.556912342,0.543926334,0.600945531,0.600938324,0.998959728,0.797529461,0.809466597,0.30378822,0.781718045,0.000126853,0.460516847
0.55891386,0.616822939,0.598640184,0.611373759,0.61128007,0.999137324,0.797610805,0.809479096,0.303559331,0.78174008,0.000115058,0.475777325
0.518061717,0.579753598,0.569677178,0.611770132,0.611993543,0.999066956,0.797494461,0.809401629,0.303503015,0.781663589,0.000196929,0.467698347
0.497489397,0.5170628,0.553027464,0.609240548,0.609240548,0.99893685,0.79728529,0.809216879,0.303409719,0.781492501,0.000282963,0.467787256
0.721347438,0.797208897,0.778360726,0.641080154,0.638355987,0.999520595,0.798086281,0.80992359,0.303588093,0.78223566,0.000165938,0.565869002
0.392872812,0.461077191,0.455966594,0.60126263,0.602372476,0.998394009,0.796581552,0.808708328,0.303315698,0.780847306,0.000716021,0.457556008
0.582606152,0.622710423,0.640933669,0.626147682,0.626147682,0.999347505,0.797809185,0.809685459,0.303466035,0.781974326,0.000143389,0.46876861
0.407546434,0.486044483,0.472562771,0.613456521,0.614105133,0.998941703,0.796123091,0.808470197,0.301369055,0.780657551,0.00035616,0.472952367
0.432603715,0.489696904,0.483912415,0.603136396,0.605363294,0.998831818,0.797140862,0.80911194,0.30337709,0.781354114,0.000325864,0.461998104
0.529664115,0.586513301,0.579260132,0.606552415,0.606595656,0.999057366,0.797476615,0.809383401,0.303491897,0.78164829,0.000119915,0.463833321
0.454346024,0.488933711,0.500026768,0.60470027,0.604592168,0.998989424,0.797225388,0.809183548,0.30319509,0.78142415,0.000155762,0.462432584
0.56339882,0.613116005,0.606884737,0.621066893,0.621066893,0.999174646,0.797633354,0.809510213,0.303520417,0.781779659,0.000234742,0.479600413
0.516452981,0.578499782,0.567160983,0.623286585,0.623286585,0.999091914,0.797520192,0.809421679,0.303495764,0.781688291,0.000353154,0.451387736
0.444937357,0.508613171,0.495315595,0.607705502,0.607705502,0.998790914,0.797218056,0.809162977,0.303597277,0.781409413,0.000404265,0.457899902
0.557305124,0.614696904,0.604154398,0.620540798,0.620598452,0.999243512,0.797709995,0.809569844,0.303510024,0.781846607,0.000158306,0.468216703
0.54623897,0.599269516,0.593929011,0.605204745,0.605219159,0.999018426,0.797468176,0.809376501,0.303558606,0.781645203,0.000136798,0.471398975
0.510213036,0.568414741,0.556400236,0.607316335,0.607294715,0.999025244,0.797792169,0.80960695,0.304110404,0.781883238,0.000163279,0.463157277
0.499049383,0.54317488,0.547406178,0.5976232,0.597392583,0.998907039,0.797448255,0.809371032,0.303756799,0.781633694,0.00012269,0.464552981
0.56798128,0.643807239,0.63643664,0.624850459,0.625693654,0.999370268,0.79768786,0.809612939,0.303206209,0.7818998,0.000113208,0.480469373
0.529079121,0.589184474,0.575244927,0.621081307,0.621081307,0.999192325,0.797631418,0.809506047,0.303480053,0.78178008,0.000217281,0.457730471
0.551308926,0.624291321,0.616949515,0.614443852,0.614443852,0.999196716,0.797688829,0.80961385,0.303571174,0.78188773,0.000106386,0.464235928
0.494661922,0.551351941,0.541999036,0.606509174,0.606552415,0.999003521,0.797480211,0.809383792,0.303611054,0.781640431,0.000173108,0.463236121
0.431189977,0.468872656,0.474061781,0.60090229,0.60090229,0.998901955,0.797140171,0.809081083,0.30322917,0.781343588,0.000184093,0.453910739
0.514161751,0.551460968,0.560040687,0.607309128,0.607309128,0.999038185,0.797442168,0.809359314,0.303471836,0.781621062,0.000150559,0.461051978
0.545263979,0.612788923,0.594517908,0.606365038,0.606415486,0.999021084,0.797596694,0.809485866,0.303777585,0.781757484,0.000153334,0.464677118
0.377516697,0.429568251,0.419455003,0.58356275,0.58356275,0.998204165,0.79647752,0.808457437,0.303531052,0.780645341,0.000604201,0.425322295
0.527762882,0.574411252,0.57155094,0.607431644,0.607330748,0.999074005,0.797475093,0.809371423,0.303454433,0.781646326,0.000114943,0.464720733
0.500853118,0.561327955,0.55688206,0.613514176,0.613514176,0.99904662,0.797549797,0.809466597,0.303642233,0.781733624,0.00024168,0.464373485
0.506995564,0.518752726,0.547941539,0.596974589,0.596974589,0.998888436,0.797285151,0.80921154,0.303510749,0.781479588,0.000134601,0.491264269
0.627163262,0.684419974,0.68558274,0.612973666,0.612973666,0.999158816,0.797604303,0.809514119,0.303503015,0.781791308,0.000120724,0.46669854
0.560522595,0.605102486,0.600835162,0.615070843,0.614760951,0.9991743,0.797612465,0.809484955,0.303484646,0.781756782,0.000133907,0.465512527
0.530882855,0.622601396,0.587879437,0.606156041,0.605975872,0.999023048,0.797683157,0.809590545,0.303924538,0.781806466,0.000144314,0.447960545
0.562960074,0.616550371,0.601263451,0.60624973,0.606148835,0.999064992,0.797505389,0.809399936,0.303525976,0.781664852,0.000105114,0.455866737
0.567591284,0.605702137,0.618823277,0.613074561,0.613074561,0.999165056,0.797620489,0.80953417,0.303518242,0.781810396,0.000116099,0.462429229
0.394920294,0.45769734,0.453129183,0.604484066,0.604484066,0.998366624,0.796582797,0.808699214,0.303374914,0.780909341,0.000777193,0.459513684
0.53366158,0.580298735,0.570266074,0.607582986,0.607532539,0.9990435,0.797626022,0.809471284,0.303781694,0.781733343,0.000148824,0.460669502
0.634085702,0.720617096,0.732801542,0.616281584,0.616281584,0.999191978,0.797679283,0.809669184,0.303564406,0.781955098,0.000140614,0.47972455
0.492711939,0.551460968,0.544515231,0.612015163,0.612015163,0.998984802,0.797441753,0.809367126,0.303582775,0.781631168,0.000279378,0.475732032
0.524204163,0.564925861,0.573478238,0.615214979,0.615214979,0.999080129,0.797455172,0.809377542,0.303406819,0.781639589,0.000235436,0.476924754
0.411105153,0.465983428,0.455645377,0.61624555,0.615906831,0.998919518,0.797126752,0.809068454,0.303168987,0.78130836,0.000407272,0.462430907
0.409496417,0.481356302,0.491407463,0.601745485,0.601745485,0.998423705,0.796591789,0.808873288,0.303271709,0.781146535,0.000676242,0.443218171
0.971530249,1,1,0.640035169,0.640035169,0.999570858,0.798105234,0.809905623,0.303516067,0.782209555,0.00014258,0.509656694
0.428898747,0.479448321,0.476685047,0.602884158,0.602884158,0.998385574,0.796681157,0.808693876,0.303507365,0.780909341,0.000732557,0.420779548
0.563740067,0.620584387,0.619786926,0.612750256,0.613096182,0.999061641,0.797729501,0.809614111,0.303924779,0.781904431,0.000219941,0.454501229
0.425876274,0.46849106,0.47122437,0.5957134,0.5957134,0.998721701,0.797019123,0.808983565,0.303394492,0.781215588,0.000281112,0.455985842
0.427826257,0.443414741,0.463729322,0.5964557,0.5964557,0.998475354,0.796661651,0.808636198,0.303285486,0.780841552,0.00053956,0.443119197
0.335299566,0.39571522,0.390973821,0.566749305,0.566749305,0.99823363,0.796461196,0.808557169,0.303440898,0.780756358,0.000304933,0.446189074
0.436747428,0.499727431,0.478933562,0.606999236,0.606992029,0.998813908,0.797251535,0.809163237,0.303607912,0.781362255,0.000369921,0.458010619
0.548871447,0.624509376,0.601424059,0.611690857,0.611943095,0.99913432,0.797599046,0.809496022,0.303544829,0.781751729,0.000128703,0.480922305
0.535172817,0.60254034,0.589753199,0.611416999,0.610999005,0.999138827,0.79757207,0.809475841,0.303488271,0.7817478,0.000109161,0.472839972
0.532832838,0.594581334,0.574656031,0.611748512,0.611813373,0.999121148,0.797686062,0.809532217,0.303724411,0.781791589,0.000139805,0.465692023
0.540779018,0.577082425,0.581990471,0.608253218,0.608166736,0.99908036,0.797543433,0.809431834,0.303560539,0.781695308,0.000122112,0.465168634
0.495149417,0.564053642,0.546817281,0.605255192,0.604246242,0.998978909,0.797437049,0.809360486,0.303587126,0.781610536,0.000160735,0.463088498
0.490518208,0.570322721,0.553134536,0.604404791,0.604325516,0.998960999,0.797481595,0.809432485,0.303702175,0.781691378,0.00017993,0.464425488
0.491980695,0.545900567,0.539215161,0.609420718,0.609420718,0.999077009,0.797530982,0.8093959,0.303545554,0.781660782,0.000145586,0.4710836
0.518792961,0.568523768,0.557203276,0.598891595,0.599194281,0.998887049,0.797688829,0.809510734,0.304218927,0.781761554,0.000171489,0.483943534
0.506898065,0.538268644,0.551903207,0.599965407,0.599965407,0.99896435,0.797399144,0.809324812,0.303551113,0.781585413,0.000106617,0.458374642
0.478623312,0.528129089,0.524867498,0.602862538,0.602862538,0.999014844,0.797374243,0.809292653,0.303401985,0.781564641,0.000102454,0.454972614
0.499634378,0.567542521,0.553455752,0.616389686,0.616396892,0.99908683,0.797522959,0.809433787,0.303511233,0.781697694,0.000247693,0.459027201
0.431726222,0.365296555,0.470581937,0.58971735,0.589818245,0.998615744,0.796650999,0.808575657,0.302973211,0.78098892,0.000292676,0.465024366
0.478769561,0.505015264,0.519674501,0.598055608,0.598055608,0.998866251,0.797220685,0.809154384,0.303444765,0.781389062,0.000174264,0.459320769
0.49943938,0.515100305,0.541195996,0.601399559,0.601399559,0.998907617,0.797337582,0.809169096,0.303561989,0.781406465,0.00018629,0.491188781
0.493881929,0.55440471,0.545104128,0.603669698,0.603669698,0.998973825,0.797498887,0.809400457,0.303705559,0.781666255,0.000156687,0.463393808
0.581241164,0.59976014,0.625194068,0.617513945,0.617513945,0.999191978,0.797657287,0.809549663,0.303525976,0.781826677,0.000160388,0.47049982
0.47652708,0.512592673,0.525028106,0.601795932,0.601795932,0.998877112,0.797239776,0.80920464,0.303455158,0.781454606,0.000223178,0.466958557
0.472627115,0.487189272,0.513196638,0.588888569,0.589270529,0.998766764,0.796910664,0.808872507,0.303110979,0.781165623,0.000132751,0.465973847
0.513820504,0.552932839,0.557524493,0.609499993,0.609543234,0.999070654,0.797475231,0.809376501,0.303461684,0.781642957,0.000154028,0.470233093
0.441817384,0.472743131,0.482359869,0.585169864,0.586942735,0.998689117,0.796721691,0.808693095,0.30294324,0.780918043,0.000173108,0.462940876
0.525276654,0.57730048,0.570962043,0.611777339,0.611777339,0.999101158,0.797578572,0.809466857,0.303578425,0.781728852,0.000159231,0.469206445
0.4970994,0.514555168,0.537234327,0.601392352,0.601392352,0.998964581,0.797273116,0.809194745,0.303330442,0.781480851,0.000129282,0.46234032
0.481207039,0.469417793,0.513143102,0.59667911,0.59667911,0.998883698,0.797144459,0.809037467,0.303274609,0.78141236,0.000134485,0.466685119
0.499195632,0.532980811,0.544086943,0.602235547,0.602235547,0.998956724,0.797391535,0.809312053,0.30355353,0.78156829,0.000150559,0.495454736
0.473504607,0.527365896,0.522779592,0.603734559,0.603734559,0.998987575,0.797334401,0.809271822,0.303389416,0.781522255,0.000143852,0.462560076
0.547798957,0.57599215,0.584506665,0.606105594,0.606105594,0.999065916,0.797603196,0.809459697,0.303695165,0.781746817,0.000103495,0.4744504
0.494759421,0.553477976,0.542159645,0.601197769,0.601197769,0.998978678,0.797408551,0.809327156,0.303537819,0.781591308,0.000112052,0.467401424
0.469799639,0.521042303,0.517533059,0.602199513,0.602314821,0.998984455,0.79731531,0.80924422,0.303362588,0.781507799,0.000124194,0.46215747
0.606932189,0.671064108,0.665131966,0.614688883,0.614386198,0.999120339,0.798213693,0.810071494,0.304647943,0.782390047,0.000181896,0.486582287
0.501194365,0.561436982,0.552652712,0.599994235,0.60009513,0.998947711,0.797597247,0.809502792,0.30393203,0.781772642,0.00012535,0.471050049
0.45371228,0.45813345,0.496225708,0.612483605,0.612526845,0.998951062,0.796747975,0.808706375,0.302441232,0.781197482,0.000321585,0.46844317
0.517135475,0.538595726,0.560736656,0.605968665,0.605435362,0.998989424,0.797408413,0.809334707,0.303514858,0.781602536,0.000169292,0.478194644
0.388290352,0.428314435,0.427967236,0.607006443,0.607006443,0.999048006,0.796861,0.808818344,0.302435914,0.781040991,0.000135873,0.468376068
0.520109199,0.544428696,0.571229723,0.607042477,0.607042477,0.999066725,0.797407721,0.809346946,0.303351953,0.781640992,0.000117718,0.491604808
0.503241847,0.5611099,0.550404197,0.604592168,0.604592168,0.999013573,0.797449638,0.809360486,0.303536369,0.781622326,0.000131594,0.472522919
0.445424853,0.497110772,0.491568071,0.600239265,0.600239265,0.998803277,0.797077641,0.809021843,0.303326333,0.781250675,0.000272208,0.457916677
0.464534685,0.521096816,0.51357139,0.602797677,0.602783263,0.999001788,0.797357365,0.809286404,0.303399809,0.781543167,0.000114364,0.461516654
0.509140545,0.505887484,0.544247551,0.596772799,0.596772799,0.998911892,0.797265507,0.809192662,0.303427363,0.781441413,0.000107889,0.465542722
0.505045581,0.565416485,0.549387012,0.610069329,0.610256706,0.999066494,0.797503868,0.809397332,0.303520417,0.78164829,0.000169523,0.480907208
0.509091795,0.565798081,0.561218481,0.610278326,0.610126984,0.999046273,0.797444381,0.809367517,0.303458784,0.78163201,0.000187678,0.474369878
0.527080388,0.536960314,0.56828524,0.612440364,0.612440364,0.998993815,0.797390982,0.80931687,0.303474978,0.781586676,0.000277296,0.462440972
0.652366792,0.721870911,0.701536485,0.641944969,0.641260324,0.99949633,0.798032052,0.80985758,0.303544104,0.782157485,0.000236824,0.518482172
0.420757568,0.459060183,0.468065742,0.613809654,0.606718171,0.998585471,0.796707995,0.808739315,0.303136116,0.780943026,0.00059414,0.439551093
0.560522595,0.592400785,0.608972643,0.621333545,0.621333545,0.999244321,0.797701003,0.809603825,0.303492622,0.781890537,0.000169292,0.470296839
0.375274216,0.437527257,0.436265325,0.596787212,0.597493478,0.998623139,0.795696034,0.808012293,0.301289295,0.780244919,0.000408428,0.465081402
0.39540779,0.446085914,0.440494673,0.602740022,0.599475346,0.998728287,0.796894893,0.808869903,0.303163911,0.7810925,0.000334999,0.458664855
0.489738215,0.543556476,0.535039349,0.60470027,0.604729097,0.998995201,0.797417958,0.809329629,0.303519692,0.781587939,0.000152293,0.463152244
0.374299225,0.363116005,0.408801328,0.596599836,0.596599836,0.998812059,0.796771493,0.80875572,0.302773326,0.781035517,0.000205024,0.459605949
0.529371618,0.578826864,0.572782269,0.618767927,0.618465242,0.999119068,0.797525034,0.809417122,0.303447424,0.781682677,0.000248503,0.488120581
0.490713206,0.551788051,0.539964666,0.619596708,0.619596708,0.999042576,0.797465132,0.809375068,0.303502773,0.781638185,0.000343209,0.465712153
0.419636328,0.473288269,0.463997002,0.599266349,0.599266349,0.998954529,0.797016633,0.808964686,0.30290336,0.781195658,0.000105229,0.454992745
0.584556135,0.660270388,0.643235719,0.623920783,0.623920783,0.999273901,0.797694639,0.809593149,0.30341987,0.781873133,0.000181202,0.474188705
0.549066446,0.61246184,0.597034102,0.618249038,0.618263451,0.999192787,0.797687584,0.809564896,0.303577216,0.781824572,0.000171605,0.488217877
0.581436162,0.641517662,0.62733551,0.609384684,0.609399098,0.999080937,0.797544678,0.809439646,0.303561506,0.781707659,0.000141308,0.472625248
0.463169697,0.518480157,0.51330371,0.602350855,0.60258868,0.998860589,0.79719606,0.809143838,0.303413345,0.781441553,0.00025255,0.479380656
0.42631502,0.440307457,0.464960651,0.581667363,0.582085357,0.998606847,0.796665386,0.808634245,0.303016958,0.780934324,0.000177618,0.459872676
0.493589431,0.54988007,0.542427325,0.607467678,0.609975641,0.999063028,0.797462504,0.80937585,0.303455642,0.781638606,0.000168482,0.478756616
0.538682787,0.622219799,0.606884737,0.619949841,0.619949841,0.999207577,0.797658394,0.809606038,0.30349528,0.781887028,0.000183862,0.459233537
0.476088334,0.561873092,0.518014883,0.602819297,0.602819297,0.99896539,0.797583828,0.809465556,0.303871606,0.781441132,0.000151253,0.467294062
0.499975625,0.548735281,0.547620322,0.60339584,0.603424667,0.998982607,0.797464026,0.809374808,0.303626523,0.781644641,0.000143967,0.462692601
0.458148491,0.491659398,0.502757107,0.600361781,0.600361781,0.998847532,0.797208787,0.809145661,0.303462893,0.781435939,0.000229885,0.467532271
0.509628041,0.537832534,0.553402216,0.604844405,0.604844405,0.999031368,0.797399559,0.809318823,0.303411653,0.781587659,0.000117834,0.462139017
0.493248184,0.544864806,0.544889983,0.605810115,0.605810115,0.999011378,0.797454065,0.80937598,0.303548696,0.781678185,0.000153334,0.468080823
0.481012041,0.549716529,0.532416082,0.601932862,0.602156272,0.998982953,0.797426535,0.809345774,0.303560297,0.781606466,0.000123153,0.462331933
0.408375177,0.452191452,0.45045238,0.588355266,0.588355266,0.998779706,0.797150269,0.809090587,0.303502531,0.781331377,0.000105114,0.448284308
0.502364354,0.559419974,0.54954762,0.605745254,0.605738048,0.999036798,0.797439539,0.809352935,0.303470144,0.781614325,0.000126738,0.465002558
0.504265588,0.553423463,0.557899245,0.609355857,0.609355857,0.99902016,0.797477168,0.809388218,0.303570691,0.781657694,0.000201439,0.472908751
0.507239312,0.520442652,0.548262755,0.597025036,0.597025036,0.998887973,0.797282661,0.809215316,0.303507365,0.781465834,0.000135873,0.487647518
0.385511627,0.435455735,0.437443118,0.591483014,0.591483014,0.998777973,0.797167562,0.809133162,0.303536611,0.781375448,0.00015715,0.457319477
0.459952225,0.498310074,0.504791477,0.597457444,0.597457444,0.998902995,0.797295112,0.809226904,0.303497456,0.781484501,0.000127778,0.461286832
0.53946278,0.594635848,0.588628942,0.611871027,0.611950302,0.999117566,0.797593374,0.809489382,0.303569965,0.781760571,0.000145586,0.476706676
0.529322868,0.588639337,0.577332834,0.60355439,0.60355439,0.999014844,0.797469836,0.809379104,0.303568757,0.781647027,0.000113555,0.471128893
0.392239068,0.460423027,0.434980459,0.599410484,0.599979821,0.998890747,0.79702272,0.808965337,0.303047412,0.781127447,0.000180509,0.468926298
0.538146541,0.598615351,0.586808716,0.606494761,0.606422693,0.999043616,0.797484362,0.809393687,0.303534194,0.781658115,0.000131016,0.469233286
0.524350412,0.5539686,0.571497404,0.608606351,0.608606351,0.999045927,0.79744618,0.809380276,0.303462651,0.781640571,0.000163741,0.469753319
0.509140545,0.539140863,0.553616361,0.602819297,0.602819297,0.998969434,0.797420725,0.809339264,0.303577941,0.781598746,0.000147321,0.47210186
0.539316531,0.595944178,0.589271374,0.614386198,0.614386198,0.999059214,0.797498057,0.809408529,0.303525493,0.781678326,0.000243068,0.459907904
0.575537464,0.620856956,0.630226458,0.60991078,0.60991078,0.999120455,0.797565568,0.809482351,0.303515341,0.781757343,0.00010997,0.477454854
0.522887925,0.547045355,0.567375127,0.607424437,0.607424437,0.999075969,0.797414915,0.809339134,0.303345185,0.781599308,0.000114596,0.463996041
0.504801833,0.557566507,0.552117351,0.612562879,0.612562879,0.999051126,0.797469144,0.809377802,0.303491897,0.781640431,0.000221906,0.475257291
0.493930678,0.53281727,0.540392955,0.605968665,0.605968665,0.998947134,0.797385033,0.809311532,0.303562473,0.781566185,0.000220288,0.463762865
0.479403305,0.533144352,0.523422025,0.61334842,0.61435737,0.999059677,0.797401772,0.809306975,0.303356545,0.781571799,0.000242143,0.470020046
0.407400185,0.470017444,0.475989079,0.597788956,0.597788956,0.998723781,0.797016633,0.809074833,0.303386033,0.781322676,0.00031245,0.435410953
0.651050553,0.709659834,0.705337545,0.632323902,0.632323902,0.9993497,0.797855944,0.809728164,0.303543137,0.782018958,0.000240177,0.489672295
0.488080729,0.576319232,0.541088923,0.609795471,0.609795471,0.998647751,0.797876557,0.80979209,0.305047471,0.781779098,0.000581073,0.453833572
0.551406425,0.599542085,0.587611757,0.623899163,0.623899163,0.999220634,0.797747624,0.809566458,0.303623864,0.781844361,0.000234164,0.464299674
0.508799298,0.561000872,0.554687082,0.614242062,0.614054685,0.999093994,0.797533334,0.809424153,0.303514133,0.781691519,0.000202826,0.469213155
0.492029445,0.533198866,0.539054553,0.60878652,0.60878652,0.998940663,0.797385448,0.809311923,0.303576733,0.781569834,0.000271861,0.451402833
0.591137328,0.627235063,0.645377162,0.620375041,0.620375041,0.999170371,0.797627544,0.809547189,0.303519209,0.781823589,0.00022792,0.46804895
0.334275825,0.399967292,0.399057765,0.568457314,0.568457314,0.998298336,0.79647337,0.808616148,0.303326816,0.780822464,0.000267583,0.455730857
0.50397309,0.57015918,0.557203276,0.608620764,0.608620764,0.999105087,0.797760074,0.809660982,0.303887316,0.781946256,0.000104651,0.457119851
0.673231609,0.703009158,0.696611168,0.612800703,0.612800703,0.999026168,0.798743813,0.810321603,0.305771117,0.782658398,0.0002507,0.476126251
0.572661239,0.615787178,0.603886718,0.606076767,0.606076767,0.998968857,0.798437112,0.81004233,0.305355154,0.782357485,0.000200167,0.477436401
0.49602691,0.543720017,0.543016221,0.601947275,0.601947275,0.998994855,0.797427089,0.80934304,0.303536128,0.781603518,0.000107889,0.47533278
0.403743967,0.47928478,0.46565662,0.612699808,0.612699808,0.99876896,0.797188728,0.809170789,0.303592202,0.781417834,0.000506603,0.466842807
0.520645444,0.545082861,0.562824562,0.615834763,0.615834763,0.99903495,0.797487128,0.809385484,0.303557155,0.781649834,0.000290479,0.465054562
0.450982304,0.489369821,0.500347984,0.596232289,0.596232289,0.962961452,0.616328491,0.636190592,0.062507206,0.712333449,0.03607743,0.455737567
0.491541949,0.543392935,0.539536378,0.60258868,0.60258868,0.998973132,0.797414776,0.809339655,0.303560056,0.781584571,0.00013992,0.468973269
0.452932287,0.439108155,0.487606403,0.577963072,0.577963072,0.998435837,0.796789754,0.808784754,0.30359196,0.781001412,0.0002825,0.45749394
0.547067713,0.59583515,0.599657369,0.6130097,0.6130097,0.999084635,0.797541081,0.809458395,0.303547487,0.78172787,0.000195541,0.455558072
0.501340613,0.562799826,0.551635527,0.6168293,0.6168293,0.999023279,0.797484777,0.809397853,0.303577458,0.781654045,0.000318232,0.493082711
0.412226393,0.412668993,0.443439156,0.595432335,0.595432335,0.998256392,0.796640346,0.80861068,0.303706284,0.780800569,0.000742386,0.425986597
0.443572369,0.472252508,0.483912415,0.610941351,0.610941351,0.998909696,0.797197167,0.809134724,0.303312556,0.781378956,0.000337427,0.467968429
0.203968215,0.263791976,0.259810482,0.448341717,0.448341717,0.995945448,0.793721501,0.806276632,0.303440657,0.778184843,0.000694975,0.45108578
0.551016429,0.610063236,0.598372504,0.609182894,0.609182894,0.999107513,0.797581753,0.809472847,0.303570691,0.781743449,0.000111242,0.47269906
0.430556233,0.4531727,0.468761711,0.586351778,0.586358985,0.998733487,0.797058411,0.809001532,0.303438723,0.781243939,0.000119337,0.471041661
0.483937016,0.549716529,0.538786873,0.609009931,0.608995517,0.998993468,0.797421002,0.809355929,0.303528393,0.781616852,0.000222369,0.462318512
0.515672988,0.583242477,0.568071096,0.609298203,0.609161274,0.999045695,0.79751452,0.809425455,0.303582534,0.781688992,0.000172761,0.471046694
0.512650514,0.574411252,0.567642807,0.609081999,0.60912524,0.999088217,0.797507603,0.809426757,0.303481262,0.781709624,0.000129513,0.469993206
0.50738556,0.567324466,0.55131431,0.611344931,0.61125845,0.999098269,0.797574145,0.809443943,0.303576733,0.781711308,0.000153797,0.480435822
0.529712865,0.570704317,0.577761122,0.60800098,0.608109082,0.999063028,0.797510646,0.809424674,0.303539511,0.781689554,0.000138533,0.469588922
0.454589772,0.51210205,0.501954066,0.602329235,0.602538232,0.998920789,0.797326792,0.809254506,0.303516067,0.781511167,0.00019161,0.463024752
0.48457076,0.550861317,0.536484823,0.604311103,0.604599374,0.998954991,0.797461674,0.809378063,0.303679938,0.781646887,0.000190338,0.463845063
0.483937016,0.532490188,0.528454414,0.605615532,0.605615532,0.999045118,0.79742695,0.809315047,0.303430747,0.781574466,0.000116446,0.460511814
0.446936089,0.512265591,0.494244874,0.594149527,0.594091872,0.998766649,0.797195922,0.809128865,0.303609604,0.781296851,0.000210227,0.482485762
0.521327938,0.583896642,0.575512608,0.606912755,0.606912755,0.999074582,0.797490172,0.809410482,0.30347957,0.781675238,0.000107889,0.458430001
0.445327353,0.427987353,0.478558809,0.557084997,0.557084997,0.998202432,0.796235977,0.808172696,0.303112671,0.780744148,0.000181087,0.463153922
0.502754351,0.570486263,0.558220461,0.613132216,0.613132216,0.999060486,0.797517702,0.809439125,0.303556914,0.781716782,0.00022156,0.462399034
0.512455516,0.520388138,0.544301087,0.601853587,0.601853587,0.998924371,0.79733191,0.809256849,0.303517275,0.781431167,0.000176924,0.462793253
0.44795983,0.45464457,0.483216446,0.579613428,0.579613428,0.998569179,0.796864458,0.808821599,0.303443557,0.78106064,0.000175536,0.467299095
0.514990494,0.495366332,0.543283902,0.599684343,0.599684343,0.998872144,0.797187621,0.80905257,0.303374673,0.781401132,0.000194501,0.48151615
0.434602447,0.487788923,0.481610365,0.604707476,0.604707476,0.998986651,0.797086633,0.809037076,0.302958467,0.781297412,0.000160388,0.467980172
0.528396627,0.570976886,0.590127951,0.615878003,0.615878003,0.999084635,0.797490449,0.809496673,0.303459026,0.78176394,0.000241565,0.475121411
0.481743285,0.558002617,0.535895926,0.60627135,0.60627135,0.999017849,0.797487682,0.809408138,0.303593652,0.781604922,0.000154143,0.460852352
0.450641057,0.505778456,0.498581295,0.602862538,0.602862538,0.998986304,0.797339104,0.809262968,0.303400293,0.781514536,0.000131132,0.465166956
0.570613757,0.64162669,0.633920445,0.615106877,0.614652849,0.999182734,0.79762201,0.80954081,0.303483921,0.7818278,0.000123731,0.474077988
0.533564081,0.59627126,0.586059211,0.608440594,0.608440594,0.999106242,0.79767873,0.80956086,0.303742538,0.781841694,0.000100604,0.460590658
0.557402623,0.589293502,0.606402912,0.628453855,0.628453855,0.999338145,0.797840312,0.809662284,0.303539995,0.781948782,0.000189644,0.476946562
0.461024716,0.509648932,0.514374431,0.608952277,0.608973897,0.998977176,0.79728446,0.809221175,0.303324158,0.781505132,0.000238327,0.462674148
0.503534344,0.563017881,0.552331495,0.631192436,0.631192436,0.999235886,0.79761786,0.809498886,0.303365246,0.78177601,0.000335924,0.472324971
0.548871447,0.611535107,0.602012956,0.608721659,0.608736073,0.999089257,0.797858988,0.809717748,0.304093485,0.782050537,0.000122343,0.470511562
0.425340028,0.475577846,0.473954708,0.598552876,0.598552876,0.99890103,0.797267444,0.809216618,0.303453467,0.781447448,0.000147321,0.462685891
0.445961098,0.434965111,0.461106055,0.603078741,0.603078741,0.998580849,0.796891019,0.808586203,0.303465552,0.780753972,0.000540369,0.456198888
0.504216838,0.560346707,0.55104663,0.608808141,0.608829761,0.999099656,0.797489204,0.809384052,0.303425188,0.781647027,0.000113439,0.466428458
0.576707454,0.64075447,0.633010332,0.608736073,0.608736073,0.999097345,0.797530429,0.809444594,0.30350229,0.781712571,0.000114249,0.466611308
0.465265929,0.526221108,0.517747203,0.625088283,0.626471987,0.9989781,0.79733274,0.809261797,0.303406094,0.781512992,0.000518167,0.463613564
0.503729342,0.57555604,0.561539697,0.611762925,0.611784546,0.999076084,0.797520745,0.809443943,0.303529843,0.781708922,0.00018444,0.467208508
0.553356408,0.606465329,0.602815997,0.635747128,0.635747128,0.999381014,0.797979621,0.809791049,0.303693957,0.7820838,0.000263882,0.494755207
0.462438454,0.525730484,0.516034049,0.602667954,0.602718402,0.998955106,0.79735944,0.809289919,0.30350084,0.781543729,0.000160041,0.462516461
0.452298542,0.477322285,0.492692328,0.599035731,0.600044682,0.998776239,0.797018846,0.808886828,0.30328041,0.781105973,0.000296145,0.461367354
0.536586555,0.595399041,0.582739975,0.608664005,0.607986567,0.99907412,0.797758967,0.809599789,0.303950158,0.781878326,0.000125466,0.464611694
0.492126944,0.534398168,0.546710209,0.617521152,0.617521152,0.998991619,0.79739444,0.809317782,0.303485854,0.781595939,0.000361133,0.464251025
0.489348218,0.551515482,0.540553563,0.602149065,0.602149065,0.99885019,0.798024304,0.809881796,0.304882149,0.782169555,0.000255788,0.470877264
0.535562814,0.588911906,0.595053268,0.628216031,0.628216031,0.999354091,0.797835608,0.809736106,0.303498423,0.782024011,0.000169754,0.515388809
0.374006727,0.264827737,0.410782162,0.596751178,0.596751178,0.998625797,0.795118878,0.807178769,0.300275368,0.780495586,0.000393974,0.456990681
0.477063326,0.518534671,0.524760426,0.61894089,0.61894089,0.998941703,0.797344084,0.809277681,0.30350229,0.781532922,0.000433752,0.472923849
0.554770146,0.593163977,0.613201992,0.614386198,0.614386198,0.999153385,0.797577603,0.809484304,0.303467485,0.781755378,0.000148824,0.47081855
0.506410569,0.529600959,0.549119332,0.610609839,0.610609839,0.998837479,0.797351555,0.809280024,0.303733354,0.781530676,0.000404381,0.465864808
0.424950032,0.483264283,0.471438514,0.597327722,0.597378169,0.998891093,0.797281001,0.809213624,0.303497939,0.781460922,0.000138417,0.459309026
0.525032906,0.593709115,0.578671235,0.60627135,0.60627135,0.999001441,0.797630726,0.809525576,0.303878132,0.78180394,0.000170679,0.464767704
0.54857895,0.559256433,0.618020237,0.613427694,0.613427694,0.999089835,0.797413531,0.809352674,0.303313765,0.781742466,0.00019716,0.45998507
0.5200117,0.582860881,0.579045987,0.610307153,0.610307153,0.999045927,0.797459322,0.809390041,0.303485613,0.78166401,0.000191031,0.461150952
0.480719544,0.538432185,0.529471599,0.607503711,0.607741536,0.99894852,0.797410765,0.809331062,0.303604287,0.781583027,0.000247231,0.459869321
0.554867645,0.603739642,0.608972643,0.606192075,0.606192075,0.999042922,0.797456832,0.809372334,0.303487546,0.781632992,0.000127894,0.458012296
0.543021499,0.600468818,0.600621018,0.61125845,0.61125845,0.999074582,0.797494322,0.809419856,0.303487063,0.781688852,0.000177618,0.467426587
0.506069322,0.571576537,0.558059853,0.605781288,0.605781288,0.99902351,0.7974845,0.809394989,0.303576491,0.781662747,0.00014073,0.46333174
0.63086823,0.712440035,0.700626372,0.61723288,0.61723288,0.999165171,0.797606516,0.80952115,0.303493347,0.781794536,0.000182706,0.462244701
0.576463706,0.66321413,0.658868248,0.631242883,0.631242883,0.999239815,0.797734481,0.809697437,0.303561023,0.781970537,0.000332802,0.492748882
0.513528007,0.561764065,0.563199315,0.614263682,0.614263682,0.9990435,0.797476891,0.809378714,0.303521384,0.781642817,0.000256829,0.462165857
0.58860235,0.643262102,0.631779003,0.613427694,0.613427694,0.999142062,0.797578987,0.809462952,0.303493589,0.781732782,0.000144777,0.462491298
0.427826257,0.482392063,0.476685047,0.603972384,0.603972384,0.998945054,0.797339243,0.809268437,0.303486579,0.781523097,0.000190222,0.453150818
0.306001072,0.333842128,0.331870014,0.543139855,0.543139855,0.997530409,0.795606667,0.807537723,0.303418904,0.779679864,0.000629988,0.465762479
0.585433627,0.627943742,0.646394347,0.629866386,0.629866386,0.99927783,0.797880292,0.809761234,0.303736254,0.782060923,0.000272671,0.491566225
0.450397309,0.514991278,0.504737941,0.619373297,0.619041785,0.998957764,0.797241851,0.80919774,0.30329032,0.781447729,0.000419414,0.467138052
0.473455857,0.490732665,0.515284544,0.608527076,0.608527076,0.99906141,0.797305902,0.809213103,0.303185422,0.781463027,0.000146858,0.462003137
0.413103885,0.469581334,0.460410086,0.60243013,0.603179636,0.99882604,0.797062285,0.809007391,0.303252131,0.781252921,0.000296608,0.461105659
0.452152294,0.504415613,0.498474222,0.603835455,0.603835455,0.998915936,0.797276159,0.809203078,0.303437273,0.781459799,0.000217165,0.461320383
0.536245308,0.601995203,0.596445206,0.605370501,0.605392122,0.99905621,0.7974762,0.809398243,0.303493589,0.78166022,0.00010176,0.463861839
0.453127285,0.504034017,0.503881364,0.606682137,0.606682137,0.998947249,0.79728612,0.809216358,0.303389175,0.781477483,0.000231504,0.460609111
0.493443182,0.56345399,0.548798116,0.602538232,0.602329235,0.998986189,0.797438848,0.809362179,0.303574558,0.781610536,0.000122575,0.464767704
0.438209916,0.5,0.49456609,0.600952738,0.600952738,0.998898142,0.797249045,0.809204119,0.303427363,0.781453764,0.000188719,0.459446583
0.458879735,0.512810728,0.510252155,0.598740253,0.598740253,0.998924255,0.79729027,0.809220394,0.303444765,0.781483097,0.000127085,0.460964747
0.59771852,0.673680768,0.657422774,0.624756771,0.624756771,0.999305561,0.797812644,0.809697567,0.303559814,0.781985695,0.000162932,0.495424541
0.548335202,0.609136502,0.588896622,0.620937171,0.620937171,0.999134205,0.797618829,0.809484695,0.303579392,0.781741203,0.000273018,0.485235231
0.540096524,0.602158744,0.589860271,0.61186382,0.611964716,0.999102083,0.797534856,0.809433918,0.303500114,0.781701063,0.000161313,0.468829001
0.532686589,0.593654601,0.585630922,0.62203981,0.62203981,0.99916286,0.797567781,0.809467378,0.303430505,0.781735729,0.000262148,0.462118886
0.489640716,0.538868295,0.537341399,0.607179406,0.606876721,0.999020506,0.797400942,0.809323901,0.303436789,0.781582325,0.000161313,0.462446005
0.468727149,0.531672481,0.521494727,0.621679471,0.621679471,0.998947596,0.79738448,0.80931049,0.303560297,0.78153629,0.000471797,0.464588209
0.433676205,0.477649368,0.481182076,0.599590654,0.599605068,0.998911314,0.797222483,0.809165841,0.303353403,0.781433132,0.000153912,0.461447875
0.471164627,0.542847798,0.525938219,0.600743741,0.600743741,0.998976136,0.797393887,0.809324291,0.303517275,0.781579659,0.000107426,0.460139403
0.436503681,0.482773659,0.486214465,0.601471627,0.601493247,0.998933268,0.797293728,0.809225602,0.303432197,0.781490816,0.000162354,0.455425547
0.493833179,0.564162669,0.553455752,0.603439081,0.603439081,0.998985611,0.797434282,0.809378063,0.303568032,0.781638606,0.000141077,0.465007591
0.502071857,0.56519843,0.557899245,0.607489298,0.607489298,0.999063143,0.797484362,0.809404102,0.303493347,0.781669062,0.000128472,0.461867257
0.498708136,0.560292194,0.549065796,0.602458957,0.602473371,0.999008027,0.797429164,0.809348638,0.303511958,0.781610957,0.000103148,0.473598215
0.544337737,0.609845181,0.592911826,0.615409562,0.618191384,0.999256338,0.798181736,0.809967076,0.304307631,0.782276222,0.000106848,0.47868616
0.457953493,0.534289141,0.507950104,0.602927399,0.602927399,0.998956609,0.797385172,0.809308668,0.303542895,0.781534746,0.000162007,0.458659822
0.535367816,0.5908744,0.577279298,0.611914268,0.612368296,0.999112597,0.797566536,0.809447328,0.303533469,0.781711027,0.000157266,0.467835904
0.5543314,0.583896642,0.60072809,0.628302512,0.628302512,0.99931908,0.797812367,0.809623745,0.303531052,0.781903168,0.000206296,0.49421001
0.485009506,0.537287396,0.539215161,0.613204284,0.613204284,0.999019351,0.797383373,0.809309058,0.303408511,0.781589624,0.000264114,0.462566787
0.508848048,0.58765809,0.556989132,0.619647155,0.619647155,0.999144488,0.797640686,0.809526097,0.303596311,0.78172394,0.000242143,0.4699563
0.445229854,0.500272569,0.500990417,0.601277043,0.601277043,0.99893997,0.797289163,0.809233023,0.303409961,0.781493764,0.000152062,0.465249155
0.55087018,0.602649368,0.611810054,0.618501276,0.618501276,0.99920076,0.79764622,0.809557345,0.303488029,0.781849133,0.000167442,0.466374777
0.554526398,0.614914959,0.603083677,0.611373759,0.611467447,0.999144604,0.79758784,0.809476232,0.30350374,0.781748642,0.000110895,0.470951075
0.512601765,0.57730048,0.567856952,0.627221494,0.627495352,0.999144257,0.797584797,0.809491465,0.303499148,0.781762677,0.000368187,0.47226458
0.505825574,0.574411252,0.558113389,0.607835224,0.607842431,0.999048353,0.797509816,0.809419075,0.303568757,0.781679589,0.00014894,0.462038365
0.559840101,0.607392063,0.61566465,0.634413872,0.634413872,0.999321969,0.797884857,0.809746391,0.303651418,0.782072011,0.000301464,0.473111732
0.512845513,0.573484518,0.5609508,0.606235316,0.605637152,0.999039803,0.797448116,0.809358663,0.303478845,0.781620641,0.000122112,0.46508979
0.510749281,0.556530746,0.559987151,0.607244267,0.607410023,0.999007449,0.797468176,0.8093959,0.303581567,0.781650115,0.000182937,0.460882548
0.539219032,0.606301788,0.597622999,0.597414203,0.59742141,0.99889144,0.797748039,0.8096464,0.30431319,0.78195959,0.000138648,0.458995328
0.459659728,0.483863934,0.494673162,0.616757232,0.616699578,0.998819916,0.797175447,0.809077828,0.303462409,0.781327307,0.00051967,0.458109593
0.498366889,0.529110336,0.550136517,0.592506378,0.592506378,0.998724012,0.797285981,0.809237971,0.303856137,0.782322257,0.000227457,0.464442264
0.594452299,0.645115569,0.654585363,0.63275631,0.63275631,0.99947634,0.79799968,0.80986448,0.30352936,0.782168151,0.000120378,0.5934157
0.47311461,0.534016572,0.523207881,0.587793136,0.587793136,0.998702982,0.797386278,0.809312704,0.304075358,0.781565343,0.000172877,0.451795375
0.478574562,0.532544701,0.533219123,0.615431182,0.615431182,0.9989506,0.797366496,0.809311141,0.303523076,0.781567869,0.000368534,0.462249734
0.60337347,0.641408635,0.649017613,0.617470704,0.617470704,0.999227336,0.797710272,0.809568281,0.303544587,0.781846466,0.000124309,0.477183094
0.523082923,0.54230266,0.565876118,0.612274608,0.612274608,0.999020275,0.797400389,0.809325984,0.303436306,0.781585132,0.000248156,0.465520915
0.391361576,0.443578282,0.431500616,0.607172199,0.607172199,0.99901184,0.797020506,0.808947761,0.302790245,0.781181482,0.000174727,0.45969318
0.456101009,0.531236372,0.514695648,0.602667954,0.602667954,0.998931766,0.797359717,0.809307887,0.303550388,0.781561273,0.00018259,0.469011852
0.595719787,0.659398168,0.645002409,0.607986567,0.60797936,0.999090181,0.797791616,0.809649785,0.303973844,0.781930256,0.000109392,0.469775127
0.494076927,0.556803314,0.546174849,0.615431182,0.615532077,0.999037607,0.797460152,0.809382229,0.303504465,0.781645764,0.000283078,0.463279736
0.478477063,0.536360663,0.528186734,0.603972384,0.604066072,0.998951871,0.797390982,0.80931648,0.303562956,0.781579518,0.000184903,0.466587823
0.502023107,0.541103358,0.548102147,0.608282045,0.608282045,0.998951524,0.797407444,0.809328458,0.303592443,0.781588782,0.000252897,0.468594147
0.510456784,0.57686437,0.56598319,0.604123726,0.604123726,0.998990926,0.797500686,0.809416732,0.303672929,0.781683659,0.000146743,0.460308833
0.539657778,0.615896206,0.59692703,0.606984822,0.606970409,0.999058521,0.797507326,0.809423241,0.303543137,0.781680571,0.000124772,0.455227599
0.622970799,0.665994331,0.658921784,0.631884288,0.631884288,0.999342652,0.797855944,0.809667361,0.30355788,0.781944291,0.000240177,0.487551899
0.563155072,0.600850414,0.604582686,0.613499762,0.613341213,0.999098847,0.79757871,0.809449541,0.303583501,0.781718747,0.000186637,0.467604405
0.55087018,0.620148277,0.610792869,0.610422462,0.610227879,0.999101389,0.797553117,0.809467769,0.303533469,0.781737975,0.000134138,0.470431041
0.52576415,0.587440035,0.576101504,0.603669698,0.603684112,0.999017733,0.797447148,0.809361658,0.303523076,0.781623589,0.000112861,0.459404645
0.580509921,0.606465329,0.611810054,0.615632973,0.615632973,0.999178344,0.797656042,0.809504485,0.303552321,0.781765343,0.000143852,0.47941924
0.607468435,0.665776276,0.6513732,0.651292178,0.651292178,0.999359868,0.797832565,0.809675303,0.30348102,0.7819638,0.000534356,0.478169481
0.480085799,0.542030092,0.5340757,0.602624714,0.602624714,0.99893269,0.797411733,0.80933666,0.303639333,0.781596641,0.000180971,0.465306191
0.575391215,0.609572612,0.630387066,0.626017959,0.626017959,0.999211968,0.797846952,0.809703166,0.30381529,0.78199987,0.000276834,0.490329886
0.490566958,0.562854339,0.54901226,0.619690396,0.619971461,0.99908579,0.797539421,0.809475451,0.30354217,0.781747098,0.000305974,0.465559498
0.668112904,0.735608373,0.735585417,0.617470704,0.617470704,0.999239006,0.797729916,0.809628172,0.303554497,0.781905975,0.00011263,0.490750946
0.371617998,0.425425207,0.404946732,0.601709451,0.601659003,0.998755325,0.796952581,0.808857534,0.303208142,0.781041973,0.000342978,0.460261862
0.484083264,0.544755778,0.535521174,0.603323772,0.603323772,0.998986651,0.797424184,0.809348378,0.303548454,0.78160829,0.000138301,0.460676212
0.484083264,0.552769298,0.537662616,0.606083974,0.606083974,0.999028132,0.797421555,0.809344732,0.303456609,0.781598887,0.000140845,0.461070431
0.504753083,0.568251199,0.548744579,0.606682137,0.606682137,0.999076662,0.797526694,0.809410873,0.303539028,0.781668641,0.000101991,0.466673377
0.51655048,0.586131705,0.571122651,0.619157094,0.617607633,0.999144142,0.797592821,0.809496803,0.30351365,0.781763519,0.000209765,0.478157738
0.547993955,0.646205844,0.59135928,0.635076896,0.635048069,0.9991966,0.797915984,0.80974535,0.303968044,0.781864151,0.000437106,0.475924947
0.479890801,0.548898823,0.539054553,0.608065841,0.608253218,0.998971745,0.797408136,0.809344993,0.303551355,0.781606045,0.000232198,0.457405031
0.587724857,0.650894025,0.632260828,0.613672725,0.613672725,0.99917661,0.797663513,0.809537294,0.303568757,0.781807449,0.000114133,0.49232279
0.542777751,0.603739642,0.598800792,0.605226365,0.605002955,0.999043038,0.797472879,0.80938926,0.303515341,0.78165194,0.000108698,0.463673956
0.505825574,0.570050153,0.560897264,0.618306692,0.618306692,0.999053784,0.797546061,0.809457353,0.303620722,0.781724922,0.000311409,0.48780856
0.483205772,0.53821413,0.532683763,0.612101645,0.61240433,0.999038763,0.797390982,0.809321036,0.303381199,0.781579799,0.000231736,0.461169405
0.494661922,0.562527257,0.550457733,0.617095951,0.617067124,0.99906245,0.797469421,0.809392124,0.303468694,0.78165601,0.000282847,0.469932815
0.482182031,0.465220235,0.533058515,0.602127445,0.602127445,0.998980758,0.797235072,0.809170398,0.303230137,0.781586817,0.000124887,0.468587437
0.445424853,0.507686437,0.492745864,0.602567059,0.602567059,0.998980065,0.797331495,0.809257761,0.303400051,0.781507518,0.000132635,0.459674727
0.507288061,0.562200174,0.556989132,0.605529051,0.605370501,0.999033101,0.797432761,0.809353586,0.303466035,0.781615448,0.000124541,0.465725573
0.515185492,0.563563018,0.563681139,0.634132807,0.634132807,0.999048469,0.79761952,0.80955409,0.303759941,0.781826817,0.000570666,0.466473751
0.467800907,0.527093328,0.519835109,0.601716658,0.601716658,0.998916514,0.797358195,0.809293695,0.303579392,0.781554536,0.000182474,0.46659621
0.41939258,0.469962931,0.465067723,0.596715144,0.596715144,0.998907501,0.797277404,0.809212973,0.303457334,0.781464571,0.000111358,0.461894098
0.480670794,0.547154383,0.531827186,0.635192205,0.635062483,0.999045002,0.797722999,0.80959354,0.303947983,0.781873695,0.000588937,0.468807193
0.496319407,0.565034889,0.550511269,0.602595886,0.602581473,0.998972439,0.79744286,0.809365955,0.303610813,0.781627238,0.000140498,0.464006106
0.464827183,0.525348888,0.515177472,0.606004699,0.606228109,0.99891247,0.797363314,0.809290831,0.303597036,0.781550746,0.000259026,0.477047214
0.492078194,0.553750545,0.54344451,0.599388864,0.599388864,0.998959613,0.797499302,0.809413607,0.303736013,0.781678466,0.000102107,0.482326397
0.560766343,0.58356956,0.597301783,0.627077358,0.627077358,0.999306717,0.79780213,0.809616324,0.303539028,0.781899519,0.00019901,0.484002248
0.501535612,0.555058875,0.550136517,0.609997261,0.610004468,0.99901184,0.797442721,0.809358273,0.30352791,0.781626536,0.000220172,0.467508786
0.516794228,0.580789359,0.566679158,0.604188587,0.604188587,0.999030328,0.797538176,0.809437042,0.303655769,0.781711729,0.000108351,0.473551244
0.439818652,0.482882686,0.483965951,0.596124187,0.596124187,0.998846608,0.797243788,0.809178601,0.303525735,0.781432711,0.000162816,0.458592721
0.569248769,0.614042739,0.603083677,0.606869514,0.606869514,0.999036221,0.797479381,0.809377542,0.303540962,0.781640852,0.000145586,0.471323486
0.549943938,0.596380288,0.597944215,0.619214748,0.619214748,0.99923785,0.797706536,0.809589764,0.303516067,0.781865695,0.00014177,0.485451633
0.551552674,0.604938945,0.589646127,0.611856614,0.61202237,0.999122534,0.797602643,0.80946842,0.303575525,0.781737554,0.00014177,0.456276054
0.568517525,0.635630179,0.618555597,0.615899624,0.615906831,0.999153385,0.797620627,0.809509953,0.303542895,0.781783449,0.000173339,0.469939525
0.501243114,0.557730048,0.552117351,0.624389224,0.624324363,0.999069729,0.797497504,0.809413867,0.303502531,0.781678887,0.000392008,0.484141483
0.480183298,0.556694287,0.534503988,0.606963202,0.607042477,0.998986189,0.797464441,0.809391083,0.303619514,0.781628501,0.000198317,0.466183538
0.621898308,0.622274313,0.64987419,0.630810476,0.630810476,0.999297588,0.797819837,0.809623875,0.30358906,0.781944151,0.000268045,0.484715198
0.478623312,0.540394679,0.53027464,0.606120007,0.606566829,0.998988846,0.797397345,0.809322469,0.303496731,0.781589343,0.000188025,0.470842036
0.553307659,0.612080244,0.593447187,0.618169763,0.617960766,0.999173029,0.797790647,0.809631427,0.303798613,0.781841273,0.000186522,0.466666667
0.463023449,0.486644134,0.512607741,0.59760158,0.59760158,0.998269449,0.795183345,0.807233582,0.301133399,0.781181061,0.000764242,0.484300848
0.452103544,0.507631923,0.499812624,0.606415486,0.606408279,0.998814948,0.797233135,0.809169747,0.303573591,0.781413623,0.000359398,0.459439873
0.570760006,0.621238552,0.624551636,0.629455599,0.629455599,0.999376738,0.797891221,0.809779331,0.303547971,0.782073414,0.000166979,0.504825411
0.471895871,0.535979067,0.522779592,0.591893801,0.591893801,0.998832742,0.797390982,0.809317131,0.303811906,0.781570817,0.000108814,0.457893192
0.460829718,0.495856956,0.493120617,0.6099324,0.6099324,0.998915127,0.797335092,0.8092312,0.30354217,0.781482957,0.000315803,0.4612818
0.516062984,0.545518971,0.560254832,0.604354344,0.604354344,0.999007912,0.797434836,0.809350982,0.303522351,0.781612782,0.000133445,0.470924234
0.50748306,0.552060619,0.555222442,0.609781058,0.609781058,0.999017617,0.797453235,0.809371423,0.303533952,0.781635238,0.000210805,0.464962298
0.440744893,0.504034017,0.490550886,0.602329235,0.602329235,0.998892249,0.797315586,0.809248256,0.303555947,0.781501062,0.000216703,0.463091853
0.487788232,0.560782817,0.543230366,0.600289713,0.600289713,0.99868022,0.798058751,0.809965253,0.305297629,0.782274117,0.000396171,0.439000864
0.467654658,0.559201919,0.510626907,0.60474351,0.60474351,0.99880062,0.797605271,0.809468159,0.304253732,0.781530115,0.000347141,0.445016482
0.562033832,0.627725687,0.611542374,0.608282045,0.608289252,0.999027208,0.797855944,0.809706941,0.304217719,0.7819958,0.000177271,0.481578219
0.464875932,0.527638465,0.517640131,0.61588521,0.615978899,0.998963541,0.797347405,0.809288878,0.303462409,0.781545132,0.000364371,0.456650143
0.501486862,0.563563018,0.550618341,0.605298433,0.605276813,0.999001325,0.797510508,0.809412305,0.303668337,0.781680431,0.000154837,0.462444327
0.503144347,0.565089403,0.550993094,0.606552415,0.606552415,0.999037723,0.797463472,0.809373897,0.303510024,0.781628782,0.000138879,0.469130956
0.474528348,0.534398168,0.524117993,0.604440825,0.604678649,0.998958573,0.797389322,0.809312964,0.303546037,0.781570817,0.000188025,0.466899843
0.451518549,0.492259049,0.495422667,0.605608325,0.605651566,0.998793109,0.797219993,0.809156207,0.303596311,0.781408009,0.000369227,0.463774607
0.5543314,0.600141736,0.590663312,0.629167327,0.629167327,0.999301633,0.797805173,0.809610205,0.30355498,0.781889975,0.000237633,0.484763846
0.486130746,0.545682512,0.537983832,0.603568803,0.603705732,0.99893789,0.797431654,0.809361007,0.303663261,0.781618255,0.000193113,0.46613489
0.475698338,0.537887048,0.525670539,0.605846149,0.605947044,0.998990233,0.797400112,0.809324812,0.303498664,0.781574045,0.000176693,0.461838739
0.521327938,0.573157436,0.565501365,0.609197308,0.609737817,0.999018773,0.797456694,0.809364913,0.303537819,0.781626115,0.00020884,0.465920166
0.53029786,0.587821631,0.573478238,0.603518356,0.603532769,0.999026861,0.797471634,0.80937637,0.303547004,0.781635659,0.000101298,0.451825571
0.477502072,0.73877017,0.508217785,0.609009931,0.609009931,0.99897163,0.798330452,0.810125265,0.305163003,0.781489834,0.000244456,0.46380648
0.536781553,0.600032708,0.586541035,0.629736664,0.629736664,0.999072156,0.797604164,0.809496542,0.303683806,0.781768993,0.000476307,0.462855322
0.403256472,0.45551679,0.445634135,0.601983309,0.601983309,0.998837826,0.797114024,0.809051528,0.303317873,0.78129657,0.000265733,0.4653951
0.480232048,0.551188399,0.538626265,0.63127171,0.63127171,0.999066378,0.797426397,0.809369991,0.303385307,0.781632431,0.000506835,0.483180259
0.517281724,0.569450502,0.558541678,0.614105133,0.614105133,0.999044771,0.797485468,0.809379365,0.303533469,0.781642676,0.000252897,0.464190634
0.534392824,0.596216747,0.582686439,0.60570922,0.605745254,0.999044887,0.797475093,0.809385224,0.303515341,0.781648431,0.000118759,0.466014108
0.478135816,0.537505451,0.530221104,0.602415717,0.602415717,0.998967239,0.797397899,0.80932364,0.303542653,0.781599308,0.000143042,0.466498914
0.581143665,0.590165722,0.611114085,0.628943917,0.628943917,0.999258649,0.797704185,0.809530394,0.303468694,0.781812642,0.000277065,0.491166973
0.450397309,0.519079808,0.504952085,0.604570547,0.604592168,0.998872837,0.797299677,0.809252813,0.303568757,0.781506115,0.00027244,0.463043205
0.5600351,0.605211513,0.606724129,0.610710734,0.610710734,0.999117335,0.797571101,0.80946829,0.303531535,0.781738536,0.000125928,0.479623898
0.532101594,0.589893153,0.582525831,0.607813604,0.607813604,0.999078395,0.797834916,0.809688193,0.304073666,0.78202373,0.000118412,0.46642007
0.536732804,0.577136939,0.584078377,0.610537771,0.610537771,0.999051819,0.797469283,0.809385484,0.303490688,0.781647448,0.000188834,0.467339356
0.419636328,0.482664631,0.467155629,0.602523818,0.602516612,0.998590208,0.796922146,0.808875892,0.303500356,0.781095026,0.000522099,0.452926029
0.472919612,0.540176625,0.523047272,0.601673417,0.601673417,0.998943436,0.797413393,0.809337181,0.303619755,0.781569974,0.000154953,0.469666088
0.49597816,0.555004361,0.543658654,0.601752692,0.601745485,0.998993353,0.797430962,0.809346034,0.303546037,0.781604922,0.000106154,0.465002558
0.458635987,0.559310946,0.506183415,0.605233572,0.605233572,0.998809632,0.797529737,0.809437823,0.304102912,0.78149629,0.0003461,0.46551756
0.485058256,0.572503271,0.536431286,0.609442338,0.609442338,0.999013458,0.797663789,0.809555652,0.303910761,0.781713694,0.000209533,0.511996846
0.542241505,0.598397296,0.585309706,0.607309128,0.607431644,0.999068574,0.797539698,0.809429361,0.303578908,0.781696571,0.000122112,0.471274838
0.49261444,0.551842564,0.535895926,0.602343649,0.602343649,0.998999708,0.797440093,0.80934317,0.303548696,0.781603518,0.000109276,0.46308011
0.525179155,0.586458788,0.571658012,0.621744332,0.621737125,0.999149572,0.797650094,0.809519457,0.303602111,0.781793554,0.000270589,0.480353623
0.495295666,0.558602268,0.539108089,0.61718964,0.617196846,0.999038994,0.79752199,0.809403582,0.303609604,0.781649133,0.000308403,0.470067017
0.466923414,0.535433929,0.525724075,0.611928682,0.611777339,0.998965621,0.797366911,0.809317651,0.303492138,0.78157601,0.000294873,0.462080303
0.532930337,0.601559093,0.584613737,0.61453754,0.61453754,0.99913952,0.797615508,0.80950839,0.303562714,0.781781765,0.000165129,0.483616416
0.521084191,0.572993894,0.563520531,0.605132677,0.605903804,0.999021315,0.797491555,0.809387307,0.30359341,0.781650957,0.000144893,0.466723703
0.441817384,0.489860445,0.486749826,0.614948327,0.615056429,0.998750819,0.79712523,0.809062725,0.303519209,0.781300921,0.000562572,0.468238511
0.490176961,0.52742041,0.529418063,0.615611352,0.615791522,0.999014729,0.797382405,0.809262708,0.303416487,0.781513132,0.000310137,0.464870033
0.511431775,0.572612298,0.559451791,0.620569625,0.620483143,0.999105433,0.797562247,0.809452275,0.303540962,0.781721273,0.000294642,0.471573438
0.539999025,0.59976014,0.587772365,0.608440594,0.608440594,0.999076547,0.797525172,0.809426236,0.303536853,0.781693203,0.000130322,0.467077661
0.489006971,0.552006106,0.538305048,0.602004929,0.602004929,0.998997281,0.797432484,0.809348248,0.303540478,0.781608431,0.00010627,0.468881005
0.399259006,0.452191452,0.440762353,0.596801626,0.596801626,0.998847879,0.797127028,0.809066501,0.303319082,0.781299377,0.000172414,0.458752086
0.50972554,0.568305713,0.558059853,0.60359763,0.603403047,0.99898122,0.79746112,0.809373376,0.303624106,0.781634115,0.000144893,0.460211536
0.483644518,0.527529437,0.523743241,0.612152092,0.612152092,0.998899297,0.797398037,0.809292914,0.303685256,0.781547659,0.000367262,0.473021145
0.567835031,0.63126908,0.61539697,0.616418513,0.616418513,0.999163207,0.797747624,0.80960695,0.303743989,0.781886467,0.000171605,0.463829966
0.575244967,0.622492368,0.622463729,0.615654593,0.615654593,0.999185854,0.797609283,0.809488991,0.303454917,0.781762256,0.000136682,0.472720868
0.672597865,0.695431749,0.690400985,0.627848484,0.627848484,0.99939615,0.797911004,0.809678949,0.30354217,0.781963519,0.000121881,0.482816235
0.458879735,0.431312691,0.524546282,0.607402816,0.607770363,0.999040842,0.795832715,0.808026094,0.300654351,0.781528009,0.0001553,0.461842094
0.52454541,0.567815089,0.578885379,0.607763156,0.607763156,0.999090066,0.79748118,0.809431053,0.303431472,0.781659799,0.000105923,0.462893905
0.461560961,0.517280855,0.52443921,0.606120007,0.606134421,0.999034834,0.797236594,0.809221956,0.30311968,0.781551308,0.000135063,0.462400711
0.488226978,0.553914086,0.537287863,0.6056876,0.6056876,0.99906037,0.797502899,0.809394728,0.303531535,0.781647168,0.000102338,0.461801834
0.53600156,0.581225469,0.583917769,0.612101645,0.611676444,0.999097576,0.797523374,0.809416211,0.30348948,0.781685343,0.000161197,0.468516981
0.494271925,0.549498474,0.544889983,0.612858358,0.612743049,0.999072618,0.797433452,0.809345774,0.303384582,0.781606325,0.000203289,0.463366968
0.532296592,0.597743131,0.58525617,0.61718964,0.616915781,0.999177535,0.797691319,0.8095744,0.303615647,0.781842677,0.000165245,0.474987209
0.504314337,0.558002617,0.553884041,0.611705271,0.614184407,0.999159509,0.797709995,0.80955422,0.303685981,0.781826537,0.000139458,0.487674358
0.478282065,0.536142608,0.531184753,0.602019343,0.602019343,0.998985149,0.797387938,0.8093101,0.303488029,0.781551308,0.000118874,0.464420456
0.5314191,0.579535543,0.577493442,0.611114314,0.611099901,0.999086599,0.797603334,0.809490944,0.303652143,0.781754256,0.000162932,0.478238259
0.510261785,0.571631051,0.565073077,0.611287277,0.611409793,0.999091337,0.79759033,0.809493418,0.303619514,0.78174415,0.000163047,0.464812997
0.534149076,0.592400785,0.580170245,0.618630998,0.618623791,0.999115948,0.797586595,0.809466206,0.303561506,0.781741343,0.000254169,0.47125303
0.495490664,0.557184911,0.542695005,0.610119777,0.610098157,0.999056095,0.797530567,0.809418294,0.303588818,0.781687027,0.000177386,0.469610729
0.50631307,0.575065416,0.562289202,0.60470027,0.60470027,0.998985033,0.797704323,0.809607731,0.304041037,0.78187987,0.000161891,0.463085143
0.502754351,0.5611099,0.557685101,0.61509967,0.614523127,0.999191054,0.797579678,0.809486908,0.303392317,0.781758045,0.000113324,0.485413049
0.513333008,0.568414741,0.559773007,0.619776878,0.619776878,0.999190245,0.797676793,0.809522452,0.303563681,0.781787519,0.000198317,0.487689456
0.492468191,0.551951592,0.548583971,0.609226135,0.609211721,0.999088448,0.797483255,0.809408789,0.303438481,0.781671589,0.000130785,0.465784287
0.49256569,0.546990842,0.549119332,0.605197538,0.604909266,0.999044771,0.797467346,0.809396681,0.303502048,0.781659378,0.000105576,0.469177927
0.489591966,0.552769298,0.544461695,0.605608325,0.605608325,0.999030328,0.797427089,0.809350852,0.303461926,0.781629203,0.000131132,0.456698791
0.561205089,0.609627126,0.601477595,0.620454316,0.620454316,0.999225487,0.797711517,0.809549272,0.30355063,0.781821344,0.000173917,0.475055988
0.484180763,0.549171391,0.533112051,0.61089811,0.610905317,0.999107744,0.797471358,0.809371683,0.303377331,0.781633694,0.000138764,0.463821578
0.531662848,0.595071958,0.582365223,0.610227879,0.610235086,0.999072849,0.797592406,0.809480789,0.303661811,0.781760712,0.000162816,0.464616727
0.517135475,0.570104666,0.575298464,0.607352369,0.607359576,0.999068112,0.797501931,0.809423241,0.303513408,0.781689975,0.000121418,0.464195667
0.415151367,0.47710423,0.463033353,0.604469652,0.604469652,0.998988615,0.797160783,0.809107122,0.303083667,0.781345553,0.000154606,0.45194132
0.561448837,0.594853903,0.608223138,0.621600196,0.621600196,0.999210466,0.797821359,0.809640411,0.303773959,0.781925625,0.000207452,0.487637453
0.464729684,0.502017008,0.508217785,0.604296689,0.604267862,0.998968625,0.797257898,0.809191881,0.303295395,0.781442536,0.000171489,0.461625693
0.467313411,0.518698212,0.522297768,0.602732815,0.602732815,0.998956262,0.797306317,0.809247866,0.303405852,0.781501483,0.000159116,0.465562853
0.493784429,0.556421718,0.544461695,0.608844175,0.608844175,0.999016346,0.797431101,0.809346034,0.303498181,0.781607308,0.000197045,0.459802219
0.546043972,0.60297645,0.588736014,0.613427694,0.613427694,0.999179384,0.79765535,0.809513989,0.303548938,0.781788922,0.000107426,0.469716414
0.501194365,0.558166158,0.544997056,0.603626458,0.604001211,0.999032523,0.797473294,0.809364783,0.303538061,0.781625975,0.000103148,0.469788548
0.502705601,0.558765809,0.552385031,0.615373528,0.615359114,0.999037954,0.797441614,0.809353195,0.303471352,0.781615729,0.000279956,0.474482273
0.515087993,0.575337985,0.557952781,0.606977616,0.606977616,0.999020853,0.797574283,0.809444073,0.303738913,0.781711729,0.000162585,0.459203342
0.600692244,0.650076319,0.632742652,0.616692371,0.615921244,0.999191516,0.797647327,0.809502011,0.303509541,0.781765764,0.00013541,0.474148445
0.568956272,0.614969472,0.6100969,0.615964485,0.615964485,0.999214394,0.797663098,0.809517634,0.303489238,0.781789905,0.000112977,0.473099989
0.511675523,0.567542521,0.554526474,0.618335519,0.618335519,0.999134551,0.797521575,0.809401498,0.303408994,0.781665413,0.000231042,0.460186373
0.450836055,0.506323594,0.497403501,0.605694807,0.605435362,0.998998783,0.797347681,0.809269869,0.303388933,0.781524641,0.000159925,0.461008362
0.559498854,0.603685129,0.620054607,0.616324825,0.616324825,0.999181463,0.79764622,0.809552918,0.303528393,0.781828782,0.000151715,0.466591178
0.642714376,0.704753598,0.702607206,0.628641231,0.628641231,0.999258649,0.797701141,0.809592238,0.303463135,0.781872151,0.000272208,0.486421244
0.541022766,0.603521587,0.592751218,0.607352369,0.607352369,0.999017964,0.797559065,0.809457483,0.303718369,0.781726887,0.000171489,0.464291286
0.483547019,0.549934584,0.538197976,0.603893109,0.603893109,0.998974287,0.797438294,0.809362569,0.303598728,0.781624431,0.000159578,0.459263733
0.485253254,0.538486699,0.531827186,0.610191845,0.610191845,0.999057712,0.797400942,0.809319083,0.303358962,0.781577413,0.000177155,0.456722277
0.545995223,0.596489315,0.594303764,0.613297972,0.613297972,0.999129929,0.797583552,0.809467899,0.303527185,0.781738396,0.000154837,0.470093858
0.593964803,0.637047536,0.618609133,0.613845688,0.613845688,0.999188743,0.797618829,0.80946868,0.303465552,0.781738817,0.000104882,0.463794738
0.492126944,0.550152638,0.54697789,0.607604607,0.607604607,0.999031137,0.797420725,0.809344472,0.303449116,0.781630747,0.000162354,0.460000168
0.581338663,0.644406891,0.633706301,0.617247294,0.617247294,0.999128658,0.797664896,0.809549663,0.303671721,0.781826256,0.000219362,0.470112311
0.492370692,0.551133886,0.548316291,0.606710964,0.606710964,0.999004676,0.797409104,0.809335488,0.303484162,0.781596922,0.00017438,0.465473944
0.501194365,0.558820323,0.547834467,0.60701365,0.607489298,0.999020391,0.797474816,0.809378453,0.303566098,0.781639308,0.000171258,0.465884938
0.579729927,0.626362843,0.622142513,0.612865565,0.611943095,0.999131316,0.797625884,0.809495241,0.303598003,0.781772361,0.00013171,0.472023016
0.602203481,0.642171827,0.639595267,0.612663774,0.612678188,0.999114677,0.797626991,0.809490814,0.303634741,0.781770256,0.000160157,0.465858098
0.598011017,0.643262102,0.643824616,0.61723288,0.61723288,0.999228838,0.797643177,0.809516853,0.303424221,0.781790326,0.000119106,0.469553693
0.515575489,0.572884867,0.56651855,0.608440594,0.608498249,0.999011493,0.797469559,0.809379495,0.303575525,0.781655589,0.000196351,0.466896488
0.49251694,0.549171391,0.539696986,0.606112801,0.606112801,0.999037607,0.797455033,0.809361658,0.303495522,0.781623589,0.000131941,0.469083985
0.548237703,0.59305495,0.589967343,0.604988541,0.604974128,0.999044887,0.797473433,0.809377933,0.303512441,0.781644641,0.00010627,0.466371422
0.531906596,0.589675098,0.577118689,0.607575779,0.607575779,0.998961462,0.797627406,0.809494069,0.303955717,0.781766326,0.00023162,0.470857133
0.543655243,0.580734845,0.585149098,0.616497788,0.616497788,0.999092723,0.797517702,0.809412695,0.303489721,0.781678606,0.00024353,0.458997006
0.527860381,0.5781727,0.570533754,0.61431413,0.61431413,0.999133511,0.797589224,0.809451624,0.30352936,0.781721273,0.000167673,0.465423618
0.610978404,0.660924553,0.646876171,0.607604607,0.607604607,0.9990814,0.797523235,0.80941543,0.303523318,0.781683659,0.000112052,0.465380002
0.54511773,0.591474051,0.582204615,0.609290996,0.609290996,0.999106358,0.797521575,0.809400978,0.303467968,0.781666115,0.000114133,0.455116882
0.532052845,0.573648059,0.586541035,0.626680984,0.626680984,0.999305908,0.797704323,0.809573099,0.303369839,0.781850817,0.000193344,0.471838488
0.533369083,0.571412996,0.582900584,0.614162787,0.614162787,0.999080129,0.797473433,0.809377152,0.303438723,0.781641554,0.000218553,0.453597041
0.593964803,0.641245094,0.62503346,0.612699808,0.613261938,0.999161358,0.797830213,0.809629083,0.303892392,0.78191173,0.000122806,0.460404452
0.509628041,0.570540776,0.55334868,0.599749204,0.599749204,0.998960075,0.797610943,0.809470503,0.303930097,0.781740922,0.000107426,0.459506974
0.482913275,0.5539686,0.541999036,0.608865795,0.608418974,0.99898538,0.797433037,0.809369991,0.30356634,0.781637624,0.000221213,0.459475101
0.487203237,0.540558221,0.541891964,0.60431831,0.60431831,0.998978678,0.797399006,0.809324682,0.303520901,0.781609554,0.000162122,0.456044555
0.461902208,0.502889228,0.514106751,0.602545439,0.602761643,0.998980527,0.797251673,0.809186022,0.303259624,0.781511027,0.000135295,0.466044304
0.480427046,0.542030092,0.532790835,0.601096874,0.601096874,0.998976252,0.797433176,0.809348638,0.303585676,0.781545974,0.000112861,0.463122049
0.491103203,0.542575229,0.54344451,0.602667954,0.602667954,0.999013111,0.797431239,0.809345383,0.30350519,0.781602115,0.000101182,0.464517752
0.512504266,0.571958133,0.561593233,0.599684343,0.599662722,0.998951524,0.797632801,0.809499667,0.303986171,0.781771379,0.000114596,0.465177021
0.412811388,0.459005669,0.457197923,0.613096182,0.613117802,0.998917091,0.796763608,0.808701037,0.302539603,0.780973622,0.000365064,0.46449259
0.492224443,0.525730484,0.54574656,0.606264143,0.606264143,0.999012765,0.797351416,0.809274686,0.303366455,0.781574466,0.000159347,0.462125597
0.52800663,0.579153947,0.572996413,0.609521613,0.609298203,0.999035874,0.797586734,0.809457874,0.303729003,0.781728852,0.000184787,0.469169539
0.54628772,0.597688618,0.593447187,0.610307153,0.610307153,0.999108553,0.797609836,0.809486517,0.30361758,0.781759308,0.000128241,0.473559632
0.498123141,0.55980157,0.553188072,0.610436876,0.610436876,0.999034487,0.797453235,0.809373766,0.303498906,0.781636922,0.000204445,0.459032234
0.528201628,0.580625818,0.585791531,0.61011257,0.609982848,0.999086599,0.797636536,0.809542632,0.303709909,0.781822607,0.000145008,0.471256385
0.390922829,0.410379416,0.440708817,0.602523818,0.602523818,0.998912701,0.797170329,0.809116757,0.303259382,0.781418816,0.000199357,0.457150047
0.495344416,0.559583515,0.553509289,0.613146629,0.613067355,0.999121494,0.797455448,0.809385745,0.303320774,0.781647869,0.000159578,0.460667824
0.500950617,0.56345399,0.551367846,0.614595195,0.614177201,0.999051357,0.797548413,0.809440948,0.303629907,0.781701905,0.000247578,0.465210572
0.493053186,0.539031836,0.541784892,0.605918217,0.605918217,0.998926451,0.797513551,0.809368558,0.303830275,0.781602676,0.000240061,0.466285868
0.503875591,0.565852595,0.552063815,0.608217184,0.608217184,0.999070191,0.797516318,0.809410352,0.303534436,0.781675378,0.000133098,0.459319091
0.485448252,0.553477976,0.538626265,0.60375618,0.603511149,0.999023279,0.797463749,0.809381188,0.30354072,0.781638606,0.000104535,0.469697961
0.560961342,0.618948975,0.607901922,0.610833249,0.610833249,0.999126463,0.797619244,0.809498495,0.303596552,0.781770256,0.000118643,0.466869648
0.560620095,0.61551461,0.607848386,0.620115597,0.619820118,0.999258996,0.797890529,0.80971293,0.303793295,0.781996081,0.000130322,0.467171603
0.511675523,0.571085914,0.567160983,0.60470027,0.60470027,0.998965043,0.797562386,0.809471414,0.303834867,0.781738536,0.000181896,0.46408495
0.484132014,0.554241169,0.541142459,0.60952882,0.609608095,0.999062912,0.797469698,0.8094028,0.30346821,0.781674536,0.000162701,0.46639994
0.494320675,0.544210641,0.547995075,0.61049453,0.610393635,0.999044193,0.797441338,0.809357101,0.303458059,0.781608571,0.000194038,0.479749713
0.579827427,0.629633668,0.61213127,0.621520921,0.621542542,0.99927367,0.797798395,0.809603044,0.303601386,0.781874116,0.000143158,0.456115011
0.513771754,0.57686437,0.553616361,0.614782571,0.61509967,0.999158816,0.797608591,0.80946217,0.303510266,0.781706817,0.000154953,0.473566342
0.560083849,0.614860445,0.60372611,0.617477911,0.617672495,0.99914703,0.79777128,0.809608512,0.303819157,0.781888712,0.000207914,0.478813652
0.554428899,0.606519843,0.597355319,0.608087462,0.608087462,0.999068343,0.797617999,0.809486127,0.303715952,0.781757203,0.000132866,0.466641504
0.569541267,0.614369821,0.620375823,0.616843714,0.616843714,0.999196022,0.797605548,0.809491595,0.303427121,0.781777414,0.000145471,0.471053404
0.456978501,0.502071522,0.5039349,0.594639588,0.594639588,0.998885431,0.797298985,0.809216748,0.303541445,0.781425132,0.000100257,0.463459232
0.546726466,0.601613607,0.587772365,0.608166736,0.608137909,0.999077702,0.797651892,0.809506437,0.30375559,0.781778396,0.000124194,0.465373292
0.435187442,0.503597907,0.502542963,0.614869053,0.615150117,0.998928646,0.797187068,0.809197609,0.303255273,0.781444922,0.000385995,0.461707892
0.448496076,0.506650676,0.502971251,0.602084204,0.601709451,0.998972901,0.797276021,0.809220524,0.303318115,0.78147215,0.000126044,0.456937
0.564666309,0.624454863,0.626960758,0.625246833,0.625246833,0.999247441,0.797752465,0.809657336,0.303576491,0.781930256,0.00022896,0.482802815
0.477502072,0.544374182,0.528882703,0.603446288,0.603446288,0.998997281,0.797406338,0.809326375,0.303494797,0.781585834,0.000129513,0.454006358
0.531857846,0.590710859,0.585363242,0.61027112,0.61027112,0.999126925,0.797538038,0.80944238,0.303453708,0.781713554,0.000109276,0.46408495
0.500901867,0.56023768,0.547459714,0.609334237,0.609334237,0.999035758,0.797456694,0.809360226,0.30350229,0.781621904,0.000185481,0.462081981
0.535075318,0.587167466,0.591787569,0.607186613,0.607186613,0.999076893,0.797522682,0.809434829,0.303531535,0.781703027,0.000109855,0.465131728
0.592989811,0.630451374,0.629691097,0.619892186,0.619776878,0.999208848,0.797723414,0.809557345,0.30360622,0.781831449,0.000179815,0.475044245
0.529810364,0.60297645,0.580652069,0.607921705,0.607921705,0.999080937,0.797559896,0.809458915,0.303588093,0.781711729,0.000117602,0.462276574
0.539609028,0.595017444,0.597087639,0.620281353,0.620166044,0.999205844,0.797638611,0.809541461,0.303464343,0.781821203,0.000189181,0.476892881
0.504558085,0.586186219,0.552277959,0.603720146,0.603720146,0.998996126,0.79747537,0.809383922,0.303617822,0.781605764,0.000135179,0.459545557
0.518110467,0.570104666,0.557524493,0.612851151,0.612851151,0.999152461,0.797530014,0.80940254,0.303386274,0.781674396,0.000125119,0.472046501
0.465850924,0.507522896,0.511055196,0.598999697,0.598999697,0.998887165,0.797182364,0.809120402,0.303333826,0.781376851,0.000168367,0.4598559
0.489884464,0.547154383,0.543551582,0.605550671,0.605550671,0.999015191,0.797405784,0.809328328,0.303456367,0.781587659,0.000145355,0.455985842
0.56910252,0.627780201,0.620643503,0.612699808,0.61260612,0.999160896,0.797638058,0.809524014,0.303557397,0.781793694,0.000112746,0.472843327
0.484083264,0.5468273,0.533326195,0.609781058,0.610415255,0.999003059,0.797515073,0.809399025,0.303672687,0.781661905,0.000235552,0.460949649
0.521084191,0.574520279,0.571872156,0.607229853,0.606869514,0.999070769,0.797501793,0.809403061,0.303507607,0.78166822,0.000110895,0.46189242
0.55998635,0.617313563,0.591145136,0.614213235,0.614213235,0.999165518,0.797628236,0.809478445,0.303530569,0.781722677,0.000133907,0.462011525
0.539609028,0.586186219,0.577011617,0.6179968,0.617658081,0.999192209,0.797570409,0.809433397,0.303373706,0.781711168,0.000162469,0.464088305
0.551406425,0.611371566,0.602334172,0.615265426,0.615265426,0.999118606,0.797622287,0.809508781,0.303618305,0.781780782,0.000197738,0.473769323
0.543508994,0.591910161,0.580598533,0.624972975,0.624972975,0.999259111,0.797655489,0.809493027,0.303382407,0.781765764,0.000212887,0.47389346
0.546677717,0.592945922,0.592376466,0.615834763,0.616281584,0.999181463,0.797679837,0.809532217,0.303587368,0.781807449,0.000151137,0.472927204
0.487788232,0.536524204,0.542534397,0.606703758,0.607020856,0.998974865,0.797383235,0.809309839,0.303501323,0.781566746,0.000209186,0.464854936
0.488470726,0.545518971,0.538947481,0.60703527,0.60703527,0.999029981,0.7974145,0.809338743,0.303440657,0.781596922,0.000154259,0.464551303
0.526495393,0.574847362,0.578457091,0.608044221,0.608044221,0.999093994,0.797492524,0.809397592,0.303443074,0.781662185,0.000106501,0.466977009
0.505240579,0.569341474,0.563252851,0.605493017,0.605493017,0.999038416,0.797521437,0.809445635,0.303609846,0.781701343,0.000121187,0.46950169
0.544825233,0.618349324,0.601156379,0.612389916,0.612296228,0.999081977,0.797774047,0.809660982,0.303960067,0.781932923,0.000186753,0.461741443
0.605128455,0.644352377,0.63033353,0.606444313,0.606444313,0.999034025,0.797697683,0.80952766,0.303926955,0.78180408,0.000140845,0.461889065
0.564081314,0.619875709,0.624979924,0.624727944,0.624727944,0.99935386,0.797823572,0.809717748,0.303477878,0.782008151,0.000114133,0.480747842
0.683079023,0.709223724,0.702500134,0.628619611,0.628619611,0.99941926,0.797965648,0.809726992,0.303589301,0.782017414,0.000111127,0.483547638
0.477648321,0.537396424,0.531291825,0.606610069,0.60683348,0.999034603,0.797426812,0.80934968,0.3034525,0.781614606,0.000146627,0.466552595
0.495295666,0.539031836,0.546924354,0.602293201,0.602293201,0.998998899,0.797415745,0.809327546,0.303507849,0.781587378,0.000109508,0.46336529
0.533612831,0.583624073,0.588307725,0.607604607,0.607604607,0.999064183,0.797549658,0.809452796,0.303605253,0.781718606,0.000129282,0.469706349
0.462340955,0.523877017,0.512125917,0.601961689,0.602538232,0.99896851,0.797254993,0.8091717,0.303290561,0.781480992,0.000143621,0.469828808
0.459318481,0.478903184,0.511697628,0.602386889,0.602386889,0.998949791,0.797095348,0.809040852,0.303050796,0.781480992,0.000160041,0.462519816
0.474918344,0.541975578,0.525831147,0.602040963,0.602040963,0.999001094,0.797435527,0.809346295,0.303537578,0.781599589,0.000103148,0.462107144
0.548968947,0.593000436,0.591519889,0.611834993,0.611143141,0.999094456,0.797577326,0.809449932,0.303590268,0.781716642,0.000155762,0.473193931
0.488080729,0.544755778,0.540500027,0.60683348,0.606876721,0.998974749,0.797416436,0.809335358,0.303559572,0.781595659,0.000207221,0.462989524
0.495539414,0.551624509,0.541463676,0.611827787,0.611907061,0.999124845,0.79750954,0.809388869,0.303408269,0.781651098,0.000137723,0.464665375
0.490420709,0.54726341,0.542427325,0.601817553,0.604231828,0.998935463,0.797687307,0.809551356,0.304114996,0.781812221,0.000203867,0.510002265
0.389899088,0.427823812,0.435837036,0.600433849,0.600433849,0.99894101,0.796941237,0.808896984,0.302799671,0.781133903,0.000137492,0.457673435
0.544678984,0.589729612,0.588254189,0.608627971,0.608627971,0.999052744,0.797632801,0.80950826,0.303774443,0.781775028,0.000157266,0.472851715
0.511724272,0.571740078,0.568927673,0.61280791,0.612591706,0.999096883,0.797564046,0.809480398,0.303561989,0.781744852,0.000176577,0.466020818
0.534197826,0.595180986,0.584346057,0.619387711,0.619387711,0.999084866,0.797605825,0.809496152,0.303660119,0.78178008,0.000297648,0.467934878
0.514649247,0.57773659,0.563681139,0.606098387,0.606112801,0.99902455,0.797599323,0.809486127,0.303774926,0.78176408,0.000145008,0.46581616
0.52225418,0.589784126,0.577546978,0.607806397,0.607806397,0.999023741,0.797797979,0.809680772,0.304123456,0.781965625,0.000172992,0.464281221
0.513869254,0.567978631,0.561914449,0.610624252,0.61143862,0.999142408,0.797703216,0.809549533,0.303709909,0.781810115,0.000112399,0.478979727
0.518744211,0.568251199,0.570212538,0.615719454,0.615719454,0.999128889,0.797626299,0.809504485,0.303603803,0.781815589,0.000194732,0.47508115
0.507093063,0.554186655,0.558702286,0.611971922,0.611986336,0.999131663,0.797542188,0.809430402,0.30345105,0.781743449,0.000132057,0.472675574
0.503631843,0.557348452,0.559398255,0.605932631,0.605579498,0.999056557,0.797535963,0.809450453,0.303597277,0.781714957,0.00010442,0.46908063
0.501389363,0.557239424,0.545800096,0.606184869,0.606184869,0.999052282,0.797469283,0.809361528,0.303489963,0.78163201,0.000118412,0.467245414
0.518597962,0.571522024,0.563413459,0.61435737,0.61435737,0.999123228,0.797589777,0.809454489,0.303551838,0.781721694,0.000178543,0.487015089
0.519767952,0.577627562,0.561004336,0.607482091,0.607482091,0.99908891,0.797600983,0.809459566,0.3036432,0.781729694,0.00010257,0.473707254
0.540194023,0.603903184,0.586487499,0.610955765,0.610962972,0.999061525,0.797628651,0.809508651,0.303748823,0.78177587,0.000185828,0.470650797
0.549797689,0.59888792,0.604207934,0.611294484,0.61128007,0.999132818,0.797593097,0.8094886,0.303537578,0.781764361,0.000119568,0.472655444
0.504899332,0.504306585,0.552492103,0.600030269,0.600123957,0.998970128,0.797213353,0.808955182,0.303214668,0.781847589,0.000103495,0.471630474
0.50397309,0.56694287,0.551100166,0.605420949,0.605420949,0.998999708,0.797557129,0.809443162,0.303753173,0.781709764,0.000158769,0.459418065
0.559937601,0.607283035,0.613416136,0.620742588,0.620742588,0.999195676,0.797861893,0.809714493,0.303875715,0.782002397,0.000208493,0.474423559
0.446399844,0.480974706,0.487767011,0.607373989,0.607496505,0.998941472,0.797153175,0.809093321,0.303169229,0.781335869,0.000250469,0.463558206
0.500999366,0.545137375,0.548744579,0.610184638,0.610184638,0.99903495,0.797517702,0.809386656,0.303610571,0.781651378,0.000199935,0.48676346
0.533954078,0.594581334,0.580116709,0.610278326,0.610235086,0.99907308,0.79752033,0.809414388,0.303535161,0.781679589,0.000162585,0.460223279
0.508458051,0.553314435,0.554419401,0.606148835,0.606148835,0.99906245,0.79749197,0.809377542,0.303508091,0.781690677,0.000107773,0.460899323
0.558962609,0.611862189,0.594303764,0.603612044,0.60357601,0.999018542,0.797658256,0.809502141,0.303890458,0.781766747,0.000110433,0.461068754
0.542290255,0.591146969,0.589592591,0.613377247,0.61337004,0.999046273,0.797491555,0.809392905,0.303540962,0.781671027,0.000239714,0.471595246
0.487251987,0.554023114,0.537287863,0.60492368,0.60492368,0.998994508,0.797471358,0.809377933,0.303614196,0.781640712,0.000155994,0.460047139
0.585043631,0.63579372,0.620108143,0.617067124,0.616541028,0.999195676,0.797612465,0.809477143,0.303439931,0.781740501,0.000141077,0.475990371
0.572758738,0.624291321,0.6212324,0.615308667,0.615308667,0.999199027,0.797649679,0.809525576,0.303497939,0.781801694,0.000117949,0.472536339
0.48340077,0.540285652,0.530328176,0.613629484,0.613629484,0.999042345,0.797424737,0.809328718,0.303432922,0.781589343,0.000247809,0.463271349
0.513820504,0.571631051,0.560361904,0.60896669,0.609175687,0.99907724,0.797450883,0.809358794,0.303405368,0.781620501,0.000141539,0.467221929
0.468970897,0.5071413,0.526259436,0.598848355,0.598848355,0.998859549,0.797248491,0.809200994,0.303507124,0.781450395,0.000193691,0.460518524
0.59430605,0.649476668,0.649552974,0.62511711,0.62511711,0.999169215,0.797622702,0.809517244,0.303513166,0.781791308,0.000305165,0.478981405
0.55428265,0.617095508,0.609133251,0.60548581,0.60548581,0.999001094,0.797639718,0.809533519,0.303894809,0.781815449,0.000158538,0.45807772
0.490908205,0.553041867,0.543230366,0.603712939,0.603712939,0.998986882,0.797430686,0.809355669,0.303559089,0.781616711,0.000144199,0.457109786
0.456247258,0.511829481,0.506825847,0.605918217,0.605918217,0.999001672,0.797327069,0.809264791,0.303347119,0.781519167,0.000164782,0.457584526
0.525569151,0.575883123,0.577225762,0.610177431,0.610177431,0.999073542,0.797531536,0.809430402,0.303554013,0.781704571,0.000161197,0.466051014
0.4970994,0.561491496,0.546656673,0.605824529,0.605824529,0.999018426,0.797452682,0.809363481,0.303531535,0.781625554,0.000146511,0.458304186
0.552088919,0.620584387,0.608972643,0.613694346,0.613694346,0.999064992,0.797639995,0.809540549,0.303761391,0.781816431,0.000226069,0.472484336
0.486130746,0.547426952,0.53814444,0.605399328,0.605356088,0.99899601,0.797410765,0.809330801,0.30350519,0.781590466,0.000161429,0.470722931
0.486715741,0.550043611,0.54017881,0.608008187,0.608173943,0.998995432,0.797442029,0.809372464,0.303560781,0.781630185,0.000207221,0.469370843
0.592161069,0.65825338,0.650944911,0.622126292,0.621110134,0.999299091,0.797786221,0.809671137,0.303527185,0.781961274,0.000110895,0.502421513
0.643299371,0.676188399,0.665774399,0.620389455,0.619041785,0.999264889,0.797854699,0.80964666,0.303718369,0.78193573,0.000111936,0.4719794
0.58743236,0.636502399,0.62476578,0.609975641,0.609961227,0.999093301,0.797595311,0.809467378,0.303624106,0.781737554,0.00013807,0.480611962
0.604933457,0.652747492,0.64730446,0.617131985,0.617131985,0.999216012,0.79770875,0.809564766,0.303565615,0.781844782,0.000130207,0.471190961
0.511821772,0.575937636,0.563627603,0.609312616,0.608772107,0.999016578,0.797476891,0.809388218,0.3035777,0.781650255,0.000195773,0.46889778
0.537756545,0.579808112,0.575566144,0.608267631,0.608267631,0.999080475,0.797561279,0.809431314,0.303591235,0.781704712,0.000123615,0.461045268
0.530005362,0.582860881,0.579206596,0.60413814,0.604109313,0.999022008,0.7974495,0.809366736,0.303518242,0.781630326,0.00011529,0.460357481
0.520450446,0.581170955,0.568927673,0.60934865,0.609218928,0.998980527,0.797585627,0.809468941,0.303842844,0.781739238,0.000238789,0.468322387
0.522059182,0.584223724,0.563038707,0.601377939,0.601305871,0.998990002,0.797549243,0.809424674,0.303759457,0.781682536,0.000102338,0.456237471
0.558231365,0.588802878,0.593233042,0.615856383,0.615856383,0.999103931,0.797526417,0.809410222,0.303481504,0.781675799,0.000221906,0.463125404
0.536635304,0.589893153,0.580384389,0.617463498,0.617463498,0.99917869,0.797638611,0.809497063,0.303521142,0.781769133,0.000172761,0.470709511
0.613318383,0.657108591,0.643235719,0.612310642,0.612310642,0.999104162,0.797609836,0.80947532,0.303627006,0.781746396,0.000164898,0.45030573
0.535319066,0.59757959,0.587076396,0.607647847,0.607647847,0.99906557,0.797562386,0.809460087,0.303624589,0.781729273,0.000128588,0.483956955
0.56452006,0.604175752,0.624605172,0.631091541,0.631091541,0.999437401,0.797857466,0.809741834,0.303362588,0.7820838,0.000132635,0.465349807
0.592258568,0.629306585,0.625247604,0.620836276,0.61988498,0.999207808,0.797625331,0.809479617,0.303437273,0.781751168,0.000182706,0.464095015
0.601277239,0.649149586,0.633224477,0.618674239,0.618688652,0.99920284,0.797814304,0.809623094,0.303777343,0.781905414,0.000168367,0.467651376
0.549895188,0.601450065,0.60019273,0.616346445,0.616346445,0.99907932,0.797518947,0.809430012,0.303519934,0.781697975,0.0002544,0.464167149
0.585969873,0.642880506,0.625836501,0.614501506,0.614501506,0.999144142,0.797659224,0.80952141,0.303629423,0.781791729,0.00015981,0.457139981
0.591234827,0.618839948,0.625568821,0.618011214,0.617903112,0.999208039,0.797725074,0.809566068,0.303610813,0.78184394,0.000150443,0.475550858
0.615122118,0.657653729,0.653193426,0.612750256,0.612750256,0.999131894,0.79754122,0.809434048,0.303448874,0.781701624,0.000144083,0.467522206
0.529615366,0.594690362,0.57792173,0.618306692,0.618306692,0.999118259,0.797554085,0.809446677,0.303499873,0.781701624,0.000246884,0.462461102
0.509823039,0.567542521,0.564912469,0.609355857,0.609355857,0.998975327,0.797462227,0.809403321,0.303638366,0.781656431,0.000246306,0.469181282
0.734997319,0.782544701,0.772257616,0.623445135,0.623538823,0.999132934,0.798486638,0.810197785,0.305098228,0.782534889,0.00031615,0.459901194
0.547798957,0.61202573,0.595802773,0.60818115,0.60818115,0.999024319,0.797548967,0.809446156,0.303687431,0.781714677,0.000178543,0.466371422
0.470628382,0.534343655,0.517425986,0.617903112,0.617903112,0.998909812,0.797386832,0.809311662,0.303643684,0.781497273,0.000449017,0.459510329
0.494613172,0.561491496,0.550029445,0.607561366,0.607561366,0.999043962,0.797448808,0.809371553,0.303471352,0.781626817,0.000148824,0.461382451
0.492273193,0.558384213,0.549226404,0.601377939,0.601147321,0.998985842,0.797464164,0.809392385,0.303619755,0.781660641,0.000104073,0.464866678
0.500755618,0.556421718,0.549387012,0.605017368,0.605017368,0.999040611,0.79751784,0.809405274,0.303598969,0.781618817,0.000111358,0.464708991
0.441281139,0.483700392,0.486375074,0.608418974,0.608418974,0.998911314,0.797063945,0.808972498,0.303076416,0.78130443,0.000295336,0.463739379
0.508994296,0.565034889,0.55891643,0.604772337,0.604714683,0.999023973,0.797478828,0.809381839,0.303565615,0.781645343,0.000123153,0.464952232
0.531662848,0.585150458,0.575512608,0.610199052,0.610350394,0.999065685,0.797592959,0.809462821,0.303678005,0.781732642,0.000171836,0.462501363
0.599083508,0.649476668,0.640184164,0.616886954,0.616886954,0.999191747,0.797713453,0.809566068,0.303624589,0.781840291,0.000150559,0.48221568
0.535221567,0.596162233,0.594571444,0.601543695,0.601543695,0.998990695,0.79770709,0.809614241,0.304034027,0.781890396,0.000105576,0.467116244
0.49943938,0.553314435,0.555543659,0.609896366,0.609896366,0.999011609,0.797421832,0.809346685,0.303491897,0.781628361,0.000218669,0.465049529
0.397504022,0.440907109,0.436425933,0.600628432,0.600628432,0.998840484,0.797238392,0.809162326,0.30352936,0.781408711,0.000241218,0.461241539
0.56569005,0.611044483,0.605385727,0.621355165,0.621355165,0.999276559,0.797671951,0.809518936,0.303374673,0.781798747,0.000137376,0.486573899
0.52917662,0.580571304,0.573745918,0.613449315,0.613002494,0.999075738,0.797596832,0.809463603,0.303663503,0.781748922,0.00020433,0.461535106
0.470628382,0.500109027,0.520477542,0.598985284,0.598985284,0.99889352,0.797130348,0.809044497,0.303229653,0.781473132,0.000161775,0.466550917
0.500365622,0.570104666,0.558220461,0.606746998,0.606746998,0.99903934,0.797509401,0.809434829,0.303586884,0.78171201,0.000140383,0.463190827
0.519280456,0.583406018,0.57235398,0.607669468,0.607669468,0.999080475,0.797530706,0.809436652,0.303538303,0.781702606,0.000114018,0.474351425
0.542777751,0.599378543,0.592269393,0.622919039,0.622976693,0.999299437,0.797839343,0.809677777,0.303619272,0.781978537,0.000140498,0.468255286
0.548432701,0.59845181,0.599068473,0.614479886,0.614479886,0.999137209,0.797684264,0.809553699,0.303687673,0.781862888,0.000166517,0.460171276
0.471505874,0.619548626,0.529150383,0.606365038,0.606408279,0.999019582,0.79771207,0.809636505,0.303982304,0.781614045,0.000154722,0.459758604
0.461950958,0.491386829,0.52240484,0.608440594,0.608145116,0.998984918,0.797142661,0.809121184,0.303059739,0.78147608,0.000217281,0.467793966
0.563301321,0.622165286,0.601263451,0.621917295,0.621917295,0.999263964,0.797861893,0.809668273,0.303733112,0.781930116,0.000159,0.469833841
0.552235168,0.600741387,0.59055624,0.619611122,0.619675983,0.999182619,0.797779304,0.809589243,0.303758732,0.781880151,0.000204445,0.477780294
0.551065178,0.604775403,0.594839124,0.609197308,0.609197308,0.999091452,0.797635983,0.80950149,0.303699033,0.781772782,0.000127663,0.467909715
0.509579291,0.566016136,0.550243589,0.602703988,0.602682368,0.99900121,0.797591437,0.809440297,0.303810214,0.781702185,0.000113324,0.46348775
0.523765417,0.600632359,0.57358531,0.61359345,0.61359345,0.999114793,0.797585627,0.809478315,0.303562231,0.781677484,0.000174727,0.469234963
0.480329547,0.548081116,0.535199957,0.603885902,0.603864282,0.998964697,0.797434144,0.809360486,0.303611296,0.781621624,0.000168829,0.463306577
0.403548969,0.475468818,0.474329461,0.615726661,0.61721126,0.998974287,0.79696102,0.809032259,0.302764866,0.781265132,0.00037339,0.468069081
0.562960074,0.60706498,0.608758499,0.625196385,0.625196385,0.999234731,0.797713592,0.809564636,0.303534919,0.781842396,0.000240755,0.479905723
0.285233754,0.370093764,0.369773542,0.596398046,0.596398046,0.998612971,0.796810229,0.808895942,0.303257449,0.781153973,0.000401027,0.459664662
0.441671135,0.483754906,0.486803362,0.600448262,0.600448262,0.998946556,0.79723106,0.809150087,0.30329467,0.781409834,0.000132057,0.466498914
0.523326671,0.581007414,0.566304406,0.609312616,0.609312616,0.999039803,0.797509125,0.809398894,0.303585434,0.781662606,0.000181087,0.464355032
0.511236777,0.558275185,0.562289202,0.603698525,0.603698525,0.999025244,0.797460429,0.809368558,0.303531052,0.781631589,0.000105576,0.465660149
0.565153805,0.616822939,0.608812035,0.617939146,0.61797518,0.999182388,0.797709442,0.80956086,0.303637158,0.781822747,0.000177386,0.473559632
0.482962024,0.555931095,0.536270678,0.602365269,0.602365269,0.998975558,0.797444658,0.809365434,0.303607187,0.781613624,0.000133907,0.464269478
0.559791352,0.610281291,0.613309064,0.619027371,0.61896251,0.999186779,0.797653137,0.809538987,0.303529602,0.781813484,0.000188834,0.473955529
0.511919271,0.565416485,0.5563467,0.603547183,0.603338186,0.999009298,0.797455172,0.809357752,0.303555222,0.781619238,0.000115752,0.458502135
0.500316872,0.562036633,0.541303068,0.607373989,0.607373989,0.999064645,0.797513413,0.809390952,0.303540962,0.781638606,0.000125003,0.466171796
0.450689806,0.489151766,0.490818566,0.59144698,0.59144698,0.998735798,0.796979557,0.808904145,0.303296121,0.781105412,0.000198663,0.462623823
0.342612002,0.379306585,0.380320146,0.565005261,0.565005261,0.997672532,0.795752477,0.80774669,0.303376365,0.779882672,0.00083848,0.454546522
0.567445035,0.613606629,0.609400932,0.615114084,0.614609608,0.999189552,0.797662683,0.809529743,0.303540478,0.781807449,0.000116215,0.465749058
0.506751816,0.565852595,0.552277959,0.611301691,0.611092694,0.999058868,0.797666279,0.809508,0.303820124,0.781779098,0.000190569,0.462934165
0.531516599,0.586186219,0.582044007,0.608390147,0.607510918,0.999081053,0.797524342,0.809423111,0.303525735,0.781689834,0.000110895,0.461815254
0.547993955,0.601995203,0.588307725,0.61431413,0.61431413,0.999137671,0.797584105,0.80945553,0.303511716,0.781722957,0.00016351,0.480732745
0.513235509,0.564489751,0.553241608,0.617665288,0.617874285,0.999174993,0.797519638,0.809393166,0.303321257,0.781662045,0.000183284,0.470233093
0.571978745,0.626417357,0.616788907,0.6130097,0.6130097,0.999096883,0.797713868,0.809569453,0.303823749,0.781848993,0.000183284,0.47255647
0.544630234,0.583351505,0.579099524,0.626198129,0.626198129,0.999272515,0.79767209,0.809496022,0.303383374,0.781795098,0.000219131,0.487501573
0.52805538,0.581061928,0.577279298,0.611035039,0.610912524,0.999098269,0.797636121,0.809507219,0.303684772,0.7817798,0.000148246,0.46363034
0.536927802,0.58269734,0.586380427,0.609997261,0.609903573,0.999084635,0.797491279,0.809392515,0.303460718,0.781656852,0.000145702,0.464843193
0.511041778,0.562636284,0.554312329,0.607042477,0.607042477,0.999053206,0.797471773,0.809371683,0.303492138,0.781633273,0.000131132,0.465031076
0.501291864,0.558820323,0.552920392,0.605521844,0.605521844,0.999042807,0.797489204,0.809394728,0.303544345,0.781652361,0.000117255,0.470828615
0.473602106,0.544210641,0.530863537,0.605990285,0.605896597,0.998960422,0.797421555,0.809366475,0.303598486,0.78162808,0.000205602,0.462367161
0.693852679,0.740460096,0.724396381,0.610119777,0.610119777,0.999076778,0.798015312,0.809800814,0.304392709,0.782102467,0.000157034,0.457282571
0.572076244,0.629470126,0.634616414,0.625001802,0.625001802,0.999353398,0.797847229,0.809744308,0.303520175,0.782036081,0.00011899,0.521327261
0.660410471,0.689925861,0.682905937,0.62929705,0.62929705,0.999424228,0.797986676,0.809740923,0.303615647,0.782032432,0.000117024,0.495724818
0.498123141,0.556857828,0.551528454,0.609514406,0.609420718,0.999091914,0.797656457,0.809543153,0.303733837,0.781840431,0.000130669,0.467921458
0.535562814,0.586731356,0.589860271,0.607719915,0.607719915,0.999090066,0.797527386,0.809433527,0.303512199,0.781699378,0.000105229,0.469978108
0.427972505,0.488170519,0.475721398,0.59951138,0.599504173,0.998687499,0.796087123,0.808107858,0.301837951,0.780308077,0.000376281,0.4621776
0.48461951,0.548680768,0.535199957,0.604260655,0.604260655,0.99902016,0.797440369,0.809352544,0.303506399,0.781592711,0.000119684,0.461796801
0.480670794,0.54317488,0.5262059,0.606408279,0.606408279,0.999032292,0.797488097,0.809358403,0.303564406,0.781610957,0.000142002,0.461889065
0.547750207,0.598669865,0.594464372,0.610184638,0.610379221,0.999088217,0.797561417,0.809448109,0.303575525,0.78171622,0.000149749,0.463925585
0.501925608,0.564108155,0.560629584,0.607100131,0.60703527,0.998976598,0.797446733,0.809375199,0.303608879,0.781638747,0.000207799,0.46862602
0.539316531,0.59261884,0.580437925,0.613939376,0.613737586,0.999172682,0.797673335,0.809517244,0.303594377,0.781788922,0.000119106,0.470155926
0.455223517,0.51662669,0.505166229,0.59935283,0.59935283,0.998944245,0.797318353,0.80924435,0.303452016,0.78151622,0.000116908,0.491774238
0.473943353,0.531672481,0.527008941,0.603158016,0.60375618,0.998946209,0.79739361,0.809315829,0.303579633,0.78156436,0.000185597,0.468986689
0.469458392,0.513028783,0.5229402,0.600570778,0.600570778,0.998978909,0.797317385,0.809148785,0.303377815,0.781513132,0.00010176,0.459087592
0.584604885,0.622655909,0.619572782,0.612541259,0.612577293,0.999089141,0.797857466,0.809662544,0.304090585,0.781946256,0.000184093,0.490195684
0.525520402,0.583460532,0.581615718,0.614833019,0.614667262,0.999135129,0.797628236,0.809525446,0.303594135,0.781799168,0.000171605,0.465853065
0.534636572,0.609572612,0.584934954,0.618364347,0.618371553,0.999079782,0.797631003,0.80952128,0.303714743,0.78176787,0.000286432,0.465084757
0.504606835,0.569341474,0.55281332,0.605882183,0.605882183,0.999023395,0.797602089,0.809482351,0.303782419,0.781751028,0.000142464,0.468691444
0.555257641,0.614260794,0.600995771,0.612108851,0.612108851,0.999123805,0.7979413,0.809749907,0.304165028,0.78203987,0.000141886,0.482666935
0.519816702,0.575228958,0.569248889,0.610977385,0.61089811,0.999077702,0.797757584,0.809603695,0.30394049,0.781886045,0.000168714,0.482155289
0.516404231,0.57059529,0.565661973,0.616721198,0.616721198,0.999171873,0.797629204,0.809499797,0.303518967,0.781771238,0.000167789,0.47284836
0.514113002,0.566779328,0.565340757,0.613312386,0.613312386,0.999153963,0.797617722,0.809496933,0.303536128,0.781769554,0.000131016,0.473198963
0.486130746,0.554622765,0.529150383,0.608426181,0.608426181,0.999017155,0.797477445,0.809367517,0.303577458,0.781597483,0.000189528,0.467914748
0.55428265,0.602431313,0.592215857,0.615445596,0.615445596,0.999167829,0.7977129,0.809545106,0.303673654,0.781811238,0.000151368,0.471679122
0.484083264,0.549116877,0.533165587,0.602776056,0.602776056,0.99899601,0.797491417,0.809387958,0.303646101,0.781654466,0.000120031,0.461652533
0.499829376,0.56694287,0.551100166,0.601839173,0.601810346,0.999000285,0.797451713,0.809366345,0.30356779,0.781628501,0.000100372,0.462118886
0.546092722,0.608482338,0.59312597,0.610033295,0.610033295,0.999077586,0.797648157,0.809517504,0.303749306,0.781803659,0.000154953,0.464573111
0.571150002,0.620148277,0.624176883,0.612274608,0.612281814,0.999162514,0.797653829,0.809533258,0.303581809,0.781813203,0.000105923,0.472700737
0.500073124,0.554186655,0.558755822,0.609218928,0.609218928,0.998957302,0.797517287,0.809454619,0.303772267,0.781718466,0.000262148,0.470848746
0.495441915,0.528238116,0.54141014,0.604116519,0.604116519,0.998923909,0.797354737,0.809283019,0.30355788,0.781562957,0.000213696,0.465604791
0.530492858,0.576591801,0.570747899,0.618018421,0.618018421,0.999173953,0.79777045,0.809565026,0.303761391,0.7818038,0.000186522,0.468820613
0.52917662,0.592836895,0.576315649,0.613305179,0.613096182,0.999104278,0.79752614,0.809419726,0.303480295,0.781682677,0.000177271,0.459803897
0.520304197,0.582642826,0.567803416,0.604570547,0.604671442,0.999022355,0.79758535,0.809467508,0.303755348,0.781737835,0.000124078,0.477567248
0.567786282,0.616114261,0.604047326,0.61626717,0.616274377,0.99908787,0.797565983,0.809439907,0.303584226,0.781710887,0.000244687,0.471462721
0.497050651,0.562690798,0.545693024,0.603518356,0.603518356,0.999009414,0.797465547,0.809372464,0.303572866,0.781634957,0.000118527,0.437687359
0.581192415,0.638519407,0.618502061,0.61469609,0.614847432,0.999147377,0.797635291,0.809499797,0.303580842,0.781756361,0.000162354,0.46788623
0.526300395,0.590656345,0.574709567,0.612130472,0.612130472,0.99915639,0.797562386,0.809452796,0.303434614,0.781692782,0.000109623,0.465933587
0.535172817,0.569559529,0.579474276,0.614342957,0.614342957,0.999085559,0.797503729,0.80938913,0.303480295,0.781675378,0.000216009,0.47122619
0.456247258,0.520551679,0.509342042,0.60492368,0.60470027,0.998995432,0.797360409,0.80929044,0.30341842,0.781545553,0.000151484,0.460028686
0.488665724,0.469853903,0.543283902,0.604433618,0.604433618,0.998961462,0.797108491,0.809050486,0.303049346,0.781489273,0.000181202,0.465198829
0.560327597,0.610662887,0.615985866,0.625246833,0.625246833,0.99912473,0.797562109,0.809465686,0.303500356,0.781735729,0.000351651,0.481318202
0.545556476,0.609354557,0.60249478,0.606494761,0.606494761,0.999018426,0.797671675,0.809568932,0.303913903,0.781847028,0.00015715,0.467837582
0.492858187,0.550207152,0.541142459,0.603871488,0.603871488,0.998998899,0.797427089,0.809343821,0.303527668,0.78160408,0.000134717,0.464957265
0.49714815,0.555167902,0.544568767,0.603583217,0.603583217,0.998998206,0.797433729,0.809348118,0.303540962,0.781608992,0.000130785,0.461211343
0.522985424,0.580135194,0.578350019,0.605810115,0.605810115,0.999017386,0.797527524,0.809437433,0.30366447,0.781706817,0.000147321,0.466787449
0.567396285,0.630887484,0.617913165,0.614840225,0.614840225,0.999104509,0.797657702,0.809539768,0.303709667,0.781815589,0.000205024,0.467379616
0.477892068,0.559638029,0.527758445,0.607309128,0.607359576,0.999032985,0.797435251,0.809351372,0.303470627,0.781570676,0.000156572,0.461459618
0.561887583,0.60472089,0.599443225,0.613269145,0.612815117,0.99910266,0.79764124,0.80950149,0.303684772,0.781775729,0.00017438,0.463472652
0.502510603,0.566016136,0.558755822,0.609290996,0.609636922,0.99905309,0.797532089,0.809450062,0.303597761,0.781719168,0.000172992,0.473262709
0.577292449,0.634648932,0.620375823,0.608253218,0.608246011,0.999080706,0.797578433,0.809464644,0.303620964,0.781734606,0.000123037,0.465426973
0.521864184,0.585532054,0.578457091,0.61298808,0.61298808,0.999093994,0.797572485,0.809483002,0.303582775,0.78174387,0.000185828,0.471692543
0.451226052,0.51122983,0.504416725,0.608029807,0.608044221,0.998991388,0.797333017,0.809266874,0.303379023,0.78152815,0.000209186,0.454997777
0.509969288,0.55075229,0.550832486,0.603727353,0.603691319,0.998997974,0.797424322,0.809334056,0.303524768,0.781593975,0.000132751,0.464534528
0.524935407,0.583842128,0.57235398,0.610386428,0.610436876,0.999049509,0.797560449,0.809446807,0.30365456,0.781715378,0.000189413,0.460904356
0.476283333,0.54230266,0.526152364,0.600837429,0.60049871,0.998976945,0.797415606,0.809330541,0.30355353,0.781589764,0.00010257,0.462232958
0.505240579,0.549552987,0.553402216,0.612562879,0.612562879,0.998970359,0.797434697,0.809355148,0.303600661,0.781621203,0.000302736,0.462977781
0.527372885,0.5781727,0.569463033,0.613845688,0.613845688,0.999154888,0.79763958,0.809485346,0.303572624,0.781758185,0.000138764,0.464715701
0.602008482,0.638955517,0.627389047,0.615243806,0.615243806,0.999123805,0.797637643,0.809485606,0.303634257,0.781756922,0.000192188,0.469461429
0.542485253,0.605593109,0.595963381,0.614984361,0.614984361,0.999115948,0.797702663,0.809585077,0.303764291,0.78186387,0.000195888,0.470295161
0.551016429,0.5980157,0.616788907,0.62451174,0.62451174,0.999329017,0.797803375,0.80973884,0.303494314,0.782027098,0.000135526,0.486526929
0.557500122,0.600032708,0.596712886,0.611287277,0.611366552,0.999071809,0.797595864,0.809459306,0.303670029,0.78172815,0.000182012,0.463719249
0.496611905,0.554132141,0.53814444,0.609442338,0.609442338,0.99905725,0.797538176,0.809399155,0.303599694,0.781663869,0.000165707,0.463588402
0.54857895,0.598070214,0.587718829,0.616634717,0.616634717,0.999147608,0.797599323,0.809469201,0.303517517,0.781733343,0.000190685,0.465230702
0.602398479,0.646369385,0.630922426,0.613334006,0.612209746,0.999116295,0.797876834,0.809657987,0.304067865,0.781942747,0.000151137,0.469587244
0.608735924,0.625817706,0.63060121,0.613557417,0.613643898,0.999117104,0.79786881,0.809636505,0.304052155,0.781921133,0.000173223,0.497749595
0.618583337,0.671609246,0.666095615,0.616014932,0.616014932,0.999160087,0.79754703,0.8094485,0.303400051,0.781717203,0.000168251,0.472007918
0.501096865,0.565252944,0.551100166,0.612829531,0.612829531,0.999054246,0.797516042,0.809414388,0.303567548,0.781675378,0.000223063,0.465153536
0.484278263,0.518534671,0.525509931,0.6118422,0.611647617,0.998909812,0.797314341,0.80922417,0.303517033,0.781476501,0.000348644,0.463761187
0.679471555,0.711404274,0.69671824,0.615769902,0.616014932,0.99904038,0.799706386,0.810968423,0.307423129,0.783352295,0.000288051,0.480046635
0.563057573,0.626417357,0.609400932,0.609190101,0.60896669,0.999036798,0.797618829,0.809500969,0.303783627,0.781773764,0.000178543,0.465291093
0.495783162,0.550425207,0.538037368,0.624828839,0.624828839,0.999001672,0.797454757,0.809357622,0.303569965,0.781577553,0.000468212,0.460927841
0.565543801,0.618839948,0.620322287,0.62527566,0.62527566,0.99926512,0.797824818,0.809728684,0.303665678,0.782012362,0.00021173,0.47753202
0.521571686,0.570322721,0.579260132,0.621477681,0.621477681,0.999197756,0.797580093,0.809492897,0.303378782,0.781765063,0.000218206,0.47271919
0.451811047,0.484463585,0.494137802,0.582532178,0.582532178,0.99862233,0.796881751,0.808836442,0.303362829,0.781085342,0.000169176,0.449044228
0.579681178,0.626907981,0.612773703,0.607121752,0.607121752,0.999074813,0.797560311,0.809434959,0.303601628,0.781702887,0.000110895,0.461634081
0.442207381,0.500654165,0.492478184,0.604267862,0.604267862,0.99897602,0.797300922,0.809232372,0.303355095,0.781482536,0.000163857,0.476592604
0.470433384,0.518316616,0.518978532,0.599014111,0.599014111,0.998941819,0.797340903,0.809253204,0.303496489,0.781491237,0.000113902,0.463700796
0.464924682,0.52115133,0.515552224,0.610617046,0.610862076,0.999052166,0.79731448,0.809245131,0.303219744,0.781541202,0.000193575,0.461473038
0.478672062,0.53777802,0.530863537,0.603042707,0.603071535,0.998970359,0.797399697,0.809319734,0.303539511,0.781578396,0.000150443,0.466056046
0.527470385,0.580625818,0.571015579,0.608008187,0.608145116,0.999045695,0.797592267,0.809459827,0.303718369,0.781727308,0.000156572,0.466668344
0.537902793,0.594581334,0.587237004,0.604966921,0.604966921,0.999037376,0.797597939,0.809483002,0.303745681,0.781754957,0.000113786,0.463608532
0.529956613,0.587440035,0.58932491,0.601507661,0.601507661,0.99899185,0.797663789,0.809576484,0.303955959,0.781882677,0.000103842,0.464141986
0.515039243,0.572993894,0.565233685,0.606977616,0.606984822,0.998994739,0.797485468,0.80938952,0.303638125,0.781653624,0.000188834,0.462523171
0.407205187,0.484300044,0.455698913,0.599922167,0.599922167,0.998919287,0.797311021,0.80924396,0.303491413,0.781473272,0.000151021,0.452711306
0.534636572,0.578118186,0.574441887,0.61891927,0.61891927,0.999221674,0.79765452,0.809488731,0.303459026,0.781780642,0.000153218,0.484255555
0.529517867,0.590329263,0.5720863,0.611027833,0.611006212,0.999065338,0.797627129,0.809487429,0.303738188,0.781737273,0.000182821,0.466688475
0.512943012,0.564980375,0.56271749,0.608916243,0.608916243,0.999037029,0.797806142,0.809634291,0.304110162,0.781952011,0.000177502,0.466423425
0.534002827,0.585313999,0.572246908,0.609377477,0.609377477,0.999077009,0.797646635,0.809493678,0.303747856,0.78176801,0.000144893,0.466332838
0.514649247,0.576210205,0.565554901,0.60606956,0.60606956,0.999045002,0.797522405,0.809423892,0.303598003,0.781691098,0.000123847,0.465212249
0.543703993,0.602267771,0.588414797,0.623502789,0.623690166,0.999314343,0.79793715,0.809754203,0.303758974,0.781994537,0.000137029,0.473505951
0.515965485,0.575283471,0.56828524,0.609809885,0.609809885,0.999029865,0.7975729,0.809467899,0.303717885,0.781743028,0.00019901,0.467384649
0.464827183,0.540558221,0.522190695,0.605370501,0.605471396,0.998992775,0.797403986,0.809352023,0.303499873,0.781596922,0.000166401,0.465440393
0.491688198,0.549225905,0.549654692,0.60820277,0.608267631,0.999033563,0.797438018,0.809368819,0.303474253,0.781626536,0.000170679,0.468193218
0.506069322,0.573157436,0.549975909,0.620346214,0.620346214,0.999248712,0.79770377,0.80955409,0.303488271,0.781772642,0.000149055,0.472771193
0.546190221,0.602322285,0.58729054,0.617441877,0.617427464,0.999141369,0.797789679,0.809609554,0.303862905,0.78188773,0.000209533,0.483634869
0.546141471,0.598615351,0.590663312,0.608721659,0.608721659,0.999066147,0.797594066,0.809469461,0.30367873,0.781747519,0.000145239,0.46498075
0.55540389,0.613497601,0.592376466,0.605060609,0.604556134,0.999020506,0.798028731,0.809781675,0.304533619,0.782040713,0.000124078,0.462739572
0.530882855,0.588802878,0.582793511,0.614213235,0.614213235,0.999144257,0.797560449,0.809457613,0.30345685,0.781724642,0.0001553,0.466925006
0.5086043,0.552932839,0.565019541,0.602725609,0.602725609,0.99900433,0.797427365,0.809350461,0.303517033,0.781612361,0.000111011,0.467658086
0.477843319,0.54230266,0.52797259,0.607287508,0.607388403,0.99900433,0.797436081,0.809346685,0.303532019,0.781607448,0.000185712,0.469016884
0.481840784,0.545300916,0.539322234,0.617377016,0.616252757,0.998969781,0.797435527,0.809375199,0.30360332,0.781627799,0.00036252,0.477069022
0.574464973,0.618458352,0.614968681,0.621225443,0.621225443,0.999213354,0.797769343,0.809596664,0.303677038,0.781877765,0.000198548,0.476715063
0.41485887,0.490732665,0.474168853,0.603460701,0.603460701,0.998869948,0.797162167,0.809144359,0.303334551,0.7813805,0.000257176,0.462977781
0.469409643,0.521260358,0.52240484,0.600592398,0.600592398,0.998940894,0.797338551,0.809267916,0.303494314,0.78152408,0.000140151,0.456673628
0.521620436,0.573102922,0.567803416,0.609672956,0.609651335,0.999043269,0.79748118,0.809380276,0.30352936,0.781659799,0.000183053,0.468369358
0.530005362,0.572884867,0.574763103,0.605694807,0.605557878,0.999058059,0.797512168,0.809399285,0.303552563,0.781665133,0.000102454,0.464667052
0.561253839,0.606574357,0.600353338,0.616699578,0.616721198,0.999171411,0.797696161,0.8095343,0.303636916,0.781809133,0.000168251,0.473267742
0.416760103,0.478358046,0.466138444,0.603799421,0.603799421,0.998978563,0.797261357,0.809198781,0.303280652,0.781447869,0.000153912,0.466604598
0.565348803,0.611916703,0.610846405,0.620735381,0.620764208,0.999232535,0.797745548,0.809601221,0.303595586,0.781869484,0.000171951,0.475037535
0.507239312,0.569505015,0.553884041,0.605247986,0.605247986,0.999039456,0.79750871,0.80940254,0.303585192,0.781667659,0.000116099,0.463741057
0.436016185,0.445213694,0.476203223,0.584405944,0.584405944,0.998677331,0.796472955,0.808453141,0.302533319,0.780873692,0.000144199,0.46551756
0.399502754,0.438290449,0.441779539,0.604880439,0.604880439,0.99799514,0.795989731,0.807943809,0.303116055,0.780095164,0.00115544,0.450919705
0.531857846,0.588693851,0.584667273,0.611907061,0.612353882,0.999139404,0.79760458,0.809496803,0.303543862,0.781768852,0.000130207,0.468656216
0.452298542,0.519243349,0.507307672,0.608346906,0.608721659,0.999008143,0.797276574,0.809230679,0.303245364,0.781481132,0.000203289,0.463853451
0.509238044,0.566016136,0.558862894,0.606285764,0.606444313,0.999065454,0.797498057,0.809397723,0.303512441,0.781662466,0.000109276,0.465344774
0.552868912,0.607719145,0.593447187,0.614962741,0.614962741,0.999155696,0.797620212,0.809485866,0.303537094,0.781751449,0.000155762,0.473405299
0.554526398,0.609463585,0.595374485,0.615604145,0.614847432,0.999139635,0.797634323,0.809496152,0.303595586,0.781768993,0.000170101,0.466995462
0.56232633,0.62369167,0.609454468,0.613413281,0.613413281,0.999116641,0.797700726,0.809565677,0.303759457,0.781833975,0.000169986,0.461556914
0.61946083,0.662941561,0.649285294,0.626918808,0.626926015,0.999350393,0.797876004,0.809668012,0.303576733,0.781952291,0.000152871,0.488162519
0.48910447,0.548898823,0.542266717,0.604750717,0.604022831,0.999008143,0.797454618,0.80936986,0.303556189,0.781631589,0.000127778,0.464569756
0.592258568,0.63257741,0.631190107,0.610054916,0.609615301,0.999112251,0.797554362,0.809444464,0.303512924,0.781712291,0.000113324,0.466748866
0.509286794,0.563508504,0.551796135,0.606934375,0.606934375,0.999072965,0.797472879,0.809370642,0.303452741,0.781630887,0.000109855,0.466116437
0.520401696,0.576046664,0.571122651,0.606927168,0.606927168,0.99907412,0.797521437,0.809420507,0.303535161,0.781684922,0.000108467,0.464660342
0.477063326,0.540994331,0.52824027,0.6080226,0.608044221,0.998967008,0.797423769,0.809348378,0.303588576,0.781609273,0.000233586,0.459807252
0.625652026,0.679895334,0.660581402,0.611143141,0.611143141,0.999084057,0.798370432,0.810069281,0.304997681,0.78237924,0.00016617,0.473103344
0.536489056,0.587112952,0.589806735,0.622162326,0.622162326,0.99925888,0.797743612,0.80961398,0.303537094,0.781885344,0.000168135,0.47857041
0.605567201,0.65781727,0.646822635,0.62891509,0.62891509,0.999383093,0.797907545,0.809718529,0.303563681,0.782000712,0.000152062,0.478788489
0.484863257,0.558384213,0.534503988,0.608375733,0.607986567,0.99907724,0.797705291,0.809562813,0.303849853,0.781673133,0.000122343,0.468001979
0.454638522,0.521314871,0.504684405,0.590020035,0.59012093,0.998189375,0.796813687,0.808774208,0.304149076,0.780933061,0.000724231,0.466572725
0.48452201,0.552605757,0.534932277,0.607755949,0.607755949,0.999028941,0.797507465,0.809404363,0.303605495,0.781661624,0.000167095,0.465733961
0.535660313,0.58678587,0.584720809,0.610869283,0.610919731,0.999085097,0.797530706,0.809425976,0.303528152,0.781703589,0.000161544,0.467829194
0.49261444,0.55892935,0.55334868,0.606696551,0.606660517,0.998981451,0.797429717,0.809365564,0.303568515,0.781628501,0.000196813,0.465017656
0.547506459,0.607828173,0.595481557,0.608368526,0.608642385,0.999096998,0.797718019,0.809579218,0.303830517,0.781862045,0.000112977,0.462120564
0.441378638,0.509648932,0.490390278,0.597176379,0.597176379,0.998845799,0.79725444,0.809186152,0.303546279,0.781408009,0.000180393,0.45763653
0.518402964,0.578009158,0.562075058,0.608289252,0.608303665,0.999097114,0.797760351,0.809598096,0.303904718,0.781825414,0.000107542,0.468149602
0.583922391,0.63622983,0.630547674,0.611164762,0.611171968,0.999052744,0.798037447,0.80985797,0.304481412,0.782154818,0.000197854,0.481546346
0.519524204,0.575610554,0.572621661,0.613182663,0.613290765,0.999117566,0.797611358,0.809502011,0.303601386,0.78176394,0.000167095,0.469422846
0.504606835,0.577245966,0.552492103,0.617477911,0.617449084,0.998990117,0.797565014,0.809457874,0.303787011,0.781689133,0.000361364,0.463036495
0.549505192,0.60880942,0.595053268,0.611539515,0.611539515,0.999132009,0.797955688,0.809758109,0.304172763,0.782050256,0.000124541,0.47167409
0.502754351,0.559147405,0.549815301,0.609305409,0.608325286,0.998967239,0.797655765,0.80950162,0.303993664,0.78175594,0.00023798,0.471019854
0.501925608,0.55266027,0.552117351,0.611806166,0.611806166,0.9991089,0.79752365,0.809412044,0.303466277,0.781705413,0.000151946,0.471603634
0.503339346,0.568251199,0.555008298,0.610480116,0.610480116,0.999111904,0.797609421,0.809497975,0.303609846,0.781693764,0.000127663,0.470489754
0.493296934,0.557948103,0.542695005,0.608678419,0.608678419,0.999031714,0.797467622,0.809377021,0.303529602,0.781639589,0.00017889,0.463927262
0.529225369,0.580625818,0.572246908,0.61182058,0.611525101,0.999056557,0.797604164,0.809465425,0.303716435,0.781732782,0.00019982,0.470486399
0.459708478,0.531672481,0.51330371,0.602379683,0.602379683,0.998983993,0.797377148,0.809310881,0.303471352,0.781558466,0.000125697,0.451203207
0.529225369,0.59670737,0.579581348,0.609817092,0.609824298,0.999077009,0.797639165,0.80952102,0.303735046,0.781793273,0.000152062,0.474331295
0.572417491,0.623964239,0.63033353,0.612793497,0.612757463,0.999164478,0.797659501,0.809555652,0.303587126,0.781835098,0.000111474,0.474155155
0.503778092,0.566724815,0.548476899,0.60413814,0.604181381,0.999033563,0.797475093,0.809374938,0.303539028,0.781634817,0.000104998,0.469204768
0.476965827,0.528347143,0.529043311,0.606184869,0.606184869,0.998894213,0.797348926,0.80926401,0.303610087,0.781514676,0.000276602,0.464977395
0.465070931,0.504633668,0.508860217,0.596650283,0.596520561,0.998837133,0.797285566,0.80921792,0.303618789,0.781466395,0.000178658,0.465304513
0.521327938,0.573702573,0.563681139,0.61013419,0.61013419,0.999020275,0.797780134,0.809579999,0.304099769,0.781812361,0.000213812,0.470246513
0.539267781,0.608918447,0.590074415,0.611734098,0.611633203,0.999093185,0.797532089,0.809434048,0.303513891,0.781695168,0.000164898,0.466733768
0.494661922,0.571522024,0.557256812,0.602934606,0.602221133,0.99897914,0.797483255,0.809434178,0.30366737,0.781707659,0.00012801,0.461311995
0.514356749,0.570976886,0.556667916,0.614559161,0.614573574,0.999087524,0.797492662,0.809383531,0.30345685,0.781647729,0.000217744,0.468728349
0.486423244,0.575392499,0.531827186,0.611366552,0.61164041,0.999037261,0.797522682,0.809417382,0.303614438,0.781601413,0.000220981,0.477929594
0.503144347,0.551133886,0.543819262,0.611150348,0.611150348,0.999148648,0.797476061,0.809355799,0.303299988,0.78161601,0.000101644,0.471613699
0.521327938,0.574138683,0.566732694,0.6125845,0.6125845,0.999077586,0.79750954,0.809400457,0.303507124,0.781665834,0.000195773,0.494288854
0.480622045,0.535106847,0.525670539,0.604577754,0.604584961,0.999007565,0.797391259,0.809309709,0.303447182,0.78156815,0.000137492,0.461011718
0.533417833,0.585259485,0.597622999,0.608613557,0.608613557,0.999045811,0.79754122,0.809475841,0.30362894,0.781706817,0.000163741,0.472628604
0.586554868,0.637701701,0.643556936,0.626745845,0.626745845,0.99917973,0.797608038,0.809507219,0.30346531,0.781780501,0.000320776,0.475243871
0.505874324,0.566016136,0.556989132,0.603453495,0.603453495,0.999010222,0.797468591,0.809378323,0.303576491,0.781645062,0.000116677,0.455345026
0.433968703,0.492477104,0.480379035,0.605356088,0.605356088,0.998982838,0.797268827,0.809202166,0.303284761,0.781451658,0.000174611,0.46043297
0.519670453,0.576809856,0.572996413,0.605795702,0.605795702,0.999029403,0.797501239,0.809410482,0.30359341,0.781674396,0.000135063,0.465891648
0.470530883,0.541703009,0.50977033,0.605788495,0.605788495,0.999046735,0.797428887,0.809324031,0.303430747,0.781547238,0.000117602,0.464190634
0.569736265,0.638083297,0.624712244,0.611416999,0.611416999,0.999051126,0.797680943,0.809570495,0.303861938,0.781848852,0.00020352,0.466490526
0.499683128,0.558765809,0.546817281,0.603893109,0.603893109,0.998997281,0.797428057,0.809339264,0.303532744,0.781601132,0.000136682,0.459018813
0.544386487,0.589620584,0.581133894,0.614249269,0.614422232,0.999157776,0.797607208,0.809465556,0.303510024,0.781733905,0.000145008,0.462256444
0.480475796,0.537996075,0.535092885,0.607950533,0.608145116,0.999046158,0.797405923,0.809333405,0.303391833,0.781593132,0.000155878,0.465069659
0.575586214,0.633122547,0.617752556,0.606739792,0.606617276,0.999067303,0.797577465,0.809460348,0.303647551,0.781729975,0.000110317,0.468033853
0.510700531,0.577518535,0.568874137,0.611532308,0.611532308,0.999076084,0.797549382,0.809470373,0.303580117,0.781724361,0.000180509,0.463814868
0.432213718,0.504415613,0.49022967,0.606891134,0.606790239,0.998929686,0.797294697,0.809246694,0.30344114,0.781490816,0.000250816,0.463241153
0.520450446,0.559638029,0.562021521,0.606040733,0.606120007,0.999022239,0.797436081,0.809346165,0.303494555,0.781606887,0.000147437,0.462714409
0.53488032,0.59218273,0.578028802,0.610970178,0.610955765,0.999084635,0.797575943,0.809451755,0.303608396,0.781720712,0.000162585,0.468166377
0.467020914,0.534289141,0.518229027,0.600801395,0.600866256,0.998981682,0.797384895,0.809307496,0.303489721,0.781565203,0.00010361,0.460184696
0.474967094,0.525566943,0.522886664,0.617218467,0.617218467,0.99901288,0.797355705,0.80928406,0.303373464,0.781540501,0.000334768,0.46335187
0.506459318,0.561491496,0.552973928,0.613795241,0.613795241,0.999128889,0.797560449,0.809432225,0.303488755,0.781699799,0.000163857,0.468557241
0.563935066,0.607392063,0.597034102,0.610155811,0.610155811,0.99905413,0.797592821,0.8094554,0.303701691,0.781724361,0.000180393,0.471920686
0.512650514,0.580407763,0.569891322,0.619589501,0.616382479,0.999005947,0.797701418,0.809609814,0.303992213,0.781890396,0.000328292,0.479115607
0.501486862,0.569068905,0.553884041,0.603388633,0.603388633,0.999017271,0.797478275,0.809390301,0.303578667,0.781651799,0.000108467,0.469776805
0.534149076,0.570704317,0.595963381,0.611121521,0.611121521,0.999054593,0.797711793,0.809642364,0.303908586,0.781928712,0.00019531,0.474933528
0.586944864,0.626471871,0.621981905,0.613989824,0.614054685,0.999116988,0.797656872,0.809504875,0.303682114,0.781777694,0.00017993,0.470259933
0.538097792,0.593654601,0.576636865,0.604570547,0.604570547,0.999013689,0.797633354,0.809484304,0.303857345,0.7817558,0.000131132,0.459424775
0.42056257,0.475904928,0.464960651,0.613420487,0.613420487,0.998925642,0.797037937,0.808988903,0.303001006,0.781183588,0.000361133,0.466774029
0.567445035,0.621129525,0.606831201,0.607100131,0.606919961,0.999038994,0.797777367,0.809603304,0.30405578,0.781887309,0.000143621,0.464242638
0.499585629,0.544319669,0.544086943,0.613406074,0.613406074,0.999102429,0.79747786,0.809371553,0.303399809,0.781634255,0.000184209,0.447985707
0.640471896,0.689871348,0.678676589,0.617521152,0.617521152,0.999181001,0.79767209,0.809539377,0.303574799,0.781815028,0.000171489,0.472189091
0.50738556,0.571740078,0.557310349,0.620800242,0.620793035,0.999068574,0.797660469,0.809531696,0.30378967,0.781807308,0.000336387,0.461780026
0.477209574,0.511393371,0.520424006,0.608671212,0.6075974,0.998892364,0.797265645,0.809195136,0.303468452,0.781444079,0.000301117,0.461622338
0.62170331,0.655800262,0.639488195,0.624324363,0.624295536,0.999179846,0.798983281,0.810388264,0.305868039,0.782719732,0.000281344,0.468745125
0.540779018,0.604230266,0.587718829,0.609896366,0.608894622,0.999003752,0.797605133,0.80948834,0.303828583,0.78176015,0.000210458,0.458636337
0.682542778,0.714784126,0.695379838,0.647227547,0.647227547,0.998986304,0.804179348,0.814100711,0.315351095,0.786732233,0.00084299,0.454652206
0.555891386,0.615187527,0.611917126,0.628252065,0.628252065,0.999308103,0.797815134,0.809715925,0.303559089,0.782004221,0.000216472,0.478043666
0.51547799,0.562091147,0.572246908,0.618659825,0.618659825,0.999109131,0.79754371,0.809456702,0.30350084,0.781726045,0.00026157,0.475661575
0.501438112,0.536088094,0.546603137,0.601622969,0.601622969,0.998953489,0.797391397,0.809317521,0.303560297,0.781568992,0.000144083,0.466782416
0.602349729,0.645333624,0.637614433,0.612620534,0.612613327,0.999171757,0.797671398,0.809528571,0.303592685,0.781803238,0.000101876,0.472090117
0.709647541,0.769297863,0.719899352,0.610775595,0.610775595,0.99910994,0.799073755,0.810556349,0.306172338,0.782724644,0.000134485,0.462279929
0.552478916,0.611044483,0.594464372,0.608635178,0.608635178,0.999039687,0.797695193,0.80954758,0.303910761,0.781824572,0.000170333,0.457341285
0.537951543,0.597743131,0.582204615,0.612036783,0.612036783,0.999061872,0.797542326,0.809432746,0.303597519,0.78170022,0.000202826,0.459929712
0.436649929,0.502017008,0.486375074,0.600224852,0.600224852,0.998890747,0.797302721,0.809234065,0.303536853,0.781465694,0.000184556,0.456868222
0.478574562,0.47257959,0.504630869,0.599215901,0.599215901,0.998850305,0.797205467,0.808999058,0.303451533,0.781274535,0.000208724,0.463996041
0.463315946,0.533307894,0.5150704,0.610011675,0.610040502,0.999060717,0.79739444,0.809320125,0.30334156,0.781565764,0.000171836,0.437521284
0.434748696,0.492313563,0.485625569,0.598956457,0.598963663,0.998860473,0.797201732,0.809144359,0.303423496,0.781389342,0.000194501,0.461608918
0.508214303,0.562799826,0.558220461,0.607741536,0.607431644,0.999037145,0.797503314,0.80940241,0.303580842,0.781665834,0.000153565,0.470385748
0.466630917,0.506596162,0.511858237,0.597832197,0.597832197,0.998931304,0.797285843,0.809218181,0.303422529,0.781483378,0.000105576,0.462139017
0.477404573,0.539904056,0.532951443,0.605817322,0.605824529,0.998986651,0.79738697,0.809318172,0.303483196,0.781578957,0.000178311,0.447309663
0.48232828,0.543883559,0.541891964,0.602703988,0.602898572,0.998924718,0.797407583,0.809377802,0.303648759,0.781691799,0.000193344,0.466943459
0.442938624,0.528020061,0.500990417,0.599814065,0.599814065,0.998928184,0.79735778,0.809295648,0.303554255,0.78152815,0.000140267,0.463840031
0.499195632,0.567869603,0.546549601,0.60550743,0.60550743,0.99903183,0.79755367,0.809439386,0.303679938,0.781670185,0.000128125,0.479789973
0.518744211,0.577573048,0.564912469,0.607791983,0.608015394,0.999031252,0.797567089,0.809445766,0.303704592,0.781712992,0.000168829,0.460516847
0.497391898,0.549825556,0.544836447,0.601723865,0.601723865,0.998761911,0.797658671,0.809487689,0.304427997,0.781790326,0.000337427,0.459454971
0.518646712,0.584659834,0.566090262,0.610098157,0.610098157,0.999092723,0.797611497,0.809491986,0.303653593,0.781753273,0.000140614,0.469894232
0.556866377,0.619712167,0.602923069,0.606141628,0.605557878,0.999051704,0.79764456,0.809518416,0.303797162,0.781789765,0.00010893,0.470216317
0.497635646,0.552387702,0.545318272,0.605536257,0.60550743,0.999035758,0.797461812,0.809368428,0.303511233,0.781639448,0.000124194,0.462464457
0.548481451,0.603030964,0.592055249,0.624317156,0.624425258,0.999354438,0.79790298,0.809703166,0.303615405,0.781978256,0.000108698,0.470842036
0.532637839,0.581607065,0.577011617,0.602545439,0.602545439,0.998954298,0.797600014,0.809473888,0.303923088,0.781766466,0.000158075,0.460459811
0.443036123,0.505560401,0.493388297,0.604224621,0.604246242,0.998966546,0.797202285,0.809149436,0.303202583,0.781409693,0.000173108,0.459045654
0.521230439,0.577191452,0.577814658,0.609586474,0.609586474,0.999103238,0.797551872,0.809463472,0.303527426,0.781737414,0.000121997,0.468656216
0.53024911,0.594690362,0.569944858,0.618104902,0.618018421,0.999231264,0.797892189,0.809678819,0.303854203,0.781914537,0.000129166,0.471061792
0.5543314,0.609136502,0.593768403,0.615186151,0.615186151,0.999149457,0.79781375,0.809624787,0.303888283,0.781907239,0.000165591,0.466720348
0.575829961,0.643316616,0.61186359,0.611135935,0.611135935,0.9991037,0.797728533,0.809569323,0.303835109,0.781802536,0.00014628,0.469016884
0.529712865,0.609081989,0.553241608,0.604757924,0.604750717,0.998986535,0.798224206,0.809846513,0.304946199,0.781842396,0.000161197,0.466024173
0.516940477,0.56067379,0.556989132,0.613218697,0.613218697,0.999127503,0.797520745,0.809388088,0.303422529,0.781654606,0.000155994,0.462338643
0.53941403,0.580843873,0.591466353,0.608534283,0.608534283,0.999084635,0.79751369,0.809414518,0.303499631,0.781681694,0.000123615,0.467075984
0.476088334,0.542466201,0.527811981,0.605651566,0.605651566,0.998959959,0.797454757,0.809367257,0.30365746,0.781629624,0.000202248,0.454564975
0.45371228,0.503706934,0.498474222,0.608815348,0.609665749,0.998787216,0.79726606,0.809164018,0.303689123,0.781399027,0.000439534,0.468260319
0.578364939,0.632250327,0.626104181,0.624454086,0.624454086,0.99928095,0.797772248,0.809625308,0.30354072,0.781908923,0.000182706,0.487080513
0.336225808,0.391299608,0.382515124,0.599886133,0.599886133,0.998587551,0.796672995,0.80867018,0.303070615,0.780887446,0.000482435,0.454311668
0.491590699,0.548462713,0.548048611,0.602956226,0.602956226,0.998959497,0.797429856,0.809358533,0.303614921,0.78161615,0.000159463,0.473195608
0.513479257,0.572666812,0.560254832,0.609262169,0.609290996,0.999005138,0.79749197,0.809390171,0.303627973,0.781654326,0.000215431,0.460132693
0.52113294,0.567542521,0.567321591,0.603049914,0.603150809,0.999011609,0.797500547,0.809392124,0.303629423,0.781656431,0.000110433,0.468553886
0.563203822,0.615460096,0.607205953,0.616973436,0.616656337,0.999181117,0.797675687,0.809535081,0.3035806,0.781811519,0.000157497,0.470067017
0.501925608,0.568632795,0.555168906,0.603885902,0.603885902,0.999021893,0.797458907,0.809375719,0.303535161,0.78164001,0.000111936,0.461135855
0.544630234,0.609736154,0.60426147,0.620439903,0.62031018,0.999211737,0.797745548,0.809647832,0.30363885,0.781928432,0.000185597,0.480523053
0.512748013,0.575719581,0.559398255,0.606321798,0.606321798,0.999058406,0.797513828,0.809408399,0.303554738,0.781672852,0.00011448,0.462237991
0.416662604,0.43845399,0.45302211,0.571282377,0.571282377,0.998405679,0.796407796,0.808391818,0.302987713,0.780578112,0.000205486,0.460823834
0.446399844,0.503979503,0.495904492,0.624583808,0.624583808,0.998555313,0.796849794,0.808786707,0.303446699,0.781003798,0.000910984,0.462209473
0.51659923,0.572503271,0.568071096,0.611532308,0.611114314,0.999098732,0.797552148,0.809447458,0.303537336,0.781713133,0.000151021,0.463613564
0.472188368,0.535815526,0.524599818,0.607510918,0.608152323,0.999012071,0.797408828,0.809328067,0.30346821,0.781598466,0.000190222,0.461768283
0.473260859,0.531018317,0.528133198,0.599086179,0.600347367,0.998967932,0.797358749,0.809291742,0.303473044,0.781558466,0.000109045,0.459475101
0.551893921,0.615896206,0.593393651,0.616274377,0.616274377,0.999159047,0.797651892,0.809514249,0.303585192,0.781762115,0.000173339,0.465425295
0.542144006,0.596053205,0.585042026,0.617023883,0.617182433,0.999139866,0.797615923,0.80948196,0.303562714,0.781757484,0.000207221,0.471945849
0.577731195,0.64293502,0.6291022,0.611553928,0.611553928,0.999102198,0.79778041,0.809645749,0.303928888,0.781925203,0.000154606,0.48134001
0.609857164,0.656290885,0.642111462,0.626090027,0.6260612,0.999338954,0.797887486,0.809684808,0.303620722,0.781971379,0.000150443,0.491021028
0.493589431,0.557184911,0.547995075,0.603431874,0.603453495,0.998978909,0.797499579,0.809415169,0.303696132,0.781679027,0.000148015,0.463878614
0.511724272,0.565361971,0.561753841,0.606357832,0.606357832,0.99906141,0.797480211,0.809384443,0.303489721,0.781646887,0.000112052,0.47228471
0.288792473,0.328390754,0.318057712,0.604548927,0.604635408,0.998906114,0.795918901,0.807906312,0.301086751,0.780048707,0.00023983,0.464415423
0.536635304,0.592673354,0.574495423,0.632028424,0.632028424,0.998545492,0.80317804,0.813338796,0.31452376,0.785910898,0.001040266,0.468179798
0.574708721,0.609463585,0.59815836,0.619250782,0.619250782,0.999270897,0.79780047,0.809573489,0.303611054,0.78185194,0.000109392,0.465926877
0.493394433,0.551569996,0.547031426,0.609154067,0.609154067,0.999000285,0.797469283,0.809460738,0.303598244,0.781643097,0.00021809,0.460006878
0.598986009,0.647732229,0.636543712,0.627920552,0.627920552,0.99938032,0.797897723,0.80970629,0.30355208,0.781997905,0.000138879,0.499235886
0.508896797,0.558220672,0.553830505,0.603705732,0.603705732,0.99902559,0.797486852,0.809387567,0.30357625,0.781645624,0.000105345,0.467502076
0.511626773,0.542575229,0.554419401,0.604354344,0.604354344,0.999039109,0.797421555,0.80932976,0.303433889,0.781611238,0.000102107,0.46466202
0.369716765,0.500054514,0.411745811,0.603460701,0.603734559,0.9975021,0.794013261,0.806138232,0.300694232,0.770250227,0.001630475,0.451850733
0.46970214,0.530091583,0.521066438,0.60013837,0.600145577,0.998971283,0.797351831,0.809288097,0.303454192,0.781549904,0.00010257,0.464287931
0.465314678,0.542193633,0.524225066,0.607748742,0.607748742,0.999002712,0.797370922,0.80934955,0.303421562,0.781602115,0.000193229,0.450030615
0.513528007,0.564653293,0.558755822,0.609233342,0.609586474,0.999045811,0.79748865,0.809388218,0.303537094,0.781656712,0.000179468,0.477020374
0.488178228,0.544592237,0.534557524,0.604995748,0.605096643,0.998987344,0.79742363,0.809342649,0.303545796,0.781595518,0.000165938,0.469127601
0.531809097,0.576046664,0.566679158,0.608577523,0.608649591,0.99907932,0.797635153,0.809465946,0.303722961,0.781750466,0.000130901,0.464380195
0.447813582,0.508286088,0.496172172,0.595879157,0.595879157,0.998904959,0.797317385,0.809242918,0.303532744,0.781504852,0.000100604,0.467663119
0.514161751,0.54900785,0.556186091,0.602905778,0.602884158,0.998975674,0.797635429,0.809444984,0.303940006,0.78187187,0.000142117,0.473933721
0.556915127,0.619930222,0.615022217,0.607885671,0.607892878,0.999040034,0.797894679,0.809799902,0.304258807,0.782094888,0.000158191,0.468961526
0.503778092,0.546881814,0.552652712,0.608887416,0.609190101,0.999056672,0.7974495,0.809370251,0.303445974,0.781667098,0.000162238,0.464477492
0.497294399,0.56154601,0.546817281,0.61507805,0.61507805,0.998976367,0.797502899,0.809407097,0.30370725,0.781670606,0.00033708,0.460021976
0.513284259,0.573920628,0.559933615,0.603907522,0.603907522,0.998972092,0.797819699,0.809648483,0.304269925,0.781930818,0.000162122,0.470422653
0.505776824,0.55527693,0.55864875,0.613038528,0.612252987,0.999018195,0.797551733,0.809469852,0.303705075,0.781817835,0.00024989,0.476356072
0.486325745,0.540394679,0.536324214,0.607143372,0.607143372,0.99903934,0.797433037,0.809354627,0.303453467,0.781625694,0.000146743,0.47402263
0.500414371,0.553259922,0.550671878,0.606040733,0.606055146,0.999023279,0.797477306,0.80940931,0.303564406,0.78164394,0.000145355,0.476996888
0.49032321,0.540122111,0.53937577,0.613398867,0.613398867,0.999046042,0.797434836,0.809339915,0.30344259,0.78166008,0.000240524,0.468256964
0.503193097,0.55309638,0.547138498,0.611979129,0.612087231,0.999046042,0.797490172,0.809381708,0.303539511,0.781645203,0.000219478,0.477656157
0.446351094,0.518589184,0.502864179,0.599583447,0.599583447,0.998910736,0.797273531,0.809241616,0.303443799,0.781494185,0.000154143,0.470883974
0.477892068,0.534071086,0.524760426,0.60683348,0.606739792,0.998996588,0.797409519,0.809308017,0.303502048,0.781599589,0.000183168,0.46876861
0.564910057,0.599215002,0.609668612,0.609975641,0.609990055,0.999096421,0.797601813,0.809496022,0.30362894,0.781763519,0.000135295,0.474218901
0.546092722,0.604666376,0.59259061,0.598819528,0.598877182,0.998922638,0.798067882,0.809865782,0.304806739,0.782167309,0.000130785,0.467211863
0.422561303,0.479611862,0.466887949,0.597688061,0.59937445,0.998870873,0.796789893,0.808724733,0.302682205,0.780934604,0.000190685,0.499588167
0.486520743,0.547372438,0.535092885,0.602293201,0.602285994,0.998998668,0.79742695,0.809339785,0.30352791,0.781608711,0.000109508,0.457497295
0.441768635,0.468109464,0.490069062,0.592852304,0.592852304,0.998677909,0.796751434,0.808755589,0.30301865,0.78116464,0.000279146,0.463794738
0.497781894,0.542520715,0.544997056,0.604289482,0.604332723,0.998959382,0.797405093,0.809330411,0.303571899,0.781584992,0.000181665,0.465993978
0.499488129,0.551624509,0.542427325,0.608498249,0.608498249,0.998992659,0.797597386,0.80944225,0.303838493,0.781717764,0.0002152,0.46817812
0.5200117,0.579917139,0.564002356,0.612944839,0.61278629,0.999103354,0.797524895,0.809415299,0.303480053,0.781679168,0.000173223,0.466119792
0.413445132,0.477213258,0.46442529,0.610105363,0.610105363,0.999121726,0.797053431,0.809021192,0.302617913,0.781272991,0.00011182,0.461187858
0.487154487,0.555004361,0.533004979,0.599316796,0.599453725,0.998936157,0.79748201,0.809377933,0.303754865,0.781619518,0.000126738,0.459319091
0.479793302,0.545682512,0.53054232,0.609766644,0.609766644,0.998992197,0.797424875,0.80934343,0.303538061,0.781603939,0.00023613,0.468386134
0.393604056,0.426569996,0.434766315,0.605132677,0.605255192,0.99893477,0.797092581,0.809030436,0.303077383,0.781319307,0.000221097,0.471877071
0.480232048,0.528347143,0.522726056,0.607280301,0.607280301,0.999016346,0.797391674,0.809301637,0.303429297,0.781562676,0.000171951,0.461097271
0.43884366,0.50583297,0.494512554,0.599468139,0.599648309,0.998910159,0.797324302,0.809267525,0.303533469,0.781519448,0.000155647,0.460062236
0.475064593,0.470944178,0.495904492,0.59721962,0.59721962,0.998827311,0.797207957,0.809079651,0.30350374,0.781319588,0.000199704,0.468305612
0.504509336,0.539849542,0.547941539,0.62008677,0.619769671,0.99903495,0.797413946,0.809328197,0.303429538,0.781587518,0.000353732,0.466864615
0.495246917,0.551079372,0.544943519,0.602163479,0.602163479,0.9989885,0.797431239,0.809348118,0.303556672,0.78162429,0.000117602,0.469661055
0.428313752,0.5468273,0.474490069,0.601615763,0.601615763,0.998933037,0.797410903,0.809335749,0.303637158,0.781425693,0.000164435,0.464334902
0.428216253,0.473342782,0.469778896,0.602574266,0.602574266,0.998971399,0.797230369,0.80915868,0.303241497,0.781403378,0.000141423,0.469954623
0.427777507,0.489042739,0.482841694,0.598098848,0.598098848,0.998922869,0.797216811,0.809177559,0.303319324,0.781450536,0.00011818,0.467077661
0.553941403,0.620693415,0.606349376,0.609745024,0.609745024,0.999031137,0.797655904,0.809546668,0.303860004,0.781823028,0.000196813,0.467772158
0.417735095,0.485444832,0.471331442,0.600801395,0.600801395,0.998932575,0.797239914,0.809195136,0.303339385,0.781439027,0.000151831,0.46451272
0.538682787,0.590492804,0.577707586,0.608772107,0.609096412,0.999016809,0.797666833,0.809512036,0.303909069,0.781782887,0.000200629,0.468976624
0.49602691,0.546500218,0.546335457,0.609211721,0.609557647,0.999048238,0.797439539,0.809362049,0.303445974,0.781637203,0.000176577,0.486469893
0.583142398,0.622219799,0.61363028,0.623243345,0.622746076,0.999322084,0.797994285,0.809737147,0.30384236,0.782040572,0.000114018,0.477458209
0.531857846,0.587331007,0.572300444,0.606545208,0.606494761,0.999039918,0.797514658,0.809403321,0.303595102,0.781668501,0.000135757,0.473755903
0.507190562,0.564380724,0.560201296,0.608318079,0.608318079,0.999031945,0.797491417,0.80941556,0.303570691,0.78167987,0.000172992,0.46452614
0.436308682,0.502453118,0.490925638,0.603965177,0.604123726,0.998852847,0.797272701,0.809226253,0.30356344,0.781475378,0.000284813,0.461632403
0.43309121,0.483318796,0.488837732,0.600772568,0.600772568,0.998884854,0.797249045,0.809210108,0.303455158,0.781467799,0.000199126,0.459176501
0.533369083,0.590002181,0.576583329,0.60988916,0.60988916,0.999055979,0.79757373,0.809452406,0.30366447,0.781725063,0.000174033,0.460664469
0.478720811,0.543392935,0.527704909,0.602876951,0.602653541,0.998976945,0.79742529,0.809338353,0.303570207,0.78160029,0.000137145,0.466252317
0.412421391,0.463693851,0.455752449,0.612908805,0.612908805,0.998999361,0.797158847,0.809097618,0.303058047,0.781338956,0.000279146,0.447620006
0.506118071,0.556912342,0.547727394,0.615820349,0.615820349,0.9991691,0.797527801,0.809400978,0.303347602,0.781665975,0.000156109,0.46626406
0.559450105,0.608100741,0.598747256,0.610631459,0.610631459,0.999042922,0.797567228,0.809447328,0.303680422,0.78171594,0.000199126,0.472821519
0.427143762,0.483972961,0.473633492,0.574929013,0.582690728,0.998195846,0.796623331,0.808594665,0.303802963,0.780790043,0.000598534,0.448529227
0.498171891,0.547208897,0.541035387,0.606516381,0.606516381,0.999032754,0.797440508,0.809339134,0.303480053,0.781616992,0.000143274,0.493201815
0.497635646,0.51253816,0.536913111,0.591021779,0.591021779,0.998625681,0.797061317,0.808989945,0.303669304,0.781221903,0.000302043,0.478040311
0.567103788,0.606410816,0.600995771,0.614321336,0.614378991,0.999153617,0.79763875,0.809490293,0.303573833,0.78176394,0.000148477,0.467993592
0.519377955,0.581879634,0.563841747,0.604714683,0.604714683,0.999033216,0.797556299,0.809438735,0.303681389,0.78170401,0.000113902,0.462602015
0.4971969,0.56476232,0.550725414,0.607885671,0.608109082,0.999008027,0.797549382,0.809462821,0.303721994,0.781732642,0.000193575,0.467847647
0.500073124,0.548517226,0.545157664,0.608757693,0.608757693,0.99909954,0.797452682,0.809357492,0.303361621,0.781619097,0.000112399,0.456769248
0.414273875,0.461295246,0.477862841,0.602985053,0.602999467,0.998686228,0.796688212,0.808794258,0.302890791,0.781218956,0.000433752,0.472428978
0.467947155,0.514391627,0.511162268,0.60110408,0.601176148,0.998987806,0.797312543,0.809233023,0.303350745,0.78147636,0.00010257,0.464896874
0.499195632,0.538377671,0.542748541,0.616620303,0.615921244,0.999066378,0.797422938,0.809328197,0.303379265,0.781589624,0.000260529,0.46483816
0.586067372,0.646914522,0.631671931,0.614955534,0.614933914,0.999084173,0.798012822,0.809823859,0.304372648,0.782122257,0.000226879,0.474054503
0.488909472,0.55222416,0.538893945,0.6106747,0.609269375,0.998993121,0.797452682,0.809364783,0.303584467,0.781630747,0.00022711,0.464938812
0.525130405,0.594472307,0.590235023,0.624908113,0.624908113,0.999231842,0.797723414,0.809698999,0.303558364,0.781997344,0.000239252,0.471063469
0.53029786,0.563126908,0.576904545,0.623805474,0.623805474,0.999136284,0.797539006,0.809452666,0.303435823,0.781723519,0.00031696,0.471653959
0.494515673,0.526166594,0.538251512,0.601550902,0.601550902,0.998953027,0.797329974,0.809259714,0.30345395,0.781501764,0.000143389,0.465334709
0.572661239,0.614315307,0.609293859,0.613406074,0.613377247,0.999166211,0.797661991,0.809515291,0.303587851,0.781794817,0.000119799,0.47828523
0.537951543,0.603739642,0.583328872,0.611085487,0.611085487,0.999094341,0.797716912,0.809572317,0.303834384,0.781840151,0.000154953,0.463432391
0.487739482,0.544755778,0.52877563,0.609413511,0.609413511,0.999036683,0.797436496,0.809332754,0.303465068,0.781591869,0.000185828,0.471385555
0.474138351,0.537941561,0.525242251,0.601925655,0.607582986,0.998867059,0.79745282,0.809374938,0.303848403,0.781637904,0.000326095,0.461825319
0.411690148,0.482446577,0.472295091,0.602091411,0.602091411,0.998838288,0.797246001,0.809211801,0.303547246,0.781462044,0.000266889,0.458718536
0.591332326,0.632032272,0.620429359,0.613276352,0.613276352,0.999078742,0.797843493,0.80963364,0.304088168,0.781916782,0.000205717,0.462573497
0.434114951,0.480756651,0.475882007,0.598718632,0.598718632,0.998894444,0.797256792,0.809180423,0.303448633,0.781437062,0.000156572,0.462417487
0.484278263,0.553368949,0.540767707,0.601702244,0.601738278,0.998992313,0.797445211,0.809386526,0.303573108,0.781650255,0.000107079,0.465589693
0.453224784,0.500654165,0.504416725,0.591886594,0.591886594,0.998829391,0.79718693,0.8091454,0.303462893,0.781444781,0.000112167,0.469751642
0.417735095,0.418556476,0.45628781,0.572550772,0.572550772,0.998339124,0.79663841,0.808662108,0.303529843,0.780870183,0.000292445,0.463499493
0.441573636,0.490732665,0.487820547,0.590488476,0.590488476,0.998811481,0.797169222,0.809109596,0.303469177,0.781363097,0.000107542,0.464175537
0.453078536,0.514991278,0.504416725,0.5952882,0.5952882,0.998847994,0.797154696,0.809123918,0.303367422,0.781382044,0.000148015,0.461201278
0.446253595,0.504633668,0.496011564,0.608937863,0.608937863,0.999039918,0.797246278,0.809180684,0.303125965,0.781460641,0.000174958,0.494000319
0.38741286,0.444559529,0.427110659,0.597306101,0.597356549,0.998827196,0.796976237,0.808923544,0.303099136,0.781099236,0.000202017,0.466051014
0.519280456,0.558384213,0.561325553,0.608851382,0.608995517,0.99905413,0.797488927,0.80938275,0.303520175,0.78165222,0.00016166,0.470920879
0.516501731,0.562908853,0.568820601,0.596030499,0.596030499,0.998864055,0.797700449,0.809592238,0.304287328,0.782017274,0.000143852,0.468109341
0.41256764,0.458842128,0.455163553,0.585386068,0.585386068,0.998736953,0.796771355,0.808733586,0.302929947,0.780944569,0.000100257,0.47053337
0.437234924,0.45464457,0.47502543,0.592866718,0.592866718,0.998847532,0.797148471,0.809074182,0.303357512,0.781382465,0.000109739,0.464878421
0.488811973,0.548680768,0.539482842,0.602639127,0.602646334,0.998971514,0.797406476,0.809334447,0.303548938,0.781591027,0.000142464,0.460850675
0.420270073,0.466801134,0.46945768,0.604729097,0.604736303,0.998685188,0.796296847,0.80837359,0.302209201,0.780690674,0.000462546,0.465185409
0.45142105,0.52245966,0.513731999,0.599533,0.599533,0.998914087,0.797337859,0.809288227,0.303549421,0.781543729,0.000149981,0.46234032
0.451128553,0.501798953,0.494405482,0.60761902,0.60761902,0.999070191,0.797280309,0.809186543,0.303122097,0.781457413,0.0001235,0.497670751
0.509286794,0.558111644,0.550939558,0.606098387,0.606199282,0.999003752,0.797465547,0.809357362,0.303584709,0.781635378,0.000167326,0.462487943
0.475503339,0.532926297,0.52877563,0.610299947,0.609564854,0.998901493,0.797336476,0.809308538,0.303573108,0.781599729,0.000323551,0.463286446
0.478574562,0.541321413,0.527704909,0.606393866,0.606393866,0.999027439,0.797449085,0.809353976,0.303506399,0.781624711,0.000146627,0.471340262
0.47545459,0.532599215,0.524492746,0.602732815,0.602732815,0.998993584,0.79738531,0.809309839,0.303465793,0.781563659,0.00012165,0.462531559
0.549505192,0.582588312,0.592644146,0.623855922,0.623819888,0.999319889,0.797751635,0.809585077,0.303423496,0.781952993,0.00013356,0.485055736
0.526007897,0.577791103,0.566143798,0.608166736,0.608166736,0.999039803,0.797573868,0.809443813,0.303698549,0.781704431,0.000162701,0.474264194
0.448739824,0.500109027,0.494780234,0.606264143,0.606213696,0.999016462,0.797102404,0.809031087,0.302923904,0.781340781,0.000154722,0.461528396
0.506654317,0.540612734,0.557096204,0.603806627,0.603792214,0.999021893,0.797407306,0.809329629,0.303445007,0.781645624,0.000110433,0.465532657
0.504558085,0.553477976,0.548637507,0.61530146,0.615315874,0.999152346,0.79758203,0.809430402,0.303477395,0.781770396,0.000164782,0.561074625
0.518939209,0.576646315,0.561486161,0.612887185,0.612901598,0.999088679,0.797663374,0.809509562,0.30375269,0.781783449,0.000189759,0.480848494
0.515282991,0.571849106,0.558969966,0.609579268,0.609579268,0.999066725,0.797545508,0.809427017,0.303592927,0.781694747,0.000158422,0.467233671
0.489981963,0.553423463,0.536752503,0.608757693,0.609110826,0.998979487,0.797644837,0.809493288,0.303948708,0.781758607,0.000238211,0.465567885
0.505386828,0.549225905,0.54751325,0.613694346,0.613694346,0.999104162,0.797472879,0.809363351,0.303387483,0.781631729,0.000186984,0.46671196
0.527909131,0.572067161,0.575030783,0.608491042,0.608491042,0.999060139,0.797490034,0.8094028,0.303509299,0.781661203,0.000147552,0.471818357
0.491590699,0.557893589,0.542320253,0.600931117,0.600931117,0.998840484,0.797617584,0.809504224,0.304191857,0.781777273,0.00024619,0.453402448
0.460244723,0.513682948,0.508110713,0.610501737,0.609081999,0.998922753,0.797310329,0.809241225,0.303482954,0.781490676,0.000294642,0.46044639
0.559206357,0.600795901,0.599817977,0.622342496,0.622342496,0.999209657,0.797707505,0.809552788,0.303576733,0.781855028,0.000220172,0.473962239
0.361039341,0.410161361,0.402323465,0.59935283,0.59935283,0.998617015,0.796685584,0.808672133,0.303030977,0.780880289,0.000444275,0.458567558
0.555988885,0.587603576,0.598747256,0.610631459,0.610631459,0.999124268,0.797563631,0.809445766,0.303503982,0.7817558,0.000117718,0.470080437
0.477209574,0.537396424,0.526366508,0.603604837,0.603648078,0.998932806,0.797391397,0.809314527,0.303603562,0.781572782,0.000197276,0.46289726
0.48915322,0.543938072,0.542855613,0.603684112,0.603748973,0.998986651,0.797402049,0.809340826,0.303509541,0.781601273,0.000145008,0.474780873
0.539219032,0.591964675,0.58145511,0.614350164,0.614710503,0.999145413,0.797599599,0.809474149,0.303522592,0.781738115,0.000162007,0.474920108
0.509530542,0.574029655,0.558220461,0.603727353,0.603727353,0.99902455,0.797465409,0.80937585,0.303540962,0.781636641,0.000106732,0.467807386
0.489201969,0.537941561,0.534664597,0.614573574,0.614775364,0.99904974,0.797460844,0.80934994,0.303480295,0.781623729,0.00025891,0.477327361
0.436698679,0.504415613,0.49022967,0.605139884,0.605139884,0.998937312,0.79729442,0.809238491,0.303424704,0.781492641,0.000216703,0.469937848
0.426705016,0.509103794,0.472937523,0.60743885,0.60743885,0.997328317,0.796253547,0.808212927,0.304971819,0.779235934,0.001863829,0.439541028
0.510261785,0.559256433,0.55511537,0.606444313,0.606941582,0.999065107,0.797511061,0.809404884,0.303535886,0.781668641,0.000117718,0.466156698
0.483498269,0.54186655,0.529899888,0.611366552,0.611337725,0.999027323,0.797508018,0.809378974,0.303609604,0.781659799,0.000226069,0.467908038
0.493881929,0.545518971,0.541891964,0.602401303,0.602235547,0.998992197,0.797412425,0.809332364,0.303516067,0.781602536,0.000115174,0.460307155
0.556281383,0.581607065,0.59516034,0.614112339,0.614112339,0.999143911,0.797546477,0.809418684,0.303432922,0.781744712,0.000153912,0.479202838
0.484180763,0.54448321,0.536324214,0.612901598,0.614242062,0.999048931,0.797421002,0.809346555,0.303412378,0.78161222,0.000251047,0.460362514
0.537074051,0.599160488,0.587451148,0.610126984,0.610126984,0.999033332,0.797678453,0.809560339,0.303894809,0.781844221,0.000200629,0.472499434
0.611319651,0.667248147,0.646608491,0.623308206,0.623329826,0.999291233,0.797890944,0.809700432,0.303726586,0.781969976,0.000154375,0.477584023
0.477209574,0.537014828,0.530060496,0.601212182,0.600419435,0.998939739,0.797379085,0.809325073,0.303567307,0.781586396,0.000138417,0.46162066
0.512163019,0.566179677,0.558006317,0.605060609,0.605190331,0.99904454,0.797467346,0.809375589,0.303502531,0.781634396,0.000110202,0.472964109
0.508506801,0.563072394,0.559987151,0.605183125,0.605183125,0.999044309,0.797460982,0.809383661,0.303491897,0.781645483,0.000110317,0.467136375
0.521474187,0.575501526,0.565822582,0.606098387,0.606682137,0.999007218,0.797445073,0.809353065,0.303541687,0.781617273,0.000171489,0.460132693
0.432457466,0.518425643,0.482413405,0.605730841,0.606811859,0.998827658,0.797284045,0.809220915,0.303635949,0.781299237,0.000353269,0.462952618
0.545605226,0.595344527,0.58348948,0.60896669,0.60896669,0.999052051,0.797494045,0.809385614,0.303533469,0.781645343,0.000163394,0.466368067
0.440842393,0.520115569,0.498420686,0.601450006,0.601341905,0.998959959,0.797344914,0.809285623,0.30346531,0.781528009,0.000133098,0.452526778
0.548920197,0.586840384,0.588040045,0.610206258,0.610206258,0.999007565,0.797433452,0.80934291,0.303520417,0.781608431,0.000227688,0.467991914
0.413542632,0.478957697,0.463997002,0.596823246,0.596823246,0.998890169,0.79731697,0.809252422,0.303562714,0.781505694,0.000130438,0.460052171
0.504509336,0.552278674,0.543872798,0.604786751,0.604808371,0.998982607,0.797421278,0.80933002,0.303551596,0.781589062,0.000166054,0.462266509
0.484083264,0.568796337,0.535628246,0.620728174,0.620389455,0.998981336,0.798203317,0.810037773,0.304920579,0.782002537,0.000417448,0.475696803
0.494466923,0.553750545,0.543016221,0.607309128,0.607309128,0.998976598,0.797471219,0.809379886,0.303651418,0.781639448,0.000212309,0.475084506
0.428947497,0.490242041,0.476792119,0.600368988,0.600376195,0.998914318,0.79731614,0.809248126,0.303510749,0.781501202,0.000163279,0.461778348
0.492663189,0.554077628,0.537555544,0.601918448,0.601918448,0.998999823,0.797411318,0.809326895,0.303498423,0.781586115,0.000102454,0.46235374
0.524155414,0.577082425,0.563252851,0.605550671,0.605550671,0.999028594,0.797469559,0.809367387,0.303539753,0.781629764,0.000131941,0.460577238
0.475259591,0.537941561,0.526580652,0.607878465,0.607928912,0.99900872,0.797372721,0.809306975,0.303411894,0.781564641,0.000189991,0.464319804
0.52454541,0.538759267,0.572407516,0.610537771,0.610537771,0.99902975,0.797418927,0.809329369,0.303449116,0.781695308,0.000210805,0.473725707
0.523765417,0.596162233,0.577707586,0.657915219,0.657915219,1,0.798631204,0.810411309,0.303537336,0.7827551,0,0.494221753
0.447423585,0.497873964,0.492478184,0.598754666,0.598754666,0.998927606,0.797336476,0.809262187,0.303518484,0.781524781,0.000123962,0.458961778
0.549261444,0.579862625,0.585952139,0.603287738,0.603287738,0.999006178,0.797432761,0.809342389,0.303522592,0.781610536,0.00011818,0.464393615
0.491736947,0.557839075,0.540018202,0.602927399,0.602927399,0.99900664,0.797444935,0.80935632,0.303542653,0.781614887,0.00011182,0.487098966
0.414761371,0.50757741,0.489587237,0.603503942,0.603489529,0.998934077,0.797204776,0.809228596,0.303275093,0.781461764,0.00019346,0.466082887
0.524837908,0.58591365,0.565661973,0.609355857,0.609355857,0.999002365,0.797439954,0.809350591,0.303542895,0.781605203,0.000219247,0.463959135
0.436113684,0.496947231,0.483484127,0.597378169,0.597378169,0.998917669,0.797327207,0.80925711,0.303523076,0.781510887,0.00011182,0.47769474
0.483985765,0.549280419,0.533593875,0.607020856,0.60703527,0.999024781,0.797451852,0.809359314,0.303516792,0.781618115,0.000159578,0.460454778
0.499585629,0.563781073,0.548583971,0.615921244,0.615921244,0.99905829,0.797479796,0.809387828,0.303495764,0.78164815,0.000268624,0.462095401
0.473358358,0.538377671,0.52647358,0.607352369,0.607352369,0.998974056,0.797397899,0.80932312,0.303528635,0.781581904,0.000215431,0.465752414
0.476283333,0.528674226,0.530702928,0.609024345,0.609024345,0.998994739,0.797367049,0.809297861,0.30343123,0.781596641,0.00022156,0.468287159
0.513040511,0.573866114,0.557845709,0.606098387,0.606098387,0.999057366,0.797505943,0.809396681,0.303543137,0.781658957,0.000111936,0.466550917
0.359528104,0.395006542,0.422238878,0.630803269,0.630803269,0.997638099,0.795383938,0.807805019,0.302804505,0.780010251,0.001928701,0.466572725
0.644371862,0.736480593,0.714170994,0.656358552,0.656358552,0.999515048,0.798400452,0.810265879,0.304148593,0.782580644,0.000460349,0.525445594
0.499878126,0.560401221,0.546656673,0.649778751,0.649778751,0.999104625,0.79764124,0.809505526,0.303680905,0.781762256,0.000765514,0.469107471
0.551796422,0.606846925,0.613576744,0.633397714,0.633397714,0.999041189,0.797682742,0.809594451,0.303885866,0.78189601,0.000566156,0.478223162
0.501828109,0.557893589,0.552706248,0.613643898,0.613643898,0.999065338,0.797462642,0.809379886,0.303450808,0.781650396,0.000225029,0.46263892
0.699556379,0.729829917,0.739654157,0.64755906,0.64755906,0.999319658,0.797812644,0.809651477,0.303530327,0.781936432,0.000514698,0.482089865
0.528640374,0.587385521,0.584667273,0.634781418,0.634781418,0.9992568,0.797595172,0.809499407,0.303282102,0.781812782,0.000372581,0.497370474
0.52113294,0.558111644,0.568713529,0.625592759,0.625592759,0.9991037,0.797528492,0.809446547,0.303485613,0.781700922,0.000378363,0.480481115
0.429434992,0.301024858,0.437496654,0.616778852,0.616778852,0.998702405,0.797010822,0.808882792,0.303420596,0.781156079,0.000638545,0.459334189
0.424608785,0.475795901,0.473365812,0.614962741,0.614962741,0.998773466,0.79713187,0.809074052,0.303483437,0.781331518,0.000538288,0.464432198
0.450641057,0.509976014,0.495422667,0.650492224,0.650225573,0.998737762,0.797211554,0.809081343,0.303697341,0.781240149,0.001139713,0.458891321
0.549505192,0.625,0.603833182,0.660711454,0.661259171,0.999397075,0.797925391,0.809786492,0.303565373,0.782060642,0.000657047,0.491643391
0.444742359,0.508940253,0.494833771,0.599806858,0.599806858,0.998924602,0.797338412,0.809266874,0.303528152,0.781519308,0.000143852,0.462097079
0.488373227,0.534779765,0.54317683,0.637426311,0.637498378,0.998919402,0.797394579,0.809320646,0.303637158,0.781619518,0.000753834,0.463264639
0.523619168,0.59845181,0.580812677,0.630147451,0.628943917,0.99917326,0.797695054,0.809598487,0.303631115,0.781870466,0.00036252,0.483992183
0.535757812,0.620747928,0.60452915,0.643898009,0.643898009,0.999189898,0.797649402,0.809590024,0.303516308,0.781854045,0.000585814,0.47873984
0.52576415,0.581279983,0.568659993,0.607871258,0.607871258,0.999072965,0.797516733,0.809404753,0.30352936,0.781666536,0.000124772,0.464378518
0.339492029,0.375272569,0.366400771,0.596066533,0.596066533,0.998785945,0.79710102,0.809019369,0.303403435,0.781254605,0.0002226,0.460214891
0.553892653,0.66495857,0.609615076,0.608209977,0.607489298,0.999037607,0.797863276,0.809743266,0.304208776,0.781894888,0.000154028,0.468287159
0.471067128,0.538432185,0.522886664,0.600765361,0.600765361,0.99897914,0.797397899,0.809320385,0.303518242,0.781577975,0.000104651,0.466436845
0.474382099,0.541812037,0.521815943,0.601868,0.601868,0.998974056,0.797398729,0.809317521,0.303530085,0.781569132,0.000127431,0.458998683
0.442938624,0.510030528,0.501472242,0.59935283,0.59935283,0.998894329,0.797290823,0.809243699,0.303508332,0.781496009,0.000166863,0.458344447
0.271291376,0.314108155,0.312489962,0.651248937,0.651248937,0.996547911,0.793316993,0.805616792,0.301473711,0.777467368,0.003347792,0.450109459
0.440062399,0.493349324,0.494405482,0.626882774,0.626911601,0.999083826,0.797181258,0.80913876,0.30292052,0.781384571,0.000419414,0.476144704
0.521961683,0.573539032,0.564270036,0.627574626,0.627574626,0.999234846,0.797834086,0.809638588,0.303745197,0.781905554,0.000278915,0.484396467
0.540242773,0.606901439,0.595588629,0.614061892,0.614061892,0.999046389,0.797735035,0.809621792,0.303966593,0.781914817,0.0002507,0.464294641
0.46633842,0.537887048,0.523850313,0.604959714,0.604959714,0.998963541,0.797381021,0.809316089,0.303521142,0.781568431,0.000187562,0.460146113
0.453029786,0.509866986,0.506290487,0.653302873,0.653302873,0.998850536,0.797248491,0.809193703,0.303525976,0.781415167,0.001076344,0.462133984
0.478379564,0.531726995,0.52037047,0.620367835,0.620216492,0.999021315,0.797408828,0.809308798,0.303448874,0.78156408,0.000374547,0.465968815
0.481743285,0.545464457,0.530328176,0.607467678,0.607467678,0.998987806,0.797420587,0.8093364,0.303539511,0.781593694,0.00020352,0.472140443
0.515526739,0.570268208,0.571283259,0.612692602,0.612692602,0.999019813,0.797451298,0.809371032,0.303526218,0.781633694,0.00025521,0.474304455
0.541949008,0.604393807,0.594839124,0.609103619,0.609103619,0.999037492,0.797470389,0.809384182,0.303522592,0.78165208,0.000180046,0.465906746
0.479890801,0.538704754,0.534289844,0.625808962,0.625808962,0.999045927,0.797410488,0.809371944,0.303400293,0.781647027,0.000439766,0.473427107
0.470920879,0.535597471,0.52267252,0.606869514,0.606876721,0.999005716,0.797396515,0.809317782,0.303459992,0.781583027,0.000176114,0.458941647
0.506654317,0.568578282,0.55334868,0.619387711,0.619387711,0.999066378,0.797508571,0.809405404,0.303529118,0.78166822,0.000316266,0.46495391
0.472480866,0.537014828,0.527276621,0.607626227,0.607626227,0.998971052,0.797391674,0.809321557,0.303524043,0.78158415,0.000222832,0.457190307
0.481255789,0.536142608,0.536966647,0.613283558,0.613283558,0.99904246,0.79739195,0.809324161,0.303374914,0.781621904,0.000242143,0.485374466
0.50514308,0.571085914,0.556560844,0.608274838,0.608274838,0.999041998,0.797496397,0.809403712,0.303558606,0.781667098,0.000162238,0.466161731
0.470530883,0.540122111,0.527116013,0.600606812,0.600606812,0.998972323,0.797387938,0.809321557,0.303514858,0.781574466,0.00010893,0.46557124
0.468434651,0.474869167,0.505112693,0.63664077,0.63664077,0.998758445,0.796986336,0.808944766,0.303260591,0.781174745,0.000901155,0.463861839
0.47881831,0.547808548,0.532683763,0.656718892,0.656718892,0.999025128,0.797526555,0.809444724,0.303646584,0.781696992,0.000956429,0.487150969
0.531175352,0.591637593,0.578724771,0.652020064,0.652020064,0.999240161,0.797721201,0.809583905,0.303536853,0.781861765,0.000665835,0.473237546
0.463803442,0.527093328,0.541088923,0.64010003,0.64010003,0.999060254,0.797201455,0.80928406,0.303005115,0.781559027,0.000654618,0.479633963
0.523082923,0.572721326,0.575459072,0.611647617,0.611647617,0.999061063,0.7974928,0.809403191,0.303512441,0.781708642,0.000197276,0.464475814
0.733973578,0.747056258,0.758873601,0.650593119,0.650593119,0.999402159,0.797914739,0.809707983,0.303535886,0.781999309,0.000480817,0.484005603
0.593623556,0.65416485,0.641040741,0.636763286,0.636763286,0.999304752,0.797777643,0.80963325,0.303500356,0.781919168,0.000356392,0.500020969
0.521669185,0.563999128,0.570694363,0.626529642,0.626529642,0.999091337,0.797542188,0.809459436,0.303535402,0.781716642,0.000405768,0.475391493
0.534685322,0.57015918,0.593929011,0.624259502,0.624259502,0.999052744,0.797455033,0.809377152,0.303463618,0.781670747,0.000407966,0.467837582
0.392677814,0.435183166,0.436800685,0.642103518,0.642103518,0.997921074,0.795949059,0.807941856,0.303200166,0.780166181,0.001826941,0.476413108
0.452932287,0.502289577,0.503506612,0.664502227,0.664502227,0.998798771,0.797087463,0.809024317,0.30335292,0.781259377,0.001307849,0.463751122
0.367376785,0.409888792,0.410300337,0.624908113,0.624908113,0.998509672,0.796658746,0.808627996,0.303208626,0.78083678,0.000961864,0.460105852
0.480622045,0.548190144,0.534718133,0.650528258,0.650506637,0.999031714,0.797528907,0.809447458,0.303637158,0.781687027,0.00085016,0.472511177
0.556232633,0.631214566,0.609722148,0.661360066,0.661533029,0.999445836,0.798023474,0.809867084,0.303634741,0.782129274,0.000612642,0.498142137
0.484765758,0.554295683,0.537020183,0.604642615,0.604642615,0.998997166,0.79742363,0.809344212,0.303525251,0.78160029,0.000148824,0.472584988
0.478087067,0.532926297,0.532416082,0.63372202,0.633786881,0.999067996,0.797385033,0.809314527,0.303309656,0.781589203,0.000545573,0.470870554
0.488421976,0.56067379,0.543230366,0.631091541,0.630587065,0.999258533,0.797519085,0.809437693,0.3031453,0.781693343,0.000303546,0.466893133
0.522156681,0.593000436,0.581133894,0.640568472,0.640568472,0.999152461,0.797579817,0.809497584,0.303473286,0.781764361,0.000569972,0.466765641
0.523862916,0.579862625,0.568874137,0.606689344,0.606689344,0.999065916,0.797498196,0.809393947,0.303511716,0.78165994,0.000112861,0.45851891
0.434797446,0.489097253,0.484340703,0.60047709,0.60047709,0.99886833,0.797264954,0.809198521,0.303517517,0.781464851,0.000210921,0.461181148
0.514308,0.584169211,0.567856952,0.607201026,0.606602863,0.999034487,0.797600153,0.809499797,0.30375559,0.781764642,0.000142927,0.466839452
0.476039585,0.537723506,0.527865517,0.600484296,0.600484296,0.998973247,0.797399282,0.809328458,0.303532985,0.781595238,0.000106039,0.470912492
0.472090869,0.535324902,0.521815943,0.602271581,0.602271581,0.998980758,0.797386693,0.809309319,0.303495039,0.781568852,0.0001272,0.461800156
0.439672403,0.496129525,0.489480165,0.601147321,0.601147321,0.998830431,0.797226772,0.809161805,0.303530085,0.78140829,0.000259604,0.464454006
0.489348218,0.544210641,0.537823224,0.65910434,0.65910434,0.999024435,0.797514935,0.809391083,0.30362749,0.781624992,0.000995399,0.46688139
0.501291864,0.502725687,0.572568125,0.630414102,0.630414102,0.999184468,0.797196198,0.809194224,0.302736104,0.781718887,0.000374894,0.481128641
0.513820504,0.561491496,0.558809358,0.627798037,0.627798037,0.999234731,0.79774126,0.809569844,0.303583259,0.781893765,0.000282731,0.486434664
0.539901526,0.595071958,0.597997751,0.616569855,0.616569855,0.999022702,0.797644975,0.809549533,0.303858796,0.781891519,0.000314647,0.46070473
0.480719544,0.544701265,0.532362546,0.604073279,0.604073279,0.998977176,0.797397761,0.809320385,0.303521867,0.781576431,0.000159694,0.456366641
0.383366646,0.356955953,0.368060389,0.651479554,0.651479554,0.998436993,0.796602995,0.808187148,0.30326325,0.780338112,0.001460951,0.435325399
0.378394189,0.404600959,0.41094277,0.612721429,0.613060148,0.998913856,0.797069202,0.808991898,0.303080283,0.781267237,0.000367262,0.457992166
0.478135816,0.546445704,0.53027464,0.61051615,0.61051615,0.998993815,0.79741865,0.809341608,0.303523559,0.781599168,0.000246421,0.470347165
0.509238044,0.566234191,0.561325553,0.607446057,0.607446057,0.998994392,0.797429164,0.809347467,0.30354072,0.781609834,0.000196582,0.47259673
0.529225369,0.578499782,0.582686439,0.611020626,0.611020626,0.999025013,0.797442444,0.809359445,0.303499873,0.781638466,0.000223294,0.46248291
0.503534344,0.48964239,0.535092885,0.623200104,0.623200104,0.999114446,0.797264677,0.809093712,0.303002215,0.781604782,0.000329333,0.492965284
0.467605908,0.534507196,0.519995717,0.61453754,0.614580781,0.999029865,0.797382958,0.809308538,0.303385549,0.781567167,0.000275562,0.461251604
0.527226637,0.590547318,0.577332834,0.626133268,0.626133268,0.99910266,0.797560726,0.809458785,0.303544104,0.781730677,0.000388076,0.468738415
0.459562229,0.51619058,0.508646073,0.610047709,0.610047709,0.998887165,0.797332464,0.809261927,0.303596069,0.78152029,0.000345637,0.454071781
0.473943353,0.551515482,0.528454414,0.610163018,0.610163018,0.998959266,0.797469698,0.809391473,0.303685014,0.781625975,0.00027533,0.467372906
0.506703066,0.567924117,0.554098185,0.611186382,0.611200796,0.999051357,0.797500409,0.809402019,0.303546037,0.781661203,0.00019982,0.472373619
0.543801492,0.584768862,0.597569463,0.648827455,0.648827455,0.99913848,0.797586595,0.809522322,0.303514375,0.781798607,0.000716368,0.475970241
0.6056647,0.680658526,0.668825954,0.660725868,0.660725868,0.999451266,0.797994423,0.809885051,0.303572866,0.78218373,0.000594256,0.477001921
0.542923999,0.613661143,0.595642165,0.652337163,0.652337163,0.999326475,0.7977479,0.809631818,0.303402951,0.781898396,0.000584542,0.475435109
0.504948082,0.535433929,0.552492103,0.631105954,0.631105954,0.998973941,0.797433729,0.80932364,0.303591477,0.781583589,0.000596684,0.468238511
0.467508409,0.513682948,0.507039991,0.603785007,0.603785007,0.998947943,0.797365251,0.809276118,0.303526218,0.781529834,0.000184325,0.460089077
0.643884366,0.680604012,0.686385781,0.650751668,0.650751668,0.999324626,0.797886379,0.809708243,0.303648759,0.781989344,0.000560953,0.483579511
0.669867889,0.71674662,0.697628353,0.647429337,0.647429337,0.999515048,0.798016142,0.809787403,0.303477153,0.782076642,0.000317075,0.492800886
0.521230439,0.559256433,0.567321591,0.621866847,0.621866847,0.999095034,0.797532089,0.809437563,0.303510024,0.781697975,0.000327367,0.470699446
0.533271584,0.593818142,0.590449168,0.627898932,0.627898932,0.999107051,0.797581892,0.809490684,0.303571899,0.781764501,0.000412013,0.477203224
0.669282894,0.714784126,0.711387119,0.651717378,0.651717378,0.999503725,0.798009087,0.809812922,0.303488271,0.782104993,0.000397211,0.486360853
0.506361819,0.566561273,0.565394293,0.662505946,0.662505946,0.999121957,0.797549797,0.809479877,0.303484646,0.781751449,0.000952382,0.475213675
0.575439965,0.620311819,0.603833182,0.621737125,0.621737125,0.99912785,0.797584105,0.809444333,0.303532502,0.781712712,0.000292445,0.472105215
0.428996246,0.47257959,0.477862841,0.620526384,0.620526384,0.998720892,0.797088016,0.809031478,0.303516792,0.781265412,0.000680174,0.461427745
0.468483401,0.508613171,0.51887146,0.644712377,0.644625895,0.998857931,0.797183333,0.809111158,0.303396667,0.781549062,0.000929717,0.52918145
0.573489982,0.645551679,0.625890037,0.664040992,0.664048199,0.999454848,0.798080332,0.809908357,0.303715226,0.782191871,0.000643864,0.499638493
0.515819237,0.581716092,0.559023502,0.6095072,0.6095072,0.999060486,0.797539144,0.809425194,0.303594619,0.781675378,0.00016351,0.469523498
0.489250719,0.558275185,0.538037368,0.631516741,0.631516741,0.999043153,0.797562109,0.809459957,0.303670996,0.781663589,0.000534009,0.466331161
0.518792961,0.589729612,0.573049949,0.632734689,0.633902189,0.999229762,0.797721892,0.809603565,0.303560056,0.781880151,0.000385532,0.475002307
0.540340272,0.607719145,0.600246266,0.632028424,0.632028424,0.999089488,0.797591714,0.809506177,0.30362604,0.781779238,0.000495849,0.479878882
0.509091795,0.571412996,0.552492103,0.606314591,0.606314591,0.999037607,0.797493907,0.809386656,0.30356344,0.781640852,0.000135179,0.465683635
0.474430849,0.540558221,0.525509931,0.604022831,0.604022831,0.998929108,0.797403847,0.809329239,0.303632807,0.781581764,0.000206989,0.467592662
0.504168089,0.571794592,0.558541678,0.60647314,0.606256937,0.999018542,0.797532089,0.809443162,0.303669787,0.781706396,0.000153218,0.465502462
0.479549554,0.548462713,0.531131217,0.601032013,0.601032013,0.998984687,0.797424875,0.809343951,0.30355353,0.781599308,0.000103379,0.460397742
0.500170624,0.562636284,0.545907168,0.601882414,0.601882414,0.998986189,0.797424322,0.809337702,0.303549421,0.781597764,0.000115521,0.459486844
0.483303271,0.547481465,0.536859575,0.607647847,0.607647847,0.998995201,0.797429856,0.809351112,0.303540236,0.78161222,0.00019901,0.462932488
0.525569151,0.576264719,0.567964024,0.64198821,0.64198821,0.999069729,0.797631833,0.809481179,0.303737221,0.781741905,0.000675433,0.510292477
0.539316531,0.608536851,0.616092939,0.626277404,0.626277404,0.999160896,0.797553255,0.809517244,0.303409236,0.781789624,0.000332108,0.47431452
0.508165554,0.569123419,0.554794154,0.62779083,0.62779083,0.999195214,0.797781517,0.809621662,0.303736254,0.781870186,0.000322163,0.473440527
0.507678058,0.572176188,0.559505327,0.612490811,0.612490811,0.99901392,0.79751618,0.809421288,0.303651901,0.781686887,0.000257985,0.462615435
0.490176961,0.551951592,0.54141014,0.605752461,0.605752461,0.998993237,0.797415468,0.809334447,0.303519209,0.781594115,0.000170564,0.465790997
0.49490567,0.554077628,0.544194015,0.651919169,0.651919169,0.998985842,0.797494045,0.809389911,0.303671962,0.781607027,0.000918732,0.48031504
0.438209916,0.495311819,0.480753788,0.608065841,0.608065841,0.998954644,0.797283215,0.809215707,0.303368872,0.78142429,0.00024619,0.470070372
0.489786964,0.550643262,0.536538359,0.605529051,0.605529051,0.998994161,0.797423354,0.809336921,0.303531052,0.781596501,0.000166054,0.459785444
0.432993711,0.468872656,0.465228331,0.601615763,0.601622969,0.998934423,0.797344499,0.80926401,0.303518242,0.781519588,0.000163279,0.461660921
0.559401355,0.606083733,0.607741314,0.612015163,0.612015163,0.999029403,0.797471496,0.809379625,0.303541445,0.781642957,0.000234858,0.462655696
0.48115829,0.581170955,0.520477542,0.616512201,0.616512201,0.998976945,0.797736833,0.80960695,0.304114755,0.781563378,0.000359514,0.481148772
0.424462536,0.489587876,0.473098132,0.608808141,0.608880209,0.998741806,0.796925881,0.808880579,0.303190015,0.781079447,0.000472375,0.478050376
0.474479598,0.536197122,0.527865517,0.609471166,0.609471166,0.998946325,0.797393057,0.809318953,0.303578183,0.781578676,0.000277065,0.466468718
0.448544825,0.511883995,0.499384335,0.607972153,0.607972153,0.998930033,0.797298847,0.809230289,0.303447907,0.781494044,0.000269433,0.449934996
0.508409301,0.567978631,0.555597195,0.612656568,0.612656568,0.999055286,0.797512998,0.809410742,0.303559814,0.781675659,0.000219247,0.470877264
0.504948082,0.512047536,0.536324214,0.639941481,0.639941481,0.998811019,0.797318215,0.809197089,0.303730454,0.781444922,0.000901618,0.463205925
0.625408278,0.703881378,0.692970716,0.66123755,0.66123755,0.999571898,0.798088079,0.809970591,0.303483921,0.782284362,0.000481742,0.544342954
0.531955345,0.598124727,0.580973286,0.647249168,0.647249168,0.999280719,0.797706675,0.809577916,0.303426638,0.781847309,0.000548811,0.478402657
0.39662653,0.379742695,0.464960651,0.615351908,0.615351908,0.998436415,0.796401432,0.808507433,0.302912303,0.781047447,0.000881844,0.457346317
0.520352947,0.583078936,0.572621661,0.60667493,0.60667493,0.999035181,0.797478413,0.809394207,0.303541445,0.781659238,0.000143389,0.468968236
0.590454834,0.633940253,0.63670432,0.653050635,0.653050635,0.99929574,0.797758276,0.809607731,0.303485613,0.781884923,0.000626865,0.489400535
0.710915029,0.748146533,0.736334922,0.648827455,0.648827455,0.999556992,0.798064562,0.809829197,0.303474011,0.782141485,0.000297648,0.50082786
0.518792961,0.566016136,0.566411478,0.621009239,0.621009239,0.999080129,0.797547445,0.809457223,0.303568032,0.781693624,0.000328408,0.482626674
0.545312729,0.608700392,0.600888699,0.628907883,0.628907883,0.999126347,0.79764539,0.809541721,0.303642475,0.781807729,0.000408891,0.475292519
0.634524448,0.670082861,0.66834413,0.648611251,0.648611251,0.99943301,0.797970905,0.809748605,0.303569724,0.78203959,0.000418142,0.496322018
0.559108858,0.603030964,0.595856309,0.6618213,0.6618213,0.999350393,0.797750667,0.809575312,0.303357754,0.781855449,0.000712783,0.47840769
0.562765076,0.611044483,0.59489266,0.623135243,0.623135243,0.99914599,0.797596556,0.809455791,0.303516067,0.781725063,0.000296608,0.473559632
0.618485838,0.675806803,0.6782483,0.632381556,0.632381556,0.999232073,0.797828691,0.809729075,0.303741813,0.7820198,0.000358936,0.48648499
0.818017842,0.801569996,0.8145511,0.634983208,0.634983208,0.999277945,0.797757999,0.809581301,0.303522109,0.781860221,0.000354657,0.498527969
0.504655584,0.562799826,0.556186091,0.622335289,0.622335289,0.99901392,0.797497504,0.809414518,0.303619272,0.781679168,0.00041606,0.464972363
0.481450787,0.513791976,0.529792815,0.641008086,0.641332392,0.998648675,0.797246969,0.809114934,0.303945566,0.781704852,0.001086289,0.42807512
0.5771462,0.652965547,0.630172921,0.664329264,0.664329264,0.999466981,0.798084898,0.80991682,0.303697824,0.782193274,0.000636348,0.499242596
0.505825574,0.573757087,0.550136517,0.60743885,0.60743885,0.999043385,0.797499579,0.809395379,0.303561264,0.781642676,0.000147437,0.469154442
0.485155755,0.560128652,0.537555544,0.640784675,0.640784675,0.998971052,0.797627959,0.80954094,0.303936864,0.78172394,0.000754875,0.466970299
0.540194023,0.602758395,0.586969324,0.634478733,0.634738177,0.99928846,0.797811814,0.809649264,0.303594135,0.7819318,0.000340203,0.483361432
0.515575489,0.579699084,0.573049949,0.630097003,0.630097003,0.999056788,0.797523374,0.809441599,0.303574799,0.781709764,0.000497699,0.476704998
0.510115536,0.571740078,0.554044649,0.607431644,0.607431644,0.999052051,0.797500824,0.809392645,0.303545312,0.781653764,0.000138533,0.464777769
0.471408375,0.492749673,0.523368489,0.603136396,0.603136396,0.998925064,0.797249736,0.809184199,0.303372256,0.78158808,0.000196813,0.470415943
0.547652708,0.619821195,0.600674554,0.606826273,0.607186613,0.999050086,0.797667939,0.809557475,0.303841152,0.781830045,0.000136682,0.463804803
0.49826939,0.560346707,0.543819262,0.602271581,0.602271581,0.9989885,0.797421417,0.809335488,0.303539511,0.781595378,0.000119337,0.468283804
0.472919612,0.535161361,0.523850313,0.608498249,0.608483835,0.998989886,0.797380191,0.809308668,0.303464585,0.781579799,0.000217744,0.464739186
0.52347292,0.561709551,0.553884041,0.643854769,0.643854769,0.999112251,0.797664896,0.809446807,0.303706042,0.781709203,0.000662944,0.4855959
0.550675182,0.597361535,0.598586648,0.627747589,0.627747589,0.999181117,0.797602781,0.80948144,0.303453225,0.78173994,0.000335346,0.478345621
0.509335543,0.563944614,0.55458001,0.624454086,0.624454086,0.999164825,0.797677762,0.809526227,0.303618547,0.781809414,0.000299036,0.467976817
0.505825574,0.576319232,0.561218481,0.61355021,0.61355021,0.999007796,0.797525449,0.809440558,0.303680905,0.78170387,0.000281112,0.464876744
0.504606835,0.564489751,0.553455752,0.60721544,0.60721544,0.99900329,0.797437326,0.80934994,0.303536369,0.781610957,0.000183978,0.465264253
0.523667918,0.581770606,0.576636865,0.652582193,0.652582193,0.999118028,0.797620212,0.809510864,0.303615888,0.781782045,0.000796967,0.48309135
0.340759518,0.491386829,0.375555437,0.607813604,0.607813604,0.998780168,0.797264539,0.809201255,0.303701208,0.781108359,0.00041687,0.460224957
0.492273193,0.553041867,0.538733337,0.60970899,0.60970899,0.99900976,0.797437879,0.809347857,0.303523801,0.781606747,0.000217628,0.46815128
0.437039926,0.484845181,0.482092189,0.601478834,0.601478834,0.99894956,0.797351416,0.809279894,0.303498664,0.781535448,0.000145702,0.461796801
0.542241505,0.58547754,0.584827882,0.610739561,0.610739561,0.999020853,0.797459184,0.80936296,0.303537819,0.781624992,0.000222947,0.464024559
0.478623312,0.564217183,0.527437229,0.611878234,0.611878234,0.998983762,0.79752614,0.809433527,0.303732387,0.781596501,0.000278337,0.477060634
0.467167162,0.533089839,0.518014883,0.615265426,0.615272633,0.998998321,0.797384065,0.8093101,0.303453708,0.781561694,0.000318232,0.483341302
0.477453322,0.536796773,0.52797259,0.607460471,0.607460471,0.998962964,0.797394025,0.809319865,0.303544829,0.781578115,0.000228266,0.45968647
0.466435919,0.503270824,0.518175491,0.60665331,0.60665331,0.998938468,0.797280586,0.809213233,0.303398118,0.781572501,0.000239714,0.47693482
0.499195632,0.562745312,0.550511269,0.614198821,0.614198821,0.99903391,0.797479381,0.809393947,0.303545796,0.781656852,0.000265386,0.47050653
0.539560279,0.549062364,0.579260132,0.643393534,0.643393534,0.999043385,0.7974578,0.809367387,0.303488271,0.781630185,0.000724347,0.467265544
0.643933116,0.695268208,0.695540446,0.661504202,0.661504202,0.999534229,0.798077289,0.809906143,0.303543862,0.782255731,0.000523602,0.496481384
0.467508409,0.536960314,0.524010921,0.640438749,0.640438749,0.999083364,0.797384618,0.809334056,0.303276785,0.781596641,0.000637041,0.474091409
0.507970555,0.535651984,0.550618341,0.631689704,0.631689704,0.999160549,0.797403294,0.809319865,0.303147959,0.781577975,0.000419182,0.466267415
0.486130746,0.53908635,0.528293806,0.601450006,0.601450006,0.998974056,0.797406061,0.809317521,0.303542895,0.78157601,0.000120724,0.459832415
0.59771852,0.629252072,0.629369881,0.653987518,0.653987518,0.999317809,0.797793691,0.809610075,0.303501081,0.78189194,0.000619812,0.485382854
0.641739385,0.690798081,0.682959473,0.65029764,0.65029764,0.999412096,0.797894956,0.809723476,0.303480537,0.78202387,0.000466131,0.493260529
0.529322868,0.578935892,0.572032764,0.628461062,0.628461062,0.999119761,0.797580785,0.809457483,0.303543379,0.781724361,0.000408312,0.478966307
0.587237362,0.64337113,0.637667969,0.66105738,0.66105738,0.999323587,0.797857881,0.809718399,0.303601145,0.782017274,0.000727354,0.50107278
0.499683128,0.512211077,0.507254136,0.663248245,0.663248245,0.999029172,0.797520607,0.809214275,0.303627973,0.781463027,0.001057264,0.477137801
0.538439039,0.592836895,0.576904545,0.625109904,0.625109904,0.999125539,0.797580093,0.809447979,0.303530085,0.781716642,0.00034876,0.478580475
0.549115195,0.599160488,0.60372611,0.61146024,0.61146024,0.998706218,0.79767624,0.809585597,0.304575191,0.781888712,0.000549273,0.46452614
1,0.947067161,0.957760051,0.64068378,0.64068378,0.999507307,0.798029146,0.80976514,0.303516067,0.782060923,0.000216472,0.476512082
0.569346268,0.56154601,0.608169602,0.626435953,0.626435953,0.999039225,0.797455448,0.809373115,0.303492863,0.78163594,0.000456533,0.464521108
0.514892995,0.584823375,0.568124632,0.616144655,0.616144655,0.99901704,0.797620904,0.809519587,0.303828342,0.781792852,0.000313375,0.463415616
0.279676303,0.283362407,0.30301408,0.637519999,0.637519999,0.99878479,0.797054676,0.809000491,0.303324883,0.781234254,0.000888898,0.461432777
0.508458051,0.570104666,0.561807377,0.618090488,0.618090488,0.999042229,0.797502761,0.80942259,0.30356924,0.781687729,0.000319504,0.467216896
0.503729342,0.536142608,0.544622303,0.649598582,0.650038196,0.999131663,0.797573453,0.809358143,0.303505674,0.781834677,0.000742502,0.606688307
0.56222883,0.639936764,0.618234381,0.664350884,0.664350884,0.999345541,0.797941162,0.809809667,0.303700725,0.782085906,0.000758228,0.524960788
0.513479257,0.561873092,0.556721452,0.604289482,0.604289482,0.999021431,0.797452958,0.809354758,0.303525735,0.781634115,0.000118874,0.468312322
0.448642324,0.529273877,0.496011564,0.642586373,0.642586373,0.999003867,0.797384203,0.809295648,0.303442348,0.781379518,0.000750943,0.473053018
0.537805294,0.597252508,0.582204615,0.635177792,0.635221032,0.999248596,0.797784975,0.809620751,0.303630632,0.781902888,0.000387845,0.490447313
0.515087993,0.564816834,0.565822582,0.627826864,0.627826864,0.999003636,0.797469144,0.809389911,0.303591235,0.781654045,0.000514351,0.467629568
0.507044313,0.570431749,0.551956743,0.607071304,0.607071304,0.999043847,0.797483808,0.809385094,0.303532744,0.781642396,0.000141192,0.468208316
0.473845854,0.496511121,0.523903849,0.614624022,0.614624022,0.999013227,0.797301614,0.809229247,0.303278718,0.781578957,0.000292907,0.453721178
0.550577682,0.620366332,0.601263451,0.605356088,0.605190331,0.999033332,0.797624777,0.809513989,0.303800788,0.781784993,0.000121303,0.468532079
0.475698338,0.540503707,0.523957385,0.601550902,0.601550902,0.998974749,0.797395962,0.80931661,0.303524043,0.781575027,0.000121765,0.462860354
0.435723687,0.465547318,0.474811285,0.594387351,0.594401764,0.998767804,0.796973332,0.808873418,0.303218294,0.781250254,0.000214043,0.465512527
0.579681178,0.632522896,0.620322287,0.644215108,0.644215108,0.999296548,0.797948909,0.809750167,0.303816498,0.782044642,0.00048417,0.518868004
0.544532735,0.576537287,0.58552385,0.626861154,0.626861154,0.999097114,0.797529599,0.809424153,0.303501565,0.781680712,0.000405306,0.476309101
0.507629308,0.568251199,0.553723433,0.625362141,0.625362141,0.99914599,0.797707228,0.809561381,0.303709426,0.781801835,0.000332339,0.490100065
0.450202311,0.50496075,0.499277263,0.611510688,0.611510688,0.998970821,0.797278096,0.809209457,0.303326091,0.781491659,0.000285275,0.465376647
0.486764491,0.549989097,0.537341399,0.606970409,0.606970409,0.998969434,0.797411871,0.809334186,0.303562714,0.781593975,0.000214043,0.467218574
0.56798128,0.630505887,0.619840463,0.651227317,0.651227317,0.999264426,0.797803928,0.809673871,0.303630632,0.781970116,0.000628831,0.478877398
0.360113099,0.389391627,0.396166818,0.603503942,0.603503942,0.998601301,0.796952443,0.808904275,0.303530085,0.781141061,0.000526724,0.461949456
0.493589431,0.553914086,0.539750522,0.609925194,0.609925194,0.999002712,0.797428749,0.809340826,0.303522592,0.781601132,0.00022792,0.464256058
0.50168186,0.561818578,0.554258793,0.602783263,0.602783263,0.99896747,0.797399697,0.809325333,0.303545312,0.78158429,0.000148709,0.464470782
0.537756545,0.589838639,0.586112747,0.609745024,0.609745024,0.999014498,0.797455448,0.809370902,0.303544587,0.781633554,0.000213234,0.473479111
0.485935748,0.500599651,0.539750522,0.609269375,0.609269375,0.999000285,0.797285705,0.809223258,0.30327751,0.781621343,0.000219941,0.437902083
0.518987959,0.577354993,0.560843728,0.620605659,0.620605659,0.999124268,0.797578018,0.809446417,0.303529118,0.781714957,0.000277759,0.461860547
0.547165212,0.607555604,0.596712886,0.637238934,0.636388533,0.999336412,0.79786383,0.809717097,0.303584709,0.781993133,0.000318694,0.468686411
0.42402379,0.4829372,0.472723379,0.597342135,0.597342135,0.998891555,0.797052463,0.808999579,0.303097686,0.781256009,0.000137376,0.459865965
0.498366889,0.573920628,0.544943519,0.61878234,0.618638205,0.999040727,0.797547168,0.809434178,0.303649968,0.781641413,0.000329795,0.481628545
0.489933213,0.560837331,0.546014241,0.606602863,0.606617276,0.999006178,0.79759116,0.809513468,0.303799096,0.781774607,0.000171489,0.476876106
0.534636572,0.603358046,0.586112747,0.610761181,0.610768388,0.999121841,0.797718434,0.809598487,0.303779518,0.781872431,0.000122459,0.478956242
0.52912787,0.587985172,0.577172225,0.621643437,0.62165785,0.999155812,0.797638473,0.809509823,0.303568757,0.781784993,0.000263073,0.477580668
0.515721737,0.545518971,0.56598319,0.626882774,0.625599965,0.999035296,0.797496397,0.809372464,0.303572624,0.781846326,0.000446935,0.46466873
0.501389363,0.58051679,0.562021521,0.615294253,0.614710503,0.999090297,0.797782485,0.809725039,0.303957409,0.781900221,0.000217165,0.469234963
0.565446302,0.620584387,0.609882756,0.610660286,0.610948558,0.999135822,0.797606655,0.809484174,0.30355498,0.781761835,0.000111242,0.464787835
0.521474187,0.575883123,0.566679158,0.613514176,0.613672725,0.999100927,0.797539836,0.809422981,0.303511233,0.781678185,0.000189759,0.471487884
0.505825574,0.574792848,0.561325553,0.602156272,0.602156272,0.999001788,0.797528769,0.809443552,0.303699033,0.781710466,0.000104304,0.47037736
0.57251499,0.661197122,0.643021575,0.635581372,0.634521974,0.999407589,0.797833533,0.809759932,0.30338289,0.782043239,0.000217512,0.488805012
0.470920879,0.534452682,0.529257455,0.614508713,0.614660056,0.998996241,0.797365942,0.809318823,0.303426396,0.781578396,0.000310484,0.466973654
0.594891045,0.663541212,0.650677231,0.633073408,0.63277793,0.999350393,0.797845845,0.809715404,0.303524043,0.78200366,0.000246768,0.479553442
0.521669185,0.587003925,0.57412067,0.608274838,0.608260425,0.999073427,0.797510785,0.809421419,0.303518,0.781692501,0.000130438,0.456239148
0.553795154,0.636993022,0.606670593,0.64832298,0.64832298,0.999388293,0.798010055,0.809855106,0.303731662,0.782065274,0.000458267,0.470281741
0.511285526,0.57424771,0.557899245,0.60667493,0.606509174,0.999057943,0.797473433,0.809377412,0.303485129,0.781640571,0.000117949,0.465878228
0.623653293,0.6718273,0.657904599,0.637102005,0.637102005,0.999344385,0.797949877,0.809737798,0.303718369,0.782028502,0.000322163,0.489204264
0.557158875,0.627507632,0.615504042,0.617751769,0.617751769,0.999064992,0.797626299,0.809538336,0.303737704,0.781809273,0.000291288,0.469097406
0.491541949,0.551133886,0.540607099,0.604548927,0.604368757,0.999032754,0.797412425,0.809333015,0.30343123,0.781592852,0.000108814,0.463903777
0.570711256,0.618403838,0.627549655,0.633073408,0.633073408,0.999346927,0.797881814,0.809746521,0.303594135,0.782061485,0.000254978,0.485542219
0.539267781,0.596053205,0.587986509,0.613254731,0.613233111,0.999122419,0.797657149,0.809529482,0.303671237,0.781797063,0.000161197,0.46948827
0.571150002,0.630614915,0.61566465,0.606228109,0.605651566,0.999061872,0.797666141,0.809531566,0.303813598,0.781805905,0.000100257,0.445367085
0.455126018,0.521750981,0.513946143,0.604584961,0.604584961,0.998949676,0.797252365,0.809235106,0.303325366,0.781402535,0.000195426,0.445561679
0.440306147,0.509212822,0.496546924,0.598675392,0.598675392,0.998887858,0.797323887,0.809266093,0.303579633,0.781519027,0.000162469,0.460028686
0.488324477,0.529437418,0.534182772,0.610206258,0.610155811,0.998962733,0.797361515,0.809288487,0.303488755,0.781544711,0.000271746,0.461246572
0.596109784,0.64249891,0.633438621,0.622176739,0.622176739,0.999226758,0.797604718,0.80947519,0.303361379,0.781745975,0.000200398,0.486047155
0.530200361,0.587712604,0.573157021,0.623192897,0.623192897,0.999145066,0.797589639,0.809463472,0.303505915,0.781732922,0.000298458,0.47064912
0.517964218,0.571522024,0.562021521,0.61397541,0.614025858,0.999063836,0.797504421,0.809397592,0.303526943,0.781669905,0.000232661,0.465390067
0.565787549,0.613061491,0.609668612,0.626140475,0.626140475,0.999239353,0.79773711,0.809579608,0.30356634,0.781858677,0.000251394,0.480169095
0.619607078,0.662396424,0.648428717,0.617924732,0.617924732,0.999220865,0.797725904,0.809559558,0.303585434,0.781839449,0.00013807,0.466644859
0.622288305,0.70769734,0.689330264,0.614292509,0.603352599,0.998881618,0.799177511,0.811000582,0.306831209,0.783382751,0.000243877,0.454466001
0.555647638,0.633667684,0.61716366,0.615164531,0.615164531,0.999125539,0.797568196,0.809484174,0.303509299,0.781745694,0.000189181,0.468829001
0.617023351,0.645497165,0.645002409,0.624583808,0.624583808,0.999323009,0.797802821,0.809600831,0.303506157,0.781884221,0.000142695,0.478677772
0.5028031,0.587003925,0.575673216,0.60874328,0.607972153,0.998861629,0.797543156,0.809526488,0.304017592,0.781797484,0.000337774,0.461560269
0.545556476,0.627889228,0.614272713,0.638810015,0.638810015,0.999154772,0.797626714,0.809570364,0.303550388,0.781838186,0.000539329,0.467918103
0.578559938,0.611698648,0.610150436,0.615207772,0.615005982,0.999142177,0.79768039,0.809516853,0.303670512,0.781801694,0.00016987,0.459201664
0.502413104,0.559038378,0.551474918,0.619733637,0.619733637,0.999048353,0.797482702,0.809392905,0.303521384,0.781661203,0.00033974,0.463422326
0.581923658,0.616332316,0.650356015,0.630925784,0.630925784,0.999280719,0.797759936,0.80968637,0.303519692,0.781969695,0.000286894,0.483082962
0.506118071,0.574956389,0.558541678,0.609009931,0.606062353,0.999026168,0.797467622,0.809381969,0.303541445,0.781645203,0.00014258,0.458141466
0.506751816,0.564217183,0.549387012,0.605168711,0.605154297,0.999035874,0.797460982,0.809361658,0.303509541,0.781622185,0.000118296,0.46336529
0.536245308,0.587112952,0.576422721,0.607136165,0.607136165,0.998873992,0.797780964,0.809596925,0.30440721,0.781877203,0.000312103,0.461592142
0.549943938,0.579590057,0.585737995,0.616822093,0.616822093,0.999130969,0.797581892,0.809447198,0.303521867,0.781716642,0.000210343,0.466040948
0.294252425,0.353194505,0.324267894,0.621506508,0.621506508,0.998776702,0.796607421,0.808555736,0.302560389,0.780663306,0.000640048,0.45883764
0.52230293,0.569177933,0.574388351,0.603950763,0.603950763,0.99902455,0.797529599,0.809426106,0.303653352,0.781691378,0.000110433,0.46145123
0.573636231,0.63039686,0.616092939,0.623466755,0.623264965,0.999254605,0.797745272,0.809590545,0.303548696,0.781868361,0.000189875,0.470464592
0.527177887,0.593218491,0.582044007,0.608224391,0.608224391,0.999055401,0.797508295,0.809426757,0.303551355,0.781694185,0.000147899,0.467669829
0.435284941,0.534071086,0.494244874,0.587331902,0.587303074,0.998717426,0.797344638,0.80931023,0.303972636,0.781479308,0.000150559,0.45752078
0.520840443,0.480865678,0.577600514,0.610638666,0.610638666,0.998996703,0.797165625,0.809100612,0.303075208,0.781566466,0.000245496,0.46453956
0.57490372,0.621402093,0.61716366,0.625744101,0.625744101,0.999287651,0.797774738,0.809607471,0.303531052,0.781891379,0.000196698,0.485928051
0.532442841,0.585641082,0.576958081,0.604484066,0.6045201,0.999041651,0.797510508,0.809402149,0.303583984,0.781667238,0.000102338,0.469993206
0.504704334,0.549171391,0.535949462,0.62221998,0.622428977,0.999161127,0.797547445,0.809372204,0.303398601,0.781634957,0.000270127,0.475842748
0.48452201,0.559147405,0.544997056,0.618926476,0.618926476,0.999107744,0.797476338,0.809423892,0.303386033,0.781690957,0.000267236,0.467470203
0.534929069,0.591692106,0.576262113,0.60665331,0.606660517,0.999076315,0.797533334,0.809417382,0.303551113,0.781684361,0.000101991,0.471633829
0.51655048,0.576809856,0.561700305,0.614249269,0.614249269,0.999111673,0.797560864,0.809439386,0.303525735,0.781705413,0.000188372,0.467121277
0.487544484,0.554077628,0.537983832,0.604239035,0.604239035,0.998989771,0.797432899,0.809348378,0.303557155,0.781609273,0.000149865,0.463574981
0.507775557,0.556312691,0.55484769,0.609363064,0.609363064,0.999027092,0.797435804,0.809351763,0.303484162,0.781615589,0.000194732,0.463177407
0.471798372,0.54273877,0.531559505,0.603583217,0.603583217,0.998960306,0.797395962,0.809341217,0.303554013,0.781595238,0.000168829,0.465931909
0.557500122,0.614315307,0.612506023,0.621463267,0.620447109,0.999255529,0.797819837,0.809689365,0.303677038,0.78197573,0.000143852,0.466730413
0.477502072,0.537014828,0.53177365,0.617492325,0.617377016,0.999009183,0.797387108,0.809314527,0.303436306,0.781572782,0.000341128,0.459533815
0.497781894,0.554731792,0.553241608,0.610581012,0.610581012,0.999055748,0.797477306,0.809397202,0.303496489,0.781657133,0.000185481,0.464744219
0.516452981,0.575283471,0.566946839,0.61855893,0.618659825,0.999075853,0.797534026,0.809431704,0.303553772,0.781700501,0.000295104,0.472954044
0.489201969,0.534234627,0.525456395,0.617881492,0.617881492,0.998983184,0.797454065,0.809319344,0.303607912,0.781577834,0.00037524,0.454487809
0.512114269,0.563617532,0.555597195,0.612634947,0.612634947,0.999117104,0.797566121,0.809429881,0.303523318,0.781707659,0.000157034,0.465104887
0.577974943,0.639773223,0.629423417,0.632821171,0.632641001,0.99929366,0.797867011,0.809724909,0.303679697,0.78201559,0.000301349,0.477521955
0.521766685,0.583406018,0.570640827,0.630118624,0.629751077,0.999036105,0.797818177,0.809663976,0.304133124,0.781949484,0.000512732,0.47151808
0.450592307,0.502071522,0.489212485,0.608613557,0.608700039,0.999000285,0.797239776,0.809085379,0.303197266,0.78132829,0.000210805,0.46276138
0.523131673,0.580298735,0.57005193,0.619827325,0.619856152,0.999079782,0.797598078,0.809478054,0.303656977,0.781749624,0.000310253,0.469147732
0.506849315,0.571685565,0.557631565,0.627077358,0.627084564,0.999030559,0.797776122,0.8096464,0.304071249,0.781886045,0.000475613,0.465983913
0.485984498,0.54230266,0.534289844,0.611049453,0.612930426,0.998979602,0.797586734,0.809445375,0.303846952,0.781709764,0.000299383,0.463732669
0.525130405,0.589838639,0.575940896,0.607943326,0.60797936,0.99909411,0.797533749,0.809436522,0.303514858,0.781705413,0.000105345,0.463350192
0.482620777,0.541157872,0.533647412,0.615820349,0.616346445,0.99914703,0.797413531,0.80933627,0.303194124,0.781591308,0.000186637,0.470184444
0.489591966,0.55527693,0.53787676,0.603294945,0.603294945,0.998988615,0.79749031,0.80938965,0.303659636,0.781645062,0.000135873,0.460921131
0.530785356,0.588802878,0.568874137,0.631855461,0.633433748,0.999373272,0.797859956,0.809641062,0.303500598,0.781890116,0.00023428,0.499960578
0.520255448,0.566670301,0.561432625,0.613153836,0.612843944,0.999047775,0.797563077,0.809428449,0.303662778,0.781701624,0.000229654,0.461994749
0.589089845,0.651330135,0.640023556,0.630233932,0.629981695,0.999297242,0.797801715,0.809666971,0.303558122,0.781953133,0.000255094,0.479550087
0.400331497,0.446358482,0.436158253,0.628014241,0.627898932,0.99836466,0.796393824,0.808272687,0.303049104,0.780449691,0.001154977,0.461181148
0.525910398,0.594799389,0.577332834,0.603835455,0.603835455,0.999002365,0.797528354,0.809432746,0.303697582,0.78170022,0.000130669,0.47007876
0.624482036,0.685292194,0.668825954,0.629945661,0.629945661,0.999292735,0.797829936,0.809674652,0.303617097,0.78195959,0.000259141,0.486696359
0.438794911,0.482119494,0.481342684,0.589436285,0.589306563,0.998690041,0.797031435,0.80894047,0.30348247,0.781217553,0.000210112,0.460223279
0.584848633,0.652583951,0.63793565,0.621780366,0.621780366,0.999207577,0.797688552,0.8095744,0.303547971,0.781852923,0.000213349,0.47053337
0.544727734,0.603358046,0.588468333,0.606898341,0.606869514,0.999059792,0.797498334,0.809398504,0.303524768,0.78165994,0.000121997,0.468674668
0.525130405,0.551460968,0.574602495,0.623099209,0.623099209,0.999130045,0.797501793,0.809414258,0.303383857,0.781721835,0.000311987,0.472727578
0.367523034,0.417139119,0.40917608,0.596347598,0.596743972,0.998907501,0.797105724,0.809048403,0.303157385,0.781293763,0.00011182,0.456227406
0.441329888,0.49373092,0.492852936,0.606228109,0.606739792,0.99903183,0.797158155,0.809121835,0.30298868,0.781371237,0.000147783,0.465322966
0.429971238,0.473070214,0.469243536,0.566302483,0.566179968,0.998232012,0.7965875,0.808468114,0.303664953,0.780638042,0.000297417,0.457478842
0.400867742,0.428696031,0.440655281,0.601651797,0.60164459,0.99887353,0.797051494,0.808997756,0.303133699,0.781231307,0.00022445,0.462531559
0.518451714,0.580298735,0.568874137,0.614004238,0.614004238,0.999106704,0.797507326,0.809413607,0.303442348,0.781679589,0.000189413,0.464930424
0.574952469,0.629633668,0.616307083,0.62240015,0.62240015,0.999254143,0.797771556,0.809610595,0.303595586,0.781891519,0.000176577,0.47888243
0.454589772,0.507250327,0.503185395,0.607943326,0.607936119,0.998882774,0.797310468,0.809241356,0.303566823,0.78149643,0.000316035,0.459639499
0.499195632,0.545082861,0.54574656,0.616094207,0.616094207,0.998990233,0.797460014,0.809360096,0.303603562,0.781621904,0.000339509,0.46625064
0.435967435,0.49869167,0.486053857,0.603626458,0.603626458,0.998892711,0.797238946,0.809179252,0.303421079,0.781427799,0.000237055,0.464598274
0.488470726,0.548844309,0.539964666,0.603439081,0.603129189,0.998925642,0.79758369,0.809486257,0.303954508,0.781745694,0.000196235,0.462296704
0.503534344,0.567433493,0.552866856,0.642427824,0.62815117,0.998840484,0.798554148,0.810249995,0.305828158,0.782582609,0.000682833,0.463385421
0.554623897,0.611044483,0.600567482,0.618551723,0.618551723,0.999154772,0.797609006,0.809490684,0.30351945,0.781762957,0.000214274,0.47343214
0.523229172,0.572884867,0.569034745,0.620151631,0.620151631,0.999240508,0.797664066,0.809523233,0.303436306,0.781804221,0.000154143,0.484424985
0.545068981,0.612298299,0.598854328,0.605817322,0.604599374,0.999014267,0.79774209,0.809625698,0.304045871,0.781916361,0.000131016,0.461936036
0.556037635,0.613715656,0.598479576,0.634183254,0.633433748,0.999233575,0.797692149,0.809546929,0.303499631,0.781822887,0.0003742,0.467151472
0.474528348,0.539031836,0.528079662,0.61359345,0.612678188,0.999018657,0.797408136,0.809346425,0.303453225,0.781604922,0.000256366,0.474797648
0.473650856,0.535597471,0.52497457,0.613867309,0.613968204,0.99903183,0.797385033,0.809311272,0.303385307,0.781571518,0.000263767,0.461954489
0.59201482,0.583787614,0.631350715,0.622047017,0.622047017,0.999212546,0.797659224,0.809519718,0.303486579,0.781795519,0.000212656,0.484787331
0.520401696,0.586295246,0.567910488,0.610544978,0.610343187,0.999094803,0.797564737,0.809453968,0.303567307,0.781714957,0.00014258,0.462794931
0.654073027,0.706661579,0.68911612,0.61029274,0.610299947,0.999134782,0.797662406,0.809527399,0.303654802,0.781802115,0.000101876,0.469827131
0.494759421,0.5611099,0.550297125,0.615539284,0.615539284,0.999118259,0.797588394,0.809509432,0.303559814,0.781807729,0.00020248,0.461072109
0.530541608,0.580298735,0.588093581,0.619639949,0.615942865,0.999130623,0.797480211,0.809410352,0.303345185,0.781676922,0.000196582,0.466527432
0.471115878,0.543229394,0.523903849,0.608692832,0.608469422,0.998867522,0.797417128,0.809344472,0.303785077,0.781586817,0.000339971,0.455133657
0.492029445,0.560564762,0.544889983,0.611179175,0.611179175,0.999011609,0.797420172,0.809343561,0.303488996,0.781599027,0.000239368,0.466517367
0.45946473,0.538377671,0.520959366,0.601817553,0.601817553,0.998983762,0.797376456,0.809315829,0.303470869,0.781570817,0.000116908,0.471348649
0.431189977,0.463366768,0.474650677,0.595021548,0.592146038,0.998659999,0.79705938,0.809005047,0.303594135,0.781241553,0.000285738,0.448280953
0.284941257,0.314598779,0.306119171,0.605226365,0.605010162,0.998740997,0.796511967,0.808441293,0.302468302,0.780631446,0.000411088,0.461105659
0.47433335,0.53063672,0.524653354,0.599280762,0.59935283,0.998958111,0.797356258,0.809287446,0.303489238,0.781538115,0.000103032,0.461189536
0.547896456,0.611098997,0.595802773,0.622659594,0.62201819,0.999197178,0.797626022,0.80950787,0.303460476,0.781781203,0.000227457,0.47973797
0.533076586,0.612570868,0.590181487,0.609658542,0.609781058,0.998976945,0.797792308,0.809688974,0.304211676,0.781948361,0.000251509,0.466198636
0.472919612,0.519897514,0.52037047,0.613723173,0.613723173,0.998947596,0.797313373,0.809241356,0.303436306,0.781503027,0.000344134,0.460139403
0.611953395,0.647132577,0.655067188,0.625037836,0.625037836,0.99930325,0.797799778,0.80964692,0.30354217,0.781935309,0.000169754,0.479449435
0.532247843,0.590111208,0.577975266,0.606343418,0.606379452,0.999055055,0.797547168,0.809436912,0.303619997,0.781705834,0.000118759,0.462142372
0.438209916,0.49329481,0.484768992,0.619762464,0.619784085,0.998926104,0.797223175,0.809152952,0.303323433,0.781398044,0.000462893,0.462336965
0.54394774,0.606737898,0.590020879,0.620346214,0.620346214,0.999176495,0.797681082,0.809546148,0.303599936,0.781822466,0.000221328,0.46424096
0.542046507,0.604938945,0.587879437,0.609031551,0.609024345,0.999084173,0.797590607,0.809473498,0.303634982,0.781743168,0.000132057,0.465723896
0.476185833,0.541593982,0.526098828,0.601428386,0.601428386,0.998983184,0.797409243,0.809329369,0.30352936,0.781578255,0.000111358,0.465364904
0.502949349,0.564544265,0.550350661,0.610357601,0.610357601,0.999035643,0.797516595,0.809411524,0.303607429,0.78166822,0.000202017,0.455204113
0.496319407,0.560946358,0.54547888,0.603864282,0.603864282,0.99902767,0.797452405,0.809363611,0.303511958,0.781625694,0.000105923,0.471001401
0.499536879,0.551406454,0.548798116,0.606804653,0.606804653,0.998999708,0.797418512,0.809337832,0.303510991,0.781598606,0.000180971,0.460922809
0.448739824,0.500054514,0.500936881,0.606011906,0.606011906,0.998843488,0.797118451,0.809095795,0.303313765,0.781338535,0.000324592,0.46204172
0.518061717,0.567869603,0.565822582,0.612735842,0.612526845,0.999139635,0.797745272,0.809602784,0.303789186,0.781853344,0.000132751,0.478266777
0.491639448,0.549498474,0.53787676,0.613218697,0.61316825,0.998998552,0.797435804,0.809343821,0.303543379,0.781604361,0.000284235,0.462196053
0.477599571,0.531127344,0.526098828,0.595828709,0.595857536,0.998904843,0.797375488,0.809293955,0.303634257,0.781553413,0.000100257,0.463987653
0.49368693,0.539467946,0.543230366,0.604455239,0.604462445,0.998992082,0.797408966,0.809331062,0.303510266,0.781587799,0.000151021,0.463734347
0.472724614,0.533744003,0.52063815,0.610444083,0.610213465,0.998984455,0.797400942,0.80931687,0.303512199,0.781546395,0.000250931,0.472189091
0.50626432,0.559910597,0.554044649,0.607849637,0.607849637,0.999073773,0.797499856,0.809399415,0.303498181,0.781663308,0.000123615,0.476122896
0.493053186,0.570104666,0.54954762,0.62740887,0.62740887,0.998080298,0.801986652,0.813799565,0.313415329,0.786079039,0.001431695,0.427721161
